date,state,district,market,crop,modal_price,min_price,max_price,arrivals,unit,source
2022-01-01,Andhra Pradesh,Guntur,Guntur,Chilli,14017.06,13316.21,14717.92,626.3,Rs/quintal,SYNTHETIC_DEMO
2022-01-02,Andhra Pradesh,Guntur,Guntur,Chilli,13997.77,13297.88,14697.66,539.6,Rs/quintal,SYNTHETIC_DEMO
2022-01-03,Andhra Pradesh,Guntur,Guntur,Chilli,14078.74,13374.8,14782.67,577.9,Rs/quintal,SYNTHETIC_DEMO
2022-01-04,Andhra Pradesh,Guntur,Guntur,Chilli,14170.32,13461.81,14878.84,599.4,Rs/quintal,SYNTHETIC_DEMO
2022-01-05,Andhra Pradesh,Guntur,Guntur,Chilli,14099.95,13394.95,14804.95,590.4,Rs/quintal,SYNTHETIC_DEMO
2022-01-06,Andhra Pradesh,Guntur,Guntur,Chilli,14065.87,13362.57,14769.16,549.1,Rs/quintal,SYNTHETIC_DEMO
2022-01-07,Andhra Pradesh,Guntur,Guntur,Chilli,14111.81,13406.22,14817.41,547.9,Rs/quintal,SYNTHETIC_DEMO
2022-01-08,Andhra Pradesh,Guntur,Guntur,Chilli,14132.83,13426.19,14839.47,541.6,Rs/quintal,SYNTHETIC_DEMO
2022-01-09,Andhra Pradesh,Guntur,Guntur,Chilli,14170.54,13462.01,14879.06,412.2,Rs/quintal,SYNTHETIC_DEMO
2022-01-10,Andhra Pradesh,Guntur,Guntur,Chilli,14161.33,13453.26,14869.4,556.1,Rs/quintal,SYNTHETIC_DEMO
2022-01-11,Andhra Pradesh,Guntur,Guntur,Chilli,14249.04,13536.59,14961.49,391.5,Rs/quintal,SYNTHETIC_DEMO
2022-01-12,Andhra Pradesh,Guntur,Guntur,Chilli,14330.96,13614.41,15047.51,436.4,Rs/quintal,SYNTHETIC_DEMO
2022-01-13,Andhra Pradesh,Guntur,Guntur,Chilli,14372.9,13654.25,15091.54,604.3,Rs/quintal,SYNTHETIC_DEMO
2022-01-14,Andhra Pradesh,Guntur,Guntur,Chilli,14474.14,13750.43,15197.85,567.2,Rs/quintal,SYNTHETIC_DEMO
2022-01-15,Andhra Pradesh,Guntur,Guntur,Chilli,14538.3,13811.38,15265.21,619.0,Rs/quintal,SYNTHETIC_DEMO
2022-01-16,Andhra Pradesh,Guntur,Guntur,Chilli,14528.01,13801.61,15254.41,478.3,Rs/quintal,SYNTHETIC_DEMO
2022-01-17,Andhra Pradesh,Guntur,Guntur,Chilli,14586.33,13857.01,15315.64,407.8,Rs/quintal,SYNTHETIC_DEMO
2022-01-18,Andhra Pradesh,Guntur,Guntur,Chilli,14570.13,13841.63,15298.64,480.8,Rs/quintal,SYNTHETIC_DEMO
2022-01-19,Andhra Pradesh,Guntur,Guntur,Chilli,14656.65,13923.81,15389.48,508.2,Rs/quintal,SYNTHETIC_DEMO
2022-01-20,Andhra Pradesh,Guntur,Guntur,Chilli,14690.98,13956.43,15425.53,506.3,Rs/quintal,SYNTHETIC_DEMO
2022-01-21,Andhra Pradesh,Guntur,Guntur,Chilli,14717.56,13981.68,15453.44,590.7,Rs/quintal,SYNTHETIC_DEMO
2022-01-22,Andhra Pradesh,Guntur,Guntur,Chilli,14716.15,13980.34,15451.96,471.1,Rs/quintal,SYNTHETIC_DEMO
2022-01-23,Andhra Pradesh,Guntur,Guntur,Chilli,14821.12,14080.06,15562.17,528.2,Rs/quintal,SYNTHETIC_DEMO
2022-01-24,Andhra Pradesh,Guntur,Guntur,Chilli,14848.73,14106.3,15591.17,420.9,Rs/quintal,SYNTHETIC_DEMO
2022-01-25,Andhra Pradesh,Guntur,Guntur,Chilli,14860.78,14117.74,15603.82,536.0,Rs/quintal,SYNTHETIC_DEMO
2022-01-26,Andhra Pradesh,Guntur,Guntur,Chilli,14876.84,14133.0,15620.68,500.2,Rs/quintal,SYNTHETIC_DEMO
2022-01-27,Andhra Pradesh,Guntur,Guntur,Chilli,14942.17,14195.06,15689.28,440.0,Rs/quintal,SYNTHETIC_DEMO
2022-01-28,Andhra Pradesh,Guntur,Guntur,Chilli,14997.89,14248.0,15747.78,481.1,Rs/quintal,SYNTHETIC_DEMO
2022-01-29,Andhra Pradesh,Guntur,Guntur,Chilli,15055.98,14303.18,15808.78,485.3,Rs/quintal,SYNTHETIC_DEMO
2022-01-30,Andhra Pradesh,Guntur,Guntur,Chilli,15114.79,14359.05,15870.53,478.4,Rs/quintal,SYNTHETIC_DEMO
2022-01-31,Andhra Pradesh,Guntur,Guntur,Chilli,15269.11,14505.65,16032.56,641.7,Rs/quintal,SYNTHETIC_DEMO
2022-02-01,Andhra Pradesh,Guntur,Guntur,Chilli,15280.43,14516.41,16044.45,492.1,Rs/quintal,SYNTHETIC_DEMO
2022-02-02,Andhra Pradesh,Guntur,Guntur,Chilli,15285.51,14521.23,16049.78,480.5,Rs/quintal,SYNTHETIC_DEMO
2022-02-03,Andhra Pradesh,Guntur,Guntur,Chilli,15273.37,14509.71,16037.04,332.2,Rs/quintal,SYNTHETIC_DEMO
2022-02-04,Andhra Pradesh,Guntur,Guntur,Chilli,15340.97,14573.92,16108.02,428.5,Rs/quintal,SYNTHETIC_DEMO
2022-02-05,Andhra Pradesh,Guntur,Guntur,Chilli,15436.95,14665.11,16208.8,479.0,Rs/quintal,SYNTHETIC_DEMO
2022-02-06,Andhra Pradesh,Guntur,Guntur,Chilli,15462.98,14689.83,16236.13,445.1,Rs/quintal,SYNTHETIC_DEMO
2022-02-07,Andhra Pradesh,Guntur,Guntur,Chilli,15447.98,14675.58,16220.38,610.5,Rs/quintal,SYNTHETIC_DEMO
2022-02-08,Andhra Pradesh,Guntur,Guntur,Chilli,15433.48,14661.81,16205.16,486.8,Rs/quintal,SYNTHETIC_DEMO
2022-02-09,Andhra Pradesh,Guntur,Guntur,Chilli,15501.21,14726.15,16276.27,603.1,Rs/quintal,SYNTHETIC_DEMO
2022-02-10,Andhra Pradesh,Guntur,Guntur,Chilli,15573.74,14795.06,16352.43,504.9,Rs/quintal,SYNTHETIC_DEMO
2022-02-11,Andhra Pradesh,Guntur,Guntur,Chilli,15634.67,14852.94,16416.41,503.0,Rs/quintal,SYNTHETIC_DEMO
2022-02-12,Andhra Pradesh,Guntur,Guntur,Chilli,15627.52,14846.14,16408.89,492.9,Rs/quintal,SYNTHETIC_DEMO
2022-02-13,Andhra Pradesh,Guntur,Guntur,Chilli,15670.22,14886.71,16453.73,500.3,Rs/quintal,SYNTHETIC_DEMO
2022-02-14,Andhra Pradesh,Guntur,Guntur,Chilli,15706.03,14920.73,16491.33,637.5,Rs/quintal,SYNTHETIC_DEMO
2022-02-15,Andhra Pradesh,Guntur,Guntur,Chilli,15747.13,14959.77,16534.48,314.4,Rs/quintal,SYNTHETIC_DEMO
2022-02-16,Andhra Pradesh,Guntur,Guntur,Chilli,15824.34,15033.13,16615.56,339.9,Rs/quintal,SYNTHETIC_DEMO
2022-02-17,Andhra Pradesh,Guntur,Guntur,Chilli,15864.84,15071.6,16658.08,456.5,Rs/quintal,SYNTHETIC_DEMO
2022-02-18,Andhra Pradesh,Guntur,Guntur,Chilli,15930.38,15133.86,16726.9,501.2,Rs/quintal,SYNTHETIC_DEMO
2022-02-19,Andhra Pradesh,Guntur,Guntur,Chilli,15961.23,15163.17,16759.29,555.2,Rs/quintal,SYNTHETIC_DEMO
2022-02-20,Andhra Pradesh,Guntur,Guntur,Chilli,16004.02,15203.82,16804.22,537.8,Rs/quintal,SYNTHETIC_DEMO
2022-02-21,Andhra Pradesh,Guntur,Guntur,Chilli,16065.5,15262.23,16868.78,469.3,Rs/quintal,SYNTHETIC_DEMO
2022-02-22,Andhra Pradesh,Guntur,Guntur,Chilli,16009.55,15209.08,16810.03,581.5,Rs/quintal,SYNTHETIC_DEMO
2022-02-23,Andhra Pradesh,Guntur,Guntur,Chilli,16016.82,15215.98,16817.66,582.4,Rs/quintal,SYNTHETIC_DEMO
2022-02-24,Andhra Pradesh,Guntur,Guntur,Chilli,16015.15,15214.39,16815.91,514.7,Rs/quintal,SYNTHETIC_DEMO
2022-02-25,Andhra Pradesh,Guntur,Guntur,Chilli,16003.55,15203.37,16803.72,577.0,Rs/quintal,SYNTHETIC_DEMO
2022-02-26,Andhra Pradesh,Guntur,Guntur,Chilli,16011.81,15211.22,16812.4,521.8,Rs/quintal,SYNTHETIC_DEMO
2022-02-27,Andhra Pradesh,Guntur,Guntur,Chilli,16118.68,15312.75,16924.61,455.1,Rs/quintal,SYNTHETIC_DEMO
2022-02-28,Andhra Pradesh,Guntur,Guntur,Chilli,16092.83,15288.19,16897.48,555.8,Rs/quintal,SYNTHETIC_DEMO
2022-03-01,Andhra Pradesh,Guntur,Guntur,Chilli,16169.18,15360.72,16977.63,508.8,Rs/quintal,SYNTHETIC_DEMO
2022-03-02,Andhra Pradesh,Guntur,Guntur,Chilli,16096.52,15291.7,16901.35,500.1,Rs/quintal,SYNTHETIC_DEMO
2022-03-03,Andhra Pradesh,Guntur,Guntur,Chilli,16098.82,15293.88,16903.76,617.8,Rs/quintal,SYNTHETIC_DEMO
2022-03-04,Andhra Pradesh,Guntur,Guntur,Chilli,16128.45,15322.03,16934.87,303.9,Rs/quintal,SYNTHETIC_DEMO
2022-03-05,Andhra Pradesh,Guntur,Guntur,Chilli,16181.25,15372.19,16990.31,386.6,Rs/quintal,SYNTHETIC_DEMO
2022-03-06,Andhra Pradesh,Guntur,Guntur,Chilli,16240.5,15428.47,17052.52,405.0,Rs/quintal,SYNTHETIC_DEMO
2022-03-07,Andhra Pradesh,Guntur,Guntur,Chilli,16303.79,15488.6,17118.98,470.9,Rs/quintal,SYNTHETIC_DEMO
2022-03-08,Andhra Pradesh,Guntur,Guntur,Chilli,16302.56,15487.44,17117.69,479.6,Rs/quintal,SYNTHETIC_DEMO
2022-03-09,Andhra Pradesh,Guntur,Guntur,Chilli,16294.41,15479.69,17109.13,379.4,Rs/quintal,SYNTHETIC_DEMO
2022-03-10,Andhra Pradesh,Guntur,Guntur,Chilli,16359.63,15541.65,17177.61,421.2,Rs/quintal,SYNTHETIC_DEMO
2022-03-11,Andhra Pradesh,Guntur,Guntur,Chilli,16365.51,15547.24,17183.79,431.1,Rs/quintal,SYNTHETIC_DEMO
2022-03-12,Andhra Pradesh,Guntur,Guntur,Chilli,16310.1,15494.59,17125.6,696.6,Rs/quintal,SYNTHETIC_DEMO
2022-03-13,Andhra Pradesh,Guntur,Guntur,Chilli,16262.07,15448.97,17075.18,644.1,Rs/quintal,SYNTHETIC_DEMO
2022-03-14,Andhra Pradesh,Guntur,Guntur,Chilli,16225.44,15414.17,17036.71,467.1,Rs/quintal,SYNTHETIC_DEMO
2022-03-15,Andhra Pradesh,Guntur,Guntur,Chilli,16267.54,15454.17,17080.92,470.9,Rs/quintal,SYNTHETIC_DEMO
2022-03-16,Andhra Pradesh,Guntur,Guntur,Chilli,16289.2,15474.74,17103.65,408.1,Rs/quintal,SYNTHETIC_DEMO
2022-03-17,Andhra Pradesh,Guntur,Guntur,Chilli,16340.94,15523.89,17157.99,347.3,Rs/quintal,SYNTHETIC_DEMO
2022-03-18,Andhra Pradesh,Guntur,Guntur,Chilli,16329.5,15513.02,17145.97,490.6,Rs/quintal,SYNTHETIC_DEMO
2022-03-19,Andhra Pradesh,Guntur,Guntur,Chilli,16350.26,15532.74,17167.77,420.2,Rs/quintal,SYNTHETIC_DEMO
2022-03-20,Andhra Pradesh,Guntur,Guntur,Chilli,16396.57,15576.74,17216.39,493.2,Rs/quintal,SYNTHETIC_DEMO
2022-03-21,Andhra Pradesh,Guntur,Guntur,Chilli,16389.91,15570.42,17209.41,372.0,Rs/quintal,SYNTHETIC_DEMO
2022-03-22,Andhra Pradesh,Guntur,Guntur,Chilli,16425.55,15604.28,17246.83,439.0,Rs/quintal,SYNTHETIC_DEMO
2022-03-23,Andhra Pradesh,Guntur,Guntur,Chilli,16397.94,15578.04,17217.83,511.9,Rs/quintal,SYNTHETIC_DEMO
2022-03-24,Andhra Pradesh,Guntur,Guntur,Chilli,16386.45,15567.12,17205.77,529.3,Rs/quintal,SYNTHETIC_DEMO
2022-03-25,Andhra Pradesh,Guntur,Guntur,Chilli,16373.29,15554.63,17191.96,533.4,Rs/quintal,SYNTHETIC_DEMO
2022-03-26,Andhra Pradesh,Guntur,Guntur,Chilli,16313.93,15498.24,17129.63,394.4,Rs/quintal,SYNTHETIC_DEMO
2022-03-27,Andhra Pradesh,Guntur,Guntur,Chilli,16348.2,15530.79,17165.6,568.4,Rs/quintal,SYNTHETIC_DEMO
2022-03-28,Andhra Pradesh,Guntur,Guntur,Chilli,16328.28,15511.87,17144.69,436.0,Rs/quintal,SYNTHETIC_DEMO
2022-03-29,Andhra Pradesh,Guntur,Guntur,Chilli,16334.73,15518.0,17151.47,550.6,Rs/quintal,SYNTHETIC_DEMO
2022-03-30,Andhra Pradesh,Guntur,Guntur,Chilli,16366.79,15548.45,17185.13,499.1,Rs/quintal,SYNTHETIC_DEMO
2022-03-31,Andhra Pradesh,Guntur,Guntur,Chilli,16396.3,15576.49,17216.12,389.9,Rs/quintal,SYNTHETIC_DEMO
2022-04-01,Andhra Pradesh,Guntur,Guntur,Chilli,16437.45,15615.58,17259.33,474.7,Rs/quintal,SYNTHETIC_DEMO
2022-04-02,Andhra Pradesh,Guntur,Guntur,Chilli,16435.21,15613.44,17256.97,529.2,Rs/quintal,SYNTHETIC_DEMO
2022-04-03,Andhra Pradesh,Guntur,Guntur,Chilli,16414.14,15593.44,17234.85,549.0,Rs/quintal,SYNTHETIC_DEMO
2022-04-04,Andhra Pradesh,Guntur,Guntur,Chilli,16411.7,15591.12,17232.29,488.7,Rs/quintal,SYNTHETIC_DEMO
2022-04-05,Andhra Pradesh,Guntur,Guntur,Chilli,16318.61,15502.68,17134.54,622.5,Rs/quintal,SYNTHETIC_DEMO
2022-04-06,Andhra Pradesh,Guntur,Guntur,Chilli,16238.35,15426.44,17050.27,580.6,Rs/quintal,SYNTHETIC_DEMO
2022-04-07,Andhra Pradesh,Guntur,Guntur,Chilli,16164.44,15356.22,16972.66,479.5,Rs/quintal,SYNTHETIC_DEMO
2022-04-08,Andhra Pradesh,Guntur,Guntur,Chilli,16108.13,15302.72,16913.54,560.0,Rs/quintal,SYNTHETIC_DEMO
2022-04-09,Andhra Pradesh,Guntur,Guntur,Chilli,16129.44,15322.96,16935.91,654.7,Rs/quintal,SYNTHETIC_DEMO
2022-04-10,Andhra Pradesh,Guntur,Guntur,Chilli,16077.03,15273.18,16880.88,656.8,Rs/quintal,SYNTHETIC_DEMO
2022-04-11,Andhra Pradesh,Guntur,Guntur,Chilli,16053.54,15250.86,16856.21,401.8,Rs/quintal,SYNTHETIC_DEMO
2022-04-12,Andhra Pradesh,Guntur,Guntur,Chilli,16123.36,15317.19,16929.53,425.9,Rs/quintal,SYNTHETIC_DEMO
2022-04-13,Andhra Pradesh,Guntur,Guntur,Chilli,16099.86,15294.87,16904.86,618.8,Rs/quintal,SYNTHETIC_DEMO
2022-04-14,Andhra Pradesh,Guntur,Guntur,Chilli,16137.01,15330.16,16943.86,415.3,Rs/quintal,SYNTHETIC_DEMO
2022-04-15,Andhra Pradesh,Guntur,Guntur,Chilli,16079.96,15275.96,16883.96,394.2,Rs/quintal,SYNTHETIC_DEMO
2022-04-16,Andhra Pradesh,Guntur,Guntur,Chilli,16063.08,15259.93,16866.24,461.1,Rs/quintal,SYNTHETIC_DEMO
2022-04-17,Andhra Pradesh,Guntur,Guntur,Chilli,16003.9,15203.71,16804.1,533.6,Rs/quintal,SYNTHETIC_DEMO
2022-04-18,Andhra Pradesh,Guntur,Guntur,Chilli,15978.33,15179.42,16777.25,491.8,Rs/quintal,SYNTHETIC_DEMO
2022-04-19,Andhra Pradesh,Guntur,Guntur,Chilli,16018.21,15217.3,16819.12,448.0,Rs/quintal,SYNTHETIC_DEMO
2022-04-20,Andhra Pradesh,Guntur,Guntur,Chilli,15913.7,15118.02,16709.39,446.1,Rs/quintal,SYNTHETIC_DEMO
2022-04-21,Andhra Pradesh,Guntur,Guntur,Chilli,15929.66,15133.18,16726.14,443.0,Rs/quintal,SYNTHETIC_DEMO
2022-04-22,Andhra Pradesh,Guntur,Guntur,Chilli,15934.01,15137.31,16730.71,429.6,Rs/quintal,SYNTHETIC_DEMO
2022-04-23,Andhra Pradesh,Guntur,Guntur,Chilli,15891.19,15096.63,16685.75,682.5,Rs/quintal,SYNTHETIC_DEMO
2022-04-24,Andhra Pradesh,Guntur,Guntur,Chilli,15800.08,15010.08,16590.09,523.8,Rs/quintal,SYNTHETIC_DEMO
2022-04-25,Andhra Pradesh,Guntur,Guntur,Chilli,15793.41,15003.74,16583.08,570.9,Rs/quintal,SYNTHETIC_DEMO
2022-04-26,Andhra Pradesh,Guntur,Guntur,Chilli,15752.48,14964.85,16540.1,460.9,Rs/quintal,SYNTHETIC_DEMO
2022-04-27,Andhra Pradesh,Guntur,Guntur,Chilli,15753.65,14965.97,16541.33,485.1,Rs/quintal,SYNTHETIC_DEMO
2022-04-28,Andhra Pradesh,Guntur,Guntur,Chilli,15742.45,14955.33,16529.57,442.9,Rs/quintal,SYNTHETIC_DEMO
2022-04-29,Andhra Pradesh,Guntur,Guntur,Chilli,15819.17,15028.21,16610.12,287.9,Rs/quintal,SYNTHETIC_DEMO
2022-04-30,Andhra Pradesh,Guntur,Guntur,Chilli,15792.22,15002.61,16581.83,389.8,Rs/quintal,SYNTHETIC_DEMO
2022-05-01,Andhra Pradesh,Guntur,Guntur,Chilli,15720.81,14934.77,16506.85,355.2,Rs/quintal,SYNTHETIC_DEMO
2022-05-02,Andhra Pradesh,Guntur,Guntur,Chilli,15716.21,14930.4,16502.02,320.0,Rs/quintal,SYNTHETIC_DEMO
2022-05-03,Andhra Pradesh,Guntur,Guntur,Chilli,15713.34,14927.67,16499.01,404.4,Rs/quintal,SYNTHETIC_DEMO
2022-05-04,Andhra Pradesh,Guntur,Guntur,Chilli,15773.73,14985.05,16562.42,606.0,Rs/quintal,SYNTHETIC_DEMO
2022-05-05,Andhra Pradesh,Guntur,Guntur,Chilli,15804.25,15014.03,16594.46,496.4,Rs/quintal,SYNTHETIC_DEMO
2022-05-06,Andhra Pradesh,Guntur,Guntur,Chilli,15807.45,15017.08,16597.82,603.2,Rs/quintal,SYNTHETIC_DEMO
2022-05-07,Andhra Pradesh,Guntur,Guntur,Chilli,15872.1,15078.49,16665.7,532.9,Rs/quintal,SYNTHETIC_DEMO
2022-05-08,Andhra Pradesh,Guntur,Guntur,Chilli,15787.71,14998.33,16577.1,562.6,Rs/quintal,SYNTHETIC_DEMO
2022-05-09,Andhra Pradesh,Guntur,Guntur,Chilli,15733.56,14946.89,16520.24,427.9,Rs/quintal,SYNTHETIC_DEMO
2022-05-10,Andhra Pradesh,Guntur,Guntur,Chilli,15662.85,14879.71,16445.99,541.9,Rs/quintal,SYNTHETIC_DEMO
2022-05-11,Andhra Pradesh,Guntur,Guntur,Chilli,15621.7,14840.62,16402.79,558.3,Rs/quintal,SYNTHETIC_DEMO
2022-05-12,Andhra Pradesh,Guntur,Guntur,Chilli,15524.8,14748.56,16301.04,453.9,Rs/quintal,SYNTHETIC_DEMO
2022-05-13,Andhra Pradesh,Guntur,Guntur,Chilli,15540.08,14763.07,16317.08,544.8,Rs/quintal,SYNTHETIC_DEMO
2022-05-14,Andhra Pradesh,Guntur,Guntur,Chilli,15506.87,14731.53,16282.21,545.3,Rs/quintal,SYNTHETIC_DEMO
2022-05-15,Andhra Pradesh,Guntur,Guntur,Chilli,15403.27,14633.11,16173.43,456.0,Rs/quintal,SYNTHETIC_DEMO
2022-05-16,Andhra Pradesh,Guntur,Guntur,Chilli,15324.7,14558.47,16090.94,410.2,Rs/quintal,SYNTHETIC_DEMO
2022-05-17,Andhra Pradesh,Guntur,Guntur,Chilli,15320.11,14554.1,16086.11,405.3,Rs/quintal,SYNTHETIC_DEMO
2022-05-18,Andhra Pradesh,Guntur,Guntur,Chilli,15344.45,14577.23,16111.67,506.9,Rs/quintal,SYNTHETIC_DEMO
2022-05-19,Andhra Pradesh,Guntur,Guntur,Chilli,15433.23,14661.57,16204.89,526.2,Rs/quintal,SYNTHETIC_DEMO
2022-05-20,Andhra Pradesh,Guntur,Guntur,Chilli,15572.94,14794.29,16351.59,436.6,Rs/quintal,SYNTHETIC_DEMO
2022-05-21,Andhra Pradesh,Guntur,Guntur,Chilli,15572.26,14793.64,16350.87,502.1,Rs/quintal,SYNTHETIC_DEMO
2022-05-22,Andhra Pradesh,Guntur,Guntur,Chilli,15492.54,14717.91,16267.16,545.6,Rs/quintal,SYNTHETIC_DEMO
2022-05-23,Andhra Pradesh,Guntur,Guntur,Chilli,15348.43,14581.01,16115.85,549.5,Rs/quintal,SYNTHETIC_DEMO
2022-05-24,Andhra Pradesh,Guntur,Guntur,Chilli,15338.31,14571.39,16105.22,624.2,Rs/quintal,SYNTHETIC_DEMO
2022-05-25,Andhra Pradesh,Guntur,Guntur,Chilli,15267.28,14503.91,16030.64,602.2,Rs/quintal,SYNTHETIC_DEMO
2022-05-26,Andhra Pradesh,Guntur,Guntur,Chilli,15218.13,14457.23,15979.04,419.9,Rs/quintal,SYNTHETIC_DEMO
2022-05-27,Andhra Pradesh,Guntur,Guntur,Chilli,15157.59,14399.71,15915.47,634.7,Rs/quintal,SYNTHETIC_DEMO
2022-05-28,Andhra Pradesh,Guntur,Guntur,Chilli,15123.08,14366.93,15879.24,457.5,Rs/quintal,SYNTHETIC_DEMO
2022-05-29,Andhra Pradesh,Guntur,Guntur,Chilli,15155.79,14398.0,15913.58,583.6,Rs/quintal,SYNTHETIC_DEMO
2022-05-30,Andhra Pradesh,Guntur,Guntur,Chilli,15137.25,14380.39,15894.12,505.4,Rs/quintal,SYNTHETIC_DEMO
2022-05-31,Andhra Pradesh,Guntur,Guntur,Chilli,15100.7,14345.66,15855.73,467.0,Rs/quintal,SYNTHETIC_DEMO
2022-06-01,Andhra Pradesh,Guntur,Guntur,Chilli,15014.7,14263.96,15765.43,355.4,Rs/quintal,SYNTHETIC_DEMO
2022-06-02,Andhra Pradesh,Guntur,Guntur,Chilli,14892.59,14147.96,15637.22,486.3,Rs/quintal,SYNTHETIC_DEMO
2022-06-03,Andhra Pradesh,Guntur,Guntur,Chilli,14836.73,14094.89,15578.56,375.2,Rs/quintal,SYNTHETIC_DEMO
2022-06-04,Andhra Pradesh,Guntur,Guntur,Chilli,14804.78,14064.54,15545.02,577.4,Rs/quintal,SYNTHETIC_DEMO
2022-06-05,Andhra Pradesh,Guntur,Guntur,Chilli,14874.55,14130.82,15618.28,621.3,Rs/quintal,SYNTHETIC_DEMO
2022-06-06,Andhra Pradesh,Guntur,Guntur,Chilli,14852.33,14109.71,15594.95,436.2,Rs/quintal,SYNTHETIC_DEMO
2022-06-07,Andhra Pradesh,Guntur,Guntur,Chilli,14877.58,14133.7,15621.45,524.2,Rs/quintal,SYNTHETIC_DEMO
2022-06-08,Andhra Pradesh,Guntur,Guntur,Chilli,14819.56,14078.58,15560.54,442.0,Rs/quintal,SYNTHETIC_DEMO
2022-06-09,Andhra Pradesh,Guntur,Guntur,Chilli,14722.9,13986.75,15459.04,449.7,Rs/quintal,SYNTHETIC_DEMO
2022-06-10,Andhra Pradesh,Guntur,Guntur,Chilli,14638.3,13906.38,15370.21,562.0,Rs/quintal,SYNTHETIC_DEMO
2022-06-11,Andhra Pradesh,Guntur,Guntur,Chilli,14566.9,13838.55,15295.24,496.9,Rs/quintal,SYNTHETIC_DEMO
2022-06-12,Andhra Pradesh,Guntur,Guntur,Chilli,14655.08,13922.32,15387.83,639.2,Rs/quintal,SYNTHETIC_DEMO
2022-06-13,Andhra Pradesh,Guntur,Guntur,Chilli,14577.85,13848.96,15306.74,461.4,Rs/quintal,SYNTHETIC_DEMO
2022-06-14,Andhra Pradesh,Guntur,Guntur,Chilli,14593.37,13863.71,15323.04,579.9,Rs/quintal,SYNTHETIC_DEMO
2022-06-15,Andhra Pradesh,Guntur,Guntur,Chilli,14511.18,13785.62,15236.74,507.8,Rs/quintal,SYNTHETIC_DEMO
2022-06-16,Andhra Pradesh,Guntur,Guntur,Chilli,14531.54,13804.96,15258.12,563.7,Rs/quintal,SYNTHETIC_DEMO
2022-06-17,Andhra Pradesh,Guntur,Guntur,Chilli,14521.11,13795.05,15247.16,464.2,Rs/quintal,SYNTHETIC_DEMO
2022-06-18,Andhra Pradesh,Guntur,Guntur,Chilli,14480.19,13756.18,15204.2,496.0,Rs/quintal,SYNTHETIC_DEMO
2022-06-19,Andhra Pradesh,Guntur,Guntur,Chilli,14445.6,13723.32,15167.88,490.8,Rs/quintal,SYNTHETIC_DEMO
2022-06-20,Andhra Pradesh,Guntur,Guntur,Chilli,14376.48,13657.66,15095.31,433.1,Rs/quintal,SYNTHETIC_DEMO
2022-06-21,Andhra Pradesh,Guntur,Guntur,Chilli,14368.88,13650.44,15087.33,553.0,Rs/quintal,SYNTHETIC_DEMO
2022-06-22,Andhra Pradesh,Guntur,Guntur,Chilli,14310.7,13595.16,15026.23,552.0,Rs/quintal,SYNTHETIC_DEMO
2022-06-23,Andhra Pradesh,Guntur,Guntur,Chilli,14209.25,13498.79,14919.71,547.5,Rs/quintal,SYNTHETIC_DEMO
2022-06-24,Andhra Pradesh,Guntur,Guntur,Chilli,14104.77,13399.53,14810.01,623.0,Rs/quintal,SYNTHETIC_DEMO
2022-06-25,Andhra Pradesh,Guntur,Guntur,Chilli,14081.43,13377.36,14785.5,615.9,Rs/quintal,SYNTHETIC_DEMO
2022-06-26,Andhra Pradesh,Guntur,Guntur,Chilli,14136.77,13429.93,14843.61,470.0,Rs/quintal,SYNTHETIC_DEMO
2022-06-27,Andhra Pradesh,Guntur,Guntur,Chilli,14112.57,13406.94,14818.2,529.8,Rs/quintal,SYNTHETIC_DEMO
2022-06-28,Andhra Pradesh,Guntur,Guntur,Chilli,14072.71,13369.08,14776.35,450.1,Rs/quintal,SYNTHETIC_DEMO
2022-06-29,Andhra Pradesh,Guntur,Guntur,Chilli,14055.46,13352.68,14758.23,501.9,Rs/quintal,SYNTHETIC_DEMO
2022-06-30,Andhra Pradesh,Guntur,Guntur,Chilli,14095.29,13390.53,14800.05,452.0,Rs/quintal,SYNTHETIC_DEMO
2022-07-01,Andhra Pradesh,Guntur,Guntur,Chilli,14074.25,13370.54,14777.96,629.6,Rs/quintal,SYNTHETIC_DEMO
2022-07-02,Andhra Pradesh,Guntur,Guntur,Chilli,14017.89,13317.0,14718.79,529.1,Rs/quintal,SYNTHETIC_DEMO
2022-07-03,Andhra Pradesh,Guntur,Guntur,Chilli,14046.49,13344.17,14748.82,482.6,Rs/quintal,SYNTHETIC_DEMO
2022-07-04,Andhra Pradesh,Guntur,Guntur,Chilli,14037.16,13335.3,14739.02,595.5,Rs/quintal,SYNTHETIC_DEMO
2022-07-05,Andhra Pradesh,Guntur,Guntur,Chilli,14089.84,13385.34,14794.33,326.4,Rs/quintal,SYNTHETIC_DEMO
2022-07-06,Andhra Pradesh,Guntur,Guntur,Chilli,14066.8,13363.46,14770.13,338.9,Rs/quintal,SYNTHETIC_DEMO
2022-07-07,Andhra Pradesh,Guntur,Guntur,Chilli,13964.96,13266.71,14663.21,563.7,Rs/quintal,SYNTHETIC_DEMO
2022-07-08,Andhra Pradesh,Guntur,Guntur,Chilli,13855.13,13162.37,14547.89,504.8,Rs/quintal,SYNTHETIC_DEMO
2022-07-09,Andhra Pradesh,Guntur,Guntur,Chilli,13914.42,13218.7,14610.15,520.0,Rs/quintal,SYNTHETIC_DEMO
2022-07-10,Andhra Pradesh,Guntur,Guntur,Chilli,13977.86,13278.97,14676.75,393.9,Rs/quintal,SYNTHETIC_DEMO
2022-07-11,Andhra Pradesh,Guntur,Guntur,Chilli,13934.8,13238.06,14631.54,498.1,Rs/quintal,SYNTHETIC_DEMO
2022-07-12,Andhra Pradesh,Guntur,Guntur,Chilli,13880.43,13186.41,14574.45,660.3,Rs/quintal,SYNTHETIC_DEMO
2022-07-13,Andhra Pradesh,Guntur,Guntur,Chilli,13929.45,13232.98,14625.93,565.9,Rs/quintal,SYNTHETIC_DEMO
2022-07-14,Andhra Pradesh,Guntur,Guntur,Chilli,13834.75,13143.02,14526.49,513.6,Rs/quintal,SYNTHETIC_DEMO
2022-07-15,Andhra Pradesh,Guntur,Guntur,Chilli,13752.07,13064.47,14439.67,464.9,Rs/quintal,SYNTHETIC_DEMO
2022-07-16,Andhra Pradesh,Guntur,Guntur,Chilli,13755.65,13067.87,14443.43,468.4,Rs/quintal,SYNTHETIC_DEMO
2022-07-17,Andhra Pradesh,Guntur,Guntur,Chilli,13701.24,13016.18,14386.31,329.7,Rs/quintal,SYNTHETIC_DEMO
2022-07-18,Andhra Pradesh,Guntur,Guntur,Chilli,13668.81,12985.37,14352.25,520.6,Rs/quintal,SYNTHETIC_DEMO
2022-07-19,Andhra Pradesh,Guntur,Guntur,Chilli,13627.67,12946.28,14309.05,567.6,Rs/quintal,SYNTHETIC_DEMO
2022-07-20,Andhra Pradesh,Guntur,Guntur,Chilli,13614.76,12934.02,14295.5,374.0,Rs/quintal,SYNTHETIC_DEMO
2022-07-21,Andhra Pradesh,Guntur,Guntur,Chilli,13661.95,12978.85,14345.05,447.1,Rs/quintal,SYNTHETIC_DEMO
2022-07-22,Andhra Pradesh,Guntur,Guntur,Chilli,13635.59,12953.81,14317.37,407.4,Rs/quintal,SYNTHETIC_DEMO
2022-07-23,Andhra Pradesh,Guntur,Guntur,Chilli,13640.42,12958.4,14322.44,422.8,Rs/quintal,SYNTHETIC_DEMO
2022-07-24,Andhra Pradesh,Guntur,Guntur,Chilli,13494.6,12819.87,14169.33,504.3,Rs/quintal,SYNTHETIC_DEMO
2022-07-25,Andhra Pradesh,Guntur,Guntur,Chilli,13461.08,12788.03,14134.14,333.2,Rs/quintal,SYNTHETIC_DEMO
2022-07-26,Andhra Pradesh,Guntur,Guntur,Chilli,13383.31,12714.14,14052.48,549.1,Rs/quintal,SYNTHETIC_DEMO
2022-07-27,Andhra Pradesh,Guntur,Guntur,Chilli,13284.75,12620.51,13948.99,560.3,Rs/quintal,SYNTHETIC_DEMO
2022-07-28,Andhra Pradesh,Guntur,Guntur,Chilli,13205.52,12545.24,13865.79,479.9,Rs/quintal,SYNTHETIC_DEMO
2022-07-29,Andhra Pradesh,Guntur,Guntur,Chilli,13157.02,12499.17,13814.87,301.5,Rs/quintal,SYNTHETIC_DEMO
2022-07-30,Andhra Pradesh,Guntur,Guntur,Chilli,13178.8,12519.86,13837.73,420.3,Rs/quintal,SYNTHETIC_DEMO
2022-07-31,Andhra Pradesh,Guntur,Guntur,Chilli,13075.29,12421.52,13729.05,598.6,Rs/quintal,SYNTHETIC_DEMO
2022-08-01,Andhra Pradesh,Guntur,Guntur,Chilli,13048.06,12395.66,13700.47,277.8,Rs/quintal,SYNTHETIC_DEMO
2022-08-02,Andhra Pradesh,Guntur,Guntur,Chilli,12992.32,12342.7,13641.93,472.2,Rs/quintal,SYNTHETIC_DEMO
2022-08-03,Andhra Pradesh,Guntur,Guntur,Chilli,12945.64,12298.36,13592.92,405.6,Rs/quintal,SYNTHETIC_DEMO
2022-08-04,Andhra Pradesh,Guntur,Guntur,Chilli,12973.79,12325.1,13622.48,564.4,Rs/quintal,SYNTHETIC_DEMO
2022-08-05,Andhra Pradesh,Guntur,Guntur,Chilli,12976.26,12327.44,13625.07,446.0,Rs/quintal,SYNTHETIC_DEMO
2022-08-06,Andhra Pradesh,Guntur,Guntur,Chilli,13023.82,12372.63,13675.01,532.3,Rs/quintal,SYNTHETIC_DEMO
2022-08-07,Andhra Pradesh,Guntur,Guntur,Chilli,12988.18,12338.77,13637.59,545.2,Rs/quintal,SYNTHETIC_DEMO
2022-08-08,Andhra Pradesh,Guntur,Guntur,Chilli,12922.58,12276.45,13568.71,646.9,Rs/quintal,SYNTHETIC_DEMO
2022-08-09,Andhra Pradesh,Guntur,Guntur,Chilli,12883.78,12239.6,13527.97,483.8,Rs/quintal,SYNTHETIC_DEMO
2022-08-10,Andhra Pradesh,Guntur,Guntur,Chilli,12871.48,12227.9,13515.05,530.1,Rs/quintal,SYNTHETIC_DEMO
2022-08-11,Andhra Pradesh,Guntur,Guntur,Chilli,12855.86,12213.07,13498.65,381.2,Rs/quintal,SYNTHETIC_DEMO
2022-08-12,Andhra Pradesh,Guntur,Guntur,Chilli,12770.02,12131.52,13408.52,595.2,Rs/quintal,SYNTHETIC_DEMO
2022-08-13,Andhra Pradesh,Guntur,Guntur,Chilli,12750.38,12112.86,13387.9,439.2,Rs/quintal,SYNTHETIC_DEMO
2022-08-14,Andhra Pradesh,Guntur,Guntur,Chilli,12738.85,12101.91,13375.79,455.1,Rs/quintal,SYNTHETIC_DEMO
2022-08-15,Andhra Pradesh,Guntur,Guntur,Chilli,12855.94,12213.14,13498.74,498.2,Rs/quintal,SYNTHETIC_DEMO
2022-08-16,Andhra Pradesh,Guntur,Guntur,Chilli,12937.58,12290.7,13584.46,375.0,Rs/quintal,SYNTHETIC_DEMO
2022-08-17,Andhra Pradesh,Guntur,Guntur,Chilli,12866.76,12223.42,13510.1,518.3,Rs/quintal,SYNTHETIC_DEMO
2022-08-18,Andhra Pradesh,Guntur,Guntur,Chilli,12828.07,12186.67,13469.47,577.4,Rs/quintal,SYNTHETIC_DEMO
2022-08-19,Andhra Pradesh,Guntur,Guntur,Chilli,12723.97,12087.77,13360.17,523.4,Rs/quintal,SYNTHETIC_DEMO
2022-08-20,Andhra Pradesh,Guntur,Guntur,Chilli,12669.19,12035.73,13302.65,372.9,Rs/quintal,SYNTHETIC_DEMO
2022-08-21,Andhra Pradesh,Guntur,Guntur,Chilli,12665.63,12032.35,13298.92,490.1,Rs/quintal,SYNTHETIC_DEMO
2022-08-22,Andhra Pradesh,Guntur,Guntur,Chilli,12712.4,12076.78,13348.02,559.4,Rs/quintal,SYNTHETIC_DEMO
2022-08-23,Andhra Pradesh,Guntur,Guntur,Chilli,12651.28,12018.71,13283.84,349.8,Rs/quintal,SYNTHETIC_DEMO
2022-08-24,Andhra Pradesh,Guntur,Guntur,Chilli,12594.84,11965.09,13224.58,414.0,Rs/quintal,SYNTHETIC_DEMO
2022-08-25,Andhra Pradesh,Guntur,Guntur,Chilli,12455.27,11832.51,13078.03,570.1,Rs/quintal,SYNTHETIC_DEMO
2022-08-26,Andhra Pradesh,Guntur,Guntur,Chilli,12427.34,11805.97,13048.7,521.6,Rs/quintal,SYNTHETIC_DEMO
2022-08-27,Andhra Pradesh,Guntur,Guntur,Chilli,12349.52,11732.04,12966.99,533.0,Rs/quintal,SYNTHETIC_DEMO
2022-08-28,Andhra Pradesh,Guntur,Guntur,Chilli,12302.06,11686.95,12917.16,648.8,Rs/quintal,SYNTHETIC_DEMO
2022-08-29,Andhra Pradesh,Guntur,Guntur,Chilli,12235.65,11623.87,12847.43,537.5,Rs/quintal,SYNTHETIC_DEMO
2022-08-30,Andhra Pradesh,Guntur,Guntur,Chilli,12213.59,11602.91,12824.27,552.6,Rs/quintal,SYNTHETIC_DEMO
2022-08-31,Andhra Pradesh,Guntur,Guntur,Chilli,12098.91,11493.96,12703.85,716.9,Rs/quintal,SYNTHETIC_DEMO
2022-09-01,Andhra Pradesh,Guntur,Guntur,Chilli,12001.03,11400.98,12601.08,482.9,Rs/quintal,SYNTHETIC_DEMO
2022-09-02,Andhra Pradesh,Guntur,Guntur,Chilli,12105.08,11499.83,12710.34,436.2,Rs/quintal,SYNTHETIC_DEMO
2022-09-03,Andhra Pradesh,Guntur,Guntur,Chilli,12018.35,11417.43,12619.26,534.2,Rs/quintal,SYNTHETIC_DEMO
2022-09-04,Andhra Pradesh,Guntur,Guntur,Chilli,11942.83,11345.69,12539.97,535.1,Rs/quintal,SYNTHETIC_DEMO
2022-09-05,Andhra Pradesh,Guntur,Guntur,Chilli,12032.16,11430.55,12633.76,457.9,Rs/quintal,SYNTHETIC_DEMO
2022-09-06,Andhra Pradesh,Guntur,Guntur,Chilli,12181.86,11572.76,12790.95,417.4,Rs/quintal,SYNTHETIC_DEMO
2022-09-07,Andhra Pradesh,Guntur,Guntur,Chilli,12103.83,11498.63,12709.02,684.8,Rs/quintal,SYNTHETIC_DEMO
2022-09-08,Andhra Pradesh,Guntur,Guntur,Chilli,12071.35,11467.78,12674.91,526.1,Rs/quintal,SYNTHETIC_DEMO
2022-09-09,Andhra Pradesh,Guntur,Guntur,Chilli,12079.19,11475.23,12683.15,441.4,Rs/quintal,SYNTHETIC_DEMO
2022-09-10,Andhra Pradesh,Guntur,Guntur,Chilli,12165.29,11557.02,12773.55,573.3,Rs/quintal,SYNTHETIC_DEMO
2022-09-11,Andhra Pradesh,Guntur,Guntur,Chilli,12099.89,11494.9,12704.89,491.3,Rs/quintal,SYNTHETIC_DEMO
2022-09-12,Andhra Pradesh,Guntur,Guntur,Chilli,12076.61,11472.78,12680.44,479.8,Rs/quintal,SYNTHETIC_DEMO
2022-09-13,Andhra Pradesh,Guntur,Guntur,Chilli,12111.18,11505.62,12716.74,545.0,Rs/quintal,SYNTHETIC_DEMO
2022-09-14,Andhra Pradesh,Guntur,Guntur,Chilli,12127.16,11520.8,12733.51,396.6,Rs/quintal,SYNTHETIC_DEMO
2022-09-15,Andhra Pradesh,Guntur,Guntur,Chilli,12098.31,11493.4,12703.23,528.2,Rs/quintal,SYNTHETIC_DEMO
2022-09-16,Andhra Pradesh,Guntur,Guntur,Chilli,12083.64,11479.46,12687.82,653.0,Rs/quintal,SYNTHETIC_DEMO
2022-09-17,Andhra Pradesh,Guntur,Guntur,Chilli,12000.06,11400.06,12600.07,537.3,Rs/quintal,SYNTHETIC_DEMO
2022-09-18,Andhra Pradesh,Guntur,Guntur,Chilli,11980.75,11381.71,12579.78,469.9,Rs/quintal,SYNTHETIC_DEMO
2022-09-19,Andhra Pradesh,Guntur,Guntur,Chilli,11960.45,11362.43,12558.48,459.4,Rs/quintal,SYNTHETIC_DEMO
2022-09-20,Andhra Pradesh,Guntur,Guntur,Chilli,11968.69,11370.26,12567.12,467.2,Rs/quintal,SYNTHETIC_DEMO
2022-09-21,Andhra Pradesh,Guntur,Guntur,Chilli,11933.43,11336.76,12530.11,479.7,Rs/quintal,SYNTHETIC_DEMO
2022-09-22,Andhra Pradesh,Guntur,Guntur,Chilli,11956.3,11358.48,12554.11,469.8,Rs/quintal,SYNTHETIC_DEMO
2022-09-23,Andhra Pradesh,Guntur,Guntur,Chilli,12010.08,11409.57,12610.58,573.3,Rs/quintal,SYNTHETIC_DEMO
2022-09-24,Andhra Pradesh,Guntur,Guntur,Chilli,12016.46,11415.64,12617.29,361.3,Rs/quintal,SYNTHETIC_DEMO
2022-09-25,Andhra Pradesh,Guntur,Guntur,Chilli,12034.46,11432.74,12636.18,569.0,Rs/quintal,SYNTHETIC_DEMO
2022-09-26,Andhra Pradesh,Guntur,Guntur,Chilli,12036.36,11434.54,12638.17,469.6,Rs/quintal,SYNTHETIC_DEMO
2022-09-27,Andhra Pradesh,Guntur,Guntur,Chilli,12035.9,11434.1,12637.69,530.2,Rs/quintal,SYNTHETIC_DEMO
2022-09-28,Andhra Pradesh,Guntur,Guntur,Chilli,11995.65,11395.87,12595.43,409.8,Rs/quintal,SYNTHETIC_DEMO
2022-09-29,Andhra Pradesh,Guntur,Guntur,Chilli,12014.15,11413.44,12614.86,606.3,Rs/quintal,SYNTHETIC_DEMO
2022-09-30,Andhra Pradesh,Guntur,Guntur,Chilli,12010.1,11409.6,12610.61,599.7,Rs/quintal,SYNTHETIC_DEMO
2022-10-01,Andhra Pradesh,Guntur,Guntur,Chilli,12129.34,11522.88,12735.81,576.8,Rs/quintal,SYNTHETIC_DEMO
2022-10-02,Andhra Pradesh,Guntur,Guntur,Chilli,12220.1,11609.09,12831.1,378.8,Rs/quintal,SYNTHETIC_DEMO
2022-10-03,Andhra Pradesh,Guntur,Guntur,Chilli,12244.97,11632.72,12857.22,566.3,Rs/quintal,SYNTHETIC_DEMO
2022-10-04,Andhra Pradesh,Guntur,Guntur,Chilli,12206.13,11595.82,12816.43,532.4,Rs/quintal,SYNTHETIC_DEMO
2022-10-05,Andhra Pradesh,Guntur,Guntur,Chilli,12148.34,11540.93,12755.76,371.6,Rs/quintal,SYNTHETIC_DEMO
2022-10-06,Andhra Pradesh,Guntur,Guntur,Chilli,12220.18,11609.17,12831.19,498.1,Rs/quintal,SYNTHETIC_DEMO
2022-10-07,Andhra Pradesh,Guntur,Guntur,Chilli,12240.65,11628.61,12852.68,529.2,Rs/quintal,SYNTHETIC_DEMO
2022-10-08,Andhra Pradesh,Guntur,Guntur,Chilli,12273.91,11660.21,12887.6,544.5,Rs/quintal,SYNTHETIC_DEMO
2022-10-09,Andhra Pradesh,Guntur,Guntur,Chilli,12183.2,11574.04,12792.36,514.2,Rs/quintal,SYNTHETIC_DEMO
2022-10-10,Andhra Pradesh,Guntur,Guntur,Chilli,12242.74,11630.61,12854.88,523.3,Rs/quintal,SYNTHETIC_DEMO
2022-10-11,Andhra Pradesh,Guntur,Guntur,Chilli,12276.42,11662.6,12890.24,617.9,Rs/quintal,SYNTHETIC_DEMO
2022-10-12,Andhra Pradesh,Guntur,Guntur,Chilli,12223.07,11611.92,12834.22,598.1,Rs/quintal,SYNTHETIC_DEMO
2022-10-13,Andhra Pradesh,Guntur,Guntur,Chilli,12206.12,11595.81,12816.42,270.6,Rs/quintal,SYNTHETIC_DEMO
2022-10-14,Andhra Pradesh,Guntur,Guntur,Chilli,12230.95,11619.4,12842.49,474.6,Rs/quintal,SYNTHETIC_DEMO
2022-10-15,Andhra Pradesh,Guntur,Guntur,Chilli,12244.56,11632.33,12856.78,486.8,Rs/quintal,SYNTHETIC_DEMO
2022-10-16,Andhra Pradesh,Guntur,Guntur,Chilli,12239.47,11627.5,12851.44,359.8,Rs/quintal,SYNTHETIC_DEMO
2022-10-17,Andhra Pradesh,Guntur,Guntur,Chilli,12245.56,11633.28,12857.83,507.5,Rs/quintal,SYNTHETIC_DEMO
2022-10-18,Andhra Pradesh,Guntur,Guntur,Chilli,12243.93,11631.73,12856.12,599.9,Rs/quintal,SYNTHETIC_DEMO
2022-10-19,Andhra Pradesh,Guntur,Guntur,Chilli,12265.55,11652.27,12878.83,413.1,Rs/quintal,SYNTHETIC_DEMO
2022-10-20,Andhra Pradesh,Guntur,Guntur,Chilli,12361.63,11743.55,12979.71,526.9,Rs/quintal,SYNTHETIC_DEMO
2022-10-21,Andhra Pradesh,Guntur,Guntur,Chilli,12232.16,11620.55,12843.77,426.7,Rs/quintal,SYNTHETIC_DEMO
2022-10-22,Andhra Pradesh,Guntur,Guntur,Chilli,12233.75,11622.06,12845.44,446.2,Rs/quintal,SYNTHETIC_DEMO
2022-10-23,Andhra Pradesh,Guntur,Guntur,Chilli,12259.08,11646.12,12872.03,618.2,Rs/quintal,SYNTHETIC_DEMO
2022-10-24,Andhra Pradesh,Guntur,Guntur,Chilli,12291.67,11677.09,12906.26,456.6,Rs/quintal,SYNTHETIC_DEMO
2022-10-25,Andhra Pradesh,Guntur,Guntur,Chilli,12287.44,11673.07,12901.82,537.0,Rs/quintal,SYNTHETIC_DEMO
2022-10-26,Andhra Pradesh,Guntur,Guntur,Chilli,12206.24,11595.93,12816.55,350.3,Rs/quintal,SYNTHETIC_DEMO
2022-10-27,Andhra Pradesh,Guntur,Guntur,Chilli,12242.35,11630.23,12854.46,649.0,Rs/quintal,SYNTHETIC_DEMO
2022-10-28,Andhra Pradesh,Guntur,Guntur,Chilli,12357.38,11739.51,12975.25,548.2,Rs/quintal,SYNTHETIC_DEMO
2022-10-29,Andhra Pradesh,Guntur,Guntur,Chilli,12290.35,11675.83,12904.87,485.4,Rs/quintal,SYNTHETIC_DEMO
2022-10-30,Andhra Pradesh,Guntur,Guntur,Chilli,12358.14,11740.24,12976.05,546.0,Rs/quintal,SYNTHETIC_DEMO
2022-10-31,Andhra Pradesh,Guntur,Guntur,Chilli,12359.71,11741.73,12977.7,387.2,Rs/quintal,SYNTHETIC_DEMO
2022-11-01,Andhra Pradesh,Guntur,Guntur,Chilli,12376.79,11757.95,12995.63,594.6,Rs/quintal,SYNTHETIC_DEMO
2022-11-02,Andhra Pradesh,Guntur,Guntur,Chilli,12338.89,11721.94,12955.83,474.1,Rs/quintal,SYNTHETIC_DEMO
2022-11-03,Andhra Pradesh,Guntur,Guntur,Chilli,12341.74,11724.66,12958.83,483.7,Rs/quintal,SYNTHETIC_DEMO
2022-11-04,Andhra Pradesh,Guntur,Guntur,Chilli,12436.66,11814.83,13058.5,460.7,Rs/quintal,SYNTHETIC_DEMO
2022-11-05,Andhra Pradesh,Guntur,Guntur,Chilli,12491.93,11867.34,13116.53,453.5,Rs/quintal,SYNTHETIC_DEMO
2022-11-06,Andhra Pradesh,Guntur,Guntur,Chilli,12612.1,11981.5,13242.71,555.6,Rs/quintal,SYNTHETIC_DEMO
2022-11-07,Andhra Pradesh,Guntur,Guntur,Chilli,12701.7,12066.62,13336.79,520.5,Rs/quintal,SYNTHETIC_DEMO
2022-11-08,Andhra Pradesh,Guntur,Guntur,Chilli,12750.47,12112.94,13387.99,552.1,Rs/quintal,SYNTHETIC_DEMO
2022-11-09,Andhra Pradesh,Guntur,Guntur,Chilli,12872.8,12229.16,13516.44,499.3,Rs/quintal,SYNTHETIC_DEMO
2022-11-10,Andhra Pradesh,Guntur,Guntur,Chilli,12922.55,12276.42,13568.68,541.1,Rs/quintal,SYNTHETIC_DEMO
2022-11-11,Andhra Pradesh,Guntur,Guntur,Chilli,12994.57,12344.84,13644.29,466.5,Rs/quintal,SYNTHETIC_DEMO
2022-11-12,Andhra Pradesh,Guntur,Guntur,Chilli,13004.09,12353.88,13654.29,678.4,Rs/quintal,SYNTHETIC_DEMO
2022-11-13,Andhra Pradesh,Guntur,Guntur,Chilli,13034.41,12382.69,13686.13,374.6,Rs/quintal,SYNTHETIC_DEMO
2022-11-14,Andhra Pradesh,Guntur,Guntur,Chilli,13022.42,12371.3,13673.54,600.9,Rs/quintal,SYNTHETIC_DEMO
2022-11-15,Andhra Pradesh,Guntur,Guntur,Chilli,13105.36,12450.1,13760.63,609.4,Rs/quintal,SYNTHETIC_DEMO
2022-11-16,Andhra Pradesh,Guntur,Guntur,Chilli,13067.35,12413.98,13720.72,431.8,Rs/quintal,SYNTHETIC_DEMO
2022-11-17,Andhra Pradesh,Guntur,Guntur,Chilli,13139.58,12482.6,13796.56,678.3,Rs/quintal,SYNTHETIC_DEMO
2022-11-18,Andhra Pradesh,Guntur,Guntur,Chilli,13157.76,12499.87,13815.64,579.6,Rs/quintal,SYNTHETIC_DEMO
2022-11-19,Andhra Pradesh,Guntur,Guntur,Chilli,13252.62,12589.99,13915.26,577.7,Rs/quintal,SYNTHETIC_DEMO
2022-11-20,Andhra Pradesh,Guntur,Guntur,Chilli,13324.37,12658.15,13990.59,502.2,Rs/quintal,SYNTHETIC_DEMO
2022-11-21,Andhra Pradesh,Guntur,Guntur,Chilli,13456.44,12783.62,14129.26,482.6,Rs/quintal,SYNTHETIC_DEMO
2022-11-22,Andhra Pradesh,Guntur,Guntur,Chilli,13527.88,12851.48,14204.27,483.2,Rs/quintal,SYNTHETIC_DEMO
2022-11-23,Andhra Pradesh,Guntur,Guntur,Chilli,13470.75,12797.21,14144.29,531.2,Rs/quintal,SYNTHETIC_DEMO
2022-11-24,Andhra Pradesh,Guntur,Guntur,Chilli,13498.3,12823.38,14173.21,612.1,Rs/quintal,SYNTHETIC_DEMO
2022-11-25,Andhra Pradesh,Guntur,Guntur,Chilli,13464.34,12791.13,14137.56,514.5,Rs/quintal,SYNTHETIC_DEMO
2022-11-26,Andhra Pradesh,Guntur,Guntur,Chilli,13467.36,12794.0,14140.73,427.1,Rs/quintal,SYNTHETIC_DEMO
2022-11-27,Andhra Pradesh,Guntur,Guntur,Chilli,13584.4,12905.18,14263.62,566.0,Rs/quintal,SYNTHETIC_DEMO
2022-11-28,Andhra Pradesh,Guntur,Guntur,Chilli,13652.86,12970.22,14335.5,573.7,Rs/quintal,SYNTHETIC_DEMO
2022-11-29,Andhra Pradesh,Guntur,Guntur,Chilli,13646.82,12964.48,14329.17,552.4,Rs/quintal,SYNTHETIC_DEMO
2022-11-30,Andhra Pradesh,Guntur,Guntur,Chilli,13623.49,12942.32,14304.67,559.6,Rs/quintal,SYNTHETIC_DEMO
2022-12-01,Andhra Pradesh,Guntur,Guntur,Chilli,13659.09,12976.14,14342.05,478.3,Rs/quintal,SYNTHETIC_DEMO
2022-12-02,Andhra Pradesh,Guntur,Guntur,Chilli,13625.05,12943.79,14306.3,425.7,Rs/quintal,SYNTHETIC_DEMO
2022-12-03,Andhra Pradesh,Guntur,Guntur,Chilli,13621.85,12940.76,14302.94,430.5,Rs/quintal,SYNTHETIC_DEMO
2022-12-04,Andhra Pradesh,Guntur,Guntur,Chilli,13674.01,12990.31,14357.71,369.2,Rs/quintal,SYNTHETIC_DEMO
2022-12-05,Andhra Pradesh,Guntur,Guntur,Chilli,13773.68,13085.0,14462.36,519.0,Rs/quintal,SYNTHETIC_DEMO
2022-12-06,Andhra Pradesh,Guntur,Guntur,Chilli,13843.02,13150.87,14535.17,493.3,Rs/quintal,SYNTHETIC_DEMO
2022-12-07,Andhra Pradesh,Guntur,Guntur,Chilli,13750.23,13062.72,14437.75,464.8,Rs/quintal,SYNTHETIC_DEMO
2022-12-08,Andhra Pradesh,Guntur,Guntur,Chilli,13803.06,13112.91,14493.21,263.6,Rs/quintal,SYNTHETIC_DEMO
2022-12-09,Andhra Pradesh,Guntur,Guntur,Chilli,13843.13,13150.97,14535.28,400.2,Rs/quintal,SYNTHETIC_DEMO
2022-12-10,Andhra Pradesh,Guntur,Guntur,Chilli,13902.57,13207.45,14597.7,589.7,Rs/quintal,SYNTHETIC_DEMO
2022-12-11,Andhra Pradesh,Guntur,Guntur,Chilli,14029.58,13328.11,14731.06,446.8,Rs/quintal,SYNTHETIC_DEMO
2022-12-12,Andhra Pradesh,Guntur,Guntur,Chilli,13950.76,13253.23,14648.3,528.8,Rs/quintal,SYNTHETIC_DEMO
2022-12-13,Andhra Pradesh,Guntur,Guntur,Chilli,13954.59,13256.86,14652.32,388.7,Rs/quintal,SYNTHETIC_DEMO
2022-12-14,Andhra Pradesh,Guntur,Guntur,Chilli,14024.82,13323.58,14726.06,615.1,Rs/quintal,SYNTHETIC_DEMO
2022-12-15,Andhra Pradesh,Guntur,Guntur,Chilli,13973.57,13274.89,14672.25,488.5,Rs/quintal,SYNTHETIC_DEMO
2022-12-16,Andhra Pradesh,Guntur,Guntur,Chilli,14093.72,13389.04,14798.41,523.2,Rs/quintal,SYNTHETIC_DEMO
2022-12-17,Andhra Pradesh,Guntur,Guntur,Chilli,14152.02,13444.42,14859.62,686.1,Rs/quintal,SYNTHETIC_DEMO
2022-12-18,Andhra Pradesh,Guntur,Guntur,Chilli,14237.26,13525.4,14949.12,621.3,Rs/quintal,SYNTHETIC_DEMO
2022-12-19,Andhra Pradesh,Guntur,Guntur,Chilli,14243.26,13531.1,14955.43,475.5,Rs/quintal,SYNTHETIC_DEMO
2022-12-20,Andhra Pradesh,Guntur,Guntur,Chilli,14326.95,13610.6,15043.3,452.5,Rs/quintal,SYNTHETIC_DEMO
2022-12-21,Andhra Pradesh,Guntur,Guntur,Chilli,14425.03,13703.78,15146.28,474.0,Rs/quintal,SYNTHETIC_DEMO
2022-12-22,Andhra Pradesh,Guntur,Guntur,Chilli,14476.43,13752.61,15200.25,540.8,Rs/quintal,SYNTHETIC_DEMO
2022-12-23,Andhra Pradesh,Guntur,Guntur,Chilli,14528.02,13801.62,15254.42,491.6,Rs/quintal,SYNTHETIC_DEMO
2022-12-24,Andhra Pradesh,Guntur,Guntur,Chilli,14581.73,13852.64,15310.81,468.4,Rs/quintal,SYNTHETIC_DEMO
2022-12-25,Andhra Pradesh,Guntur,Guntur,Chilli,14572.03,13843.43,15300.63,617.4,Rs/quintal,SYNTHETIC_DEMO
2022-12-26,Andhra Pradesh,Guntur,Guntur,Chilli,14602.49,13872.36,15332.61,490.9,Rs/quintal,SYNTHETIC_DEMO
2022-12-27,Andhra Pradesh,Guntur,Guntur,Chilli,14632.74,13901.1,15364.37,684.0,Rs/quintal,SYNTHETIC_DEMO
2022-12-28,Andhra Pradesh,Guntur,Guntur,Chilli,14693.05,13958.39,15427.7,507.3,Rs/quintal,SYNTHETIC_DEMO
2022-12-29,Andhra Pradesh,Guntur,Guntur,Chilli,14787.92,14048.52,15527.32,642.8,Rs/quintal,SYNTHETIC_DEMO
2022-12-30,Andhra Pradesh,Guntur,Guntur,Chilli,14767.56,14029.18,15505.94,528.6,Rs/quintal,SYNTHETIC_DEMO
2022-12-31,Andhra Pradesh,Guntur,Guntur,Chilli,14799.49,14059.52,15539.47,577.0,Rs/quintal,SYNTHETIC_DEMO
2023-01-01,Andhra Pradesh,Guntur,Guntur,Chilli,14921.4,14175.33,15667.47,442.0,Rs/quintal,SYNTHETIC_DEMO
2023-01-02,Andhra Pradesh,Guntur,Guntur,Chilli,14918.71,14172.78,15664.65,431.7,Rs/quintal,SYNTHETIC_DEMO
2023-01-03,Andhra Pradesh,Guntur,Guntur,Chilli,14911.6,14166.02,15657.18,536.8,Rs/quintal,SYNTHETIC_DEMO
2023-01-04,Andhra Pradesh,Guntur,Guntur,Chilli,14961.85,14213.76,15709.94,579.1,Rs/quintal,SYNTHETIC_DEMO
2023-01-05,Andhra Pradesh,Guntur,Guntur,Chilli,15048.02,14295.62,15800.42,503.2,Rs/quintal,SYNTHETIC_DEMO
2023-01-06,Andhra Pradesh,Guntur,Guntur,Chilli,15087.5,14333.12,15841.87,397.1,Rs/quintal,SYNTHETIC_DEMO
2023-01-07,Andhra Pradesh,Guntur,Guntur,Chilli,15200.71,14440.67,15960.74,391.2,Rs/quintal,SYNTHETIC_DEMO
2023-01-08,Andhra Pradesh,Guntur,Guntur,Chilli,15287.41,14523.04,16051.78,385.8,Rs/quintal,SYNTHETIC_DEMO
2023-01-09,Andhra Pradesh,Guntur,Guntur,Chilli,15373.2,14604.54,16141.86,358.6,Rs/quintal,SYNTHETIC_DEMO
2023-01-10,Andhra Pradesh,Guntur,Guntur,Chilli,15442.8,14670.66,16214.94,508.8,Rs/quintal,SYNTHETIC_DEMO
2023-01-11,Andhra Pradesh,Guntur,Guntur,Chilli,15611.61,14831.03,16392.19,590.0,Rs/quintal,SYNTHETIC_DEMO
2023-01-12,Andhra Pradesh,Guntur,Guntur,Chilli,15638.48,14856.56,16420.41,498.9,Rs/quintal,SYNTHETIC_DEMO
2023-01-13,Andhra Pradesh,Guntur,Guntur,Chilli,15564.53,14786.3,16342.75,319.2,Rs/quintal,SYNTHETIC_DEMO
2023-01-14,Andhra Pradesh,Guntur,Guntur,Chilli,15692.48,14907.86,16477.11,484.7,Rs/quintal,SYNTHETIC_DEMO
2023-01-15,Andhra Pradesh,Guntur,Guntur,Chilli,15704.83,14919.59,16490.07,487.0,Rs/quintal,SYNTHETIC_DEMO
2023-01-16,Andhra Pradesh,Guntur,Guntur,Chilli,15748.7,14961.26,16536.13,667.7,Rs/quintal,SYNTHETIC_DEMO
2023-01-17,Andhra Pradesh,Guntur,Guntur,Chilli,15859.7,15066.72,16652.69,383.4,Rs/quintal,SYNTHETIC_DEMO
2023-01-18,Andhra Pradesh,Guntur,Guntur,Chilli,15807.48,15017.1,16597.85,468.7,Rs/quintal,SYNTHETIC_DEMO
2023-01-19,Andhra Pradesh,Guntur,Guntur,Chilli,15774.71,14985.97,16563.44,636.5,Rs/quintal,SYNTHETIC_DEMO
2023-01-20,Andhra Pradesh,Guntur,Guntur,Chilli,15722.17,14936.06,16508.28,536.0,Rs/quintal,SYNTHETIC_DEMO
2023-01-21,Andhra Pradesh,Guntur,Guntur,Chilli,15714.63,14928.9,16500.36,545.1,Rs/quintal,SYNTHETIC_DEMO
2023-01-22,Andhra Pradesh,Guntur,Guntur,Chilli,15775.97,14987.17,16564.77,509.2,Rs/quintal,SYNTHETIC_DEMO
2023-01-23,Andhra Pradesh,Guntur,Guntur,Chilli,15841.83,15049.73,16633.92,526.4,Rs/quintal,SYNTHETIC_DEMO
2023-01-24,Andhra Pradesh,Guntur,Guntur,Chilli,15893.57,15098.89,16688.25,562.2,Rs/quintal,SYNTHETIC_DEMO
2023-01-25,Andhra Pradesh,Guntur,Guntur,Chilli,15850.49,15057.96,16643.01,435.2,Rs/quintal,SYNTHETIC_DEMO
2023-01-26,Andhra Pradesh,Guntur,Guntur,Chilli,15756.9,14969.06,16544.75,570.2,Rs/quintal,SYNTHETIC_DEMO
2023-01-27,Andhra Pradesh,Guntur,Guntur,Chilli,15795.47,15005.69,16585.24,390.2,Rs/quintal,SYNTHETIC_DEMO
2023-01-28,Andhra Pradesh,Guntur,Guntur,Chilli,15804.3,15014.09,16594.52,526.3,Rs/quintal,SYNTHETIC_DEMO
2023-01-29,Andhra Pradesh,Guntur,Guntur,Chilli,15865.0,15071.75,16658.25,514.3,Rs/quintal,SYNTHETIC_DEMO
2023-01-30,Andhra Pradesh,Guntur,Guntur,Chilli,15939.0,15142.05,16735.95,450.7,Rs/quintal,SYNTHETIC_DEMO
2023-01-31,Andhra Pradesh,Guntur,Guntur,Chilli,15981.12,15182.07,16780.18,498.2,Rs/quintal,SYNTHETIC_DEMO
2023-02-01,Andhra Pradesh,Guntur,Guntur,Chilli,16057.77,15254.88,16860.66,450.2,Rs/quintal,SYNTHETIC_DEMO
2023-02-02,Andhra Pradesh,Guntur,Guntur,Chilli,16104.37,15299.15,16909.59,414.3,Rs/quintal,SYNTHETIC_DEMO
2023-02-03,Andhra Pradesh,Guntur,Guntur,Chilli,16167.49,15359.12,16975.87,471.7,Rs/quintal,SYNTHETIC_DEMO
2023-02-04,Andhra Pradesh,Guntur,Guntur,Chilli,16161.14,15353.08,16969.19,411.7,Rs/quintal,SYNTHETIC_DEMO
2023-02-05,Andhra Pradesh,Guntur,Guntur,Chilli,16183.84,15374.64,16993.03,525.8,Rs/quintal,SYNTHETIC_DEMO
2023-02-06,Andhra Pradesh,Guntur,Guntur,Chilli,16227.26,15415.9,17038.63,408.0,Rs/quintal,SYNTHETIC_DEMO
2023-02-07,Andhra Pradesh,Guntur,Guntur,Chilli,16305.26,15490.0,17120.52,557.0,Rs/quintal,SYNTHETIC_DEMO
2023-02-08,Andhra Pradesh,Guntur,Guntur,Chilli,16314.88,15499.14,17130.63,405.5,Rs/quintal,SYNTHETIC_DEMO
2023-02-09,Andhra Pradesh,Guntur,Guntur,Chilli,16375.37,15556.6,17194.13,454.7,Rs/quintal,SYNTHETIC_DEMO
2023-02-10,Andhra Pradesh,Guntur,Guntur,Chilli,16391.39,15571.82,17210.96,450.0,Rs/quintal,SYNTHETIC_DEMO
2023-02-11,Andhra Pradesh,Guntur,Guntur,Chilli,16415.32,15594.55,17236.09,606.0,Rs/quintal,SYNTHETIC_DEMO
2023-02-12,Andhra Pradesh,Guntur,Guntur,Chilli,16491.88,15667.29,17316.48,526.4,Rs/quintal,SYNTHETIC_DEMO
2023-02-13,Andhra Pradesh,Guntur,Guntur,Chilli,16409.97,15589.47,17230.47,483.1,Rs/quintal,SYNTHETIC_DEMO
2023-02-14,Andhra Pradesh,Guntur,Guntur,Chilli,16366.65,15548.32,17184.98,539.9,Rs/quintal,SYNTHETIC_DEMO
2023-02-15,Andhra Pradesh,Guntur,Guntur,Chilli,16312.5,15496.87,17128.12,331.4,Rs/quintal,SYNTHETIC_DEMO
2023-02-16,Andhra Pradesh,Guntur,Guntur,Chilli,16210.23,15399.72,17020.74,496.5,Rs/quintal,SYNTHETIC_DEMO
2023-02-17,Andhra Pradesh,Guntur,Guntur,Chilli,16200.22,15390.21,17010.23,659.8,Rs/quintal,SYNTHETIC_DEMO
2023-02-18,Andhra Pradesh,Guntur,Guntur,Chilli,16269.71,15456.23,17083.2,510.6,Rs/quintal,SYNTHETIC_DEMO
2023-02-19,Andhra Pradesh,Guntur,Guntur,Chilli,16280.83,15466.78,17094.87,505.4,Rs/quintal,SYNTHETIC_DEMO
2023-02-20,Andhra Pradesh,Guntur,Guntur,Chilli,16318.5,15502.58,17134.43,543.9,Rs/quintal,SYNTHETIC_DEMO
2023-02-21,Andhra Pradesh,Guntur,Guntur,Chilli,16405.63,15585.35,17225.91,571.6,Rs/quintal,SYNTHETIC_DEMO
2023-02-22,Andhra Pradesh,Guntur,Guntur,Chilli,16505.63,15680.35,17330.91,340.2,Rs/quintal,SYNTHETIC_DEMO
2023-02-23,Andhra Pradesh,Guntur,Guntur,Chilli,16526.92,15700.58,17353.27,365.4,Rs/quintal,SYNTHETIC_DEMO
2023-02-24,Andhra Pradesh,Guntur,Guntur,Chilli,16627.4,15796.03,17458.76,516.8,Rs/quintal,SYNTHETIC_DEMO
2023-02-25,Andhra Pradesh,Guntur,Guntur,Chilli,16656.73,15823.89,17489.56,442.8,Rs/quintal,SYNTHETIC_DEMO
2023-02-26,Andhra Pradesh,Guntur,Guntur,Chilli,16633.5,15801.83,17465.18,605.0,Rs/quintal,SYNTHETIC_DEMO
2023-02-27,Andhra Pradesh,Guntur,Guntur,Chilli,16623.37,15792.2,17454.54,474.8,Rs/quintal,SYNTHETIC_DEMO
2023-02-28,Andhra Pradesh,Guntur,Guntur,Chilli,16563.1,15734.95,17391.26,345.2,Rs/quintal,SYNTHETIC_DEMO
2023-03-01,Andhra Pradesh,Guntur,Guntur,Chilli,16535.49,15708.71,17362.26,398.6,Rs/quintal,SYNTHETIC_DEMO
2023-03-02,Andhra Pradesh,Guntur,Guntur,Chilli,16537.02,15710.17,17363.88,280.0,Rs/quintal,SYNTHETIC_DEMO
2023-03-03,Andhra Pradesh,Guntur,Guntur,Chilli,16603.08,15772.93,17433.23,481.3,Rs/quintal,SYNTHETIC_DEMO
2023-03-04,Andhra Pradesh,Guntur,Guntur,Chilli,16719.96,15883.96,17555.95,484.9,Rs/quintal,SYNTHETIC_DEMO
2023-03-05,Andhra Pradesh,Guntur,Guntur,Chilli,16662.52,15829.4,17495.65,466.0,Rs/quintal,SYNTHETIC_DEMO
2023-03-06,Andhra Pradesh,Guntur,Guntur,Chilli,16703.94,15868.74,17539.14,586.3,Rs/quintal,SYNTHETIC_DEMO
2023-03-07,Andhra Pradesh,Guntur,Guntur,Chilli,16664.54,15831.31,17497.76,595.9,Rs/quintal,SYNTHETIC_DEMO
2023-03-08,Andhra Pradesh,Guntur,Guntur,Chilli,16709.42,15873.95,17544.89,486.4,Rs/quintal,SYNTHETIC_DEMO
2023-03-09,Andhra Pradesh,Guntur,Guntur,Chilli,16719.82,15883.83,17555.81,329.2,Rs/quintal,SYNTHETIC_DEMO
2023-03-10,Andhra Pradesh,Guntur,Guntur,Chilli,16634.46,15802.74,17466.18,549.4,Rs/quintal,SYNTHETIC_DEMO
2023-03-11,Andhra Pradesh,Guntur,Guntur,Chilli,16703.04,15867.89,17538.2,544.4,Rs/quintal,SYNTHETIC_DEMO
2023-03-12,Andhra Pradesh,Guntur,Guntur,Chilli,16685.18,15850.93,17519.44,524.8,Rs/quintal,SYNTHETIC_DEMO
2023-03-13,Andhra Pradesh,Guntur,Guntur,Chilli,16670.73,15837.19,17504.26,578.5,Rs/quintal,SYNTHETIC_DEMO
2023-03-14,Andhra Pradesh,Guntur,Guntur,Chilli,16625.67,15794.39,17456.96,406.8,Rs/quintal,SYNTHETIC_DEMO
2023-03-15,Andhra Pradesh,Guntur,Guntur,Chilli,16603.3,15773.14,17433.47,660.7,Rs/quintal,SYNTHETIC_DEMO
2023-03-16,Andhra Pradesh,Guntur,Guntur,Chilli,16640.94,15808.89,17472.98,423.2,Rs/quintal,SYNTHETIC_DEMO
2023-03-17,Andhra Pradesh,Guntur,Guntur,Chilli,16643.42,15811.25,17475.59,559.9,Rs/quintal,SYNTHETIC_DEMO
2023-03-18,Andhra Pradesh,Guntur,Guntur,Chilli,16674.31,15840.59,17508.02,365.0,Rs/quintal,SYNTHETIC_DEMO
2023-03-19,Andhra Pradesh,Guntur,Guntur,Chilli,16706.45,15871.13,17541.78,425.6,Rs/quintal,SYNTHETIC_DEMO
2023-03-20,Andhra Pradesh,Guntur,Guntur,Chilli,16791.69,15952.1,17631.27,621.3,Rs/quintal,SYNTHETIC_DEMO
2023-03-21,Andhra Pradesh,Guntur,Guntur,Chilli,16783.16,15944.0,17622.32,479.1,Rs/quintal,SYNTHETIC_DEMO
2023-03-22,Andhra Pradesh,Guntur,Guntur,Chilli,16710.52,15874.99,17546.05,567.2,Rs/quintal,SYNTHETIC_DEMO
2023-03-23,Andhra Pradesh,Guntur,Guntur,Chilli,16779.74,15940.75,17618.72,519.0,Rs/quintal,SYNTHETIC_DEMO
2023-03-24,Andhra Pradesh,Guntur,Guntur,Chilli,16770.01,15931.51,17608.51,491.6,Rs/quintal,SYNTHETIC_DEMO
2023-03-25,Andhra Pradesh,Guntur,Guntur,Chilli,16840.65,15998.62,17682.68,609.1,Rs/quintal,SYNTHETIC_DEMO
2023-03-26,Andhra Pradesh,Guntur,Guntur,Chilli,16869.73,16026.24,17713.22,481.1,Rs/quintal,SYNTHETIC_DEMO
2023-03-27,Andhra Pradesh,Guntur,Guntur,Chilli,16869.38,16025.91,17712.85,357.5,Rs/quintal,SYNTHETIC_DEMO
2023-03-28,Andhra Pradesh,Guntur,Guntur,Chilli,16895.28,16050.52,17740.04,435.7,Rs/quintal,SYNTHETIC_DEMO
2023-03-29,Andhra Pradesh,Guntur,Guntur,Chilli,17010.29,16159.78,17860.8,544.1,Rs/quintal,SYNTHETIC_DEMO
2023-03-30,Andhra Pradesh,Guntur,Guntur,Chilli,17131.73,16275.15,17988.32,531.6,Rs/quintal,SYNTHETIC_DEMO
2023-03-31,Andhra Pradesh,Guntur,Guntur,Chilli,17140.13,16283.12,17997.14,374.6,Rs/quintal,SYNTHETIC_DEMO
2023-04-01,Andhra Pradesh,Guntur,Guntur,Chilli,17152.99,16295.34,18010.64,442.1,Rs/quintal,SYNTHETIC_DEMO
2023-04-02,Andhra Pradesh,Guntur,Guntur,Chilli,17216.52,16355.7,18077.35,453.5,Rs/quintal,SYNTHETIC_DEMO
2023-04-03,Andhra Pradesh,Guntur,Guntur,Chilli,17171.81,16313.22,18030.4,470.8,Rs/quintal,SYNTHETIC_DEMO
2023-04-04,Andhra Pradesh,Guntur,Guntur,Chilli,17192.49,16332.86,18052.11,389.9,Rs/quintal,SYNTHETIC_DEMO
2023-04-05,Andhra Pradesh,Guntur,Guntur,Chilli,17192.44,16332.82,18052.06,449.7,Rs/quintal,SYNTHETIC_DEMO
2023-04-06,Andhra Pradesh,Guntur,Guntur,Chilli,17210.8,16350.26,18071.34,441.7,Rs/quintal,SYNTHETIC_DEMO
2023-04-07,Andhra Pradesh,Guntur,Guntur,Chilli,17164.28,16306.07,18022.5,561.7,Rs/quintal,SYNTHETIC_DEMO
2023-04-08,Andhra Pradesh,Guntur,Guntur,Chilli,17074.81,16221.07,17928.55,564.7,Rs/quintal,SYNTHETIC_DEMO
2023-04-09,Andhra Pradesh,Guntur,Guntur,Chilli,16957.64,16109.76,17805.52,488.3,Rs/quintal,SYNTHETIC_DEMO
2023-04-10,Andhra Pradesh,Guntur,Guntur,Chilli,16893.36,16048.7,17738.03,468.6,Rs/quintal,SYNTHETIC_DEMO
2023-04-11,Andhra Pradesh,Guntur,Guntur,Chilli,16865.36,16022.09,17708.63,511.2,Rs/quintal,SYNTHETIC_DEMO
2023-04-12,Andhra Pradesh,Guntur,Guntur,Chilli,16846.01,16003.71,17688.31,434.7,Rs/quintal,SYNTHETIC_DEMO
2023-04-13,Andhra Pradesh,Guntur,Guntur,Chilli,16950.95,16103.4,17798.5,408.3,Rs/quintal,SYNTHETIC_DEMO
2023-04-14,Andhra Pradesh,Guntur,Guntur,Chilli,17008.73,16158.29,17859.17,424.8,Rs/quintal,SYNTHETIC_DEMO
2023-04-15,Andhra Pradesh,Guntur,Guntur,Chilli,16950.09,16102.58,17797.59,449.2,Rs/quintal,SYNTHETIC_DEMO
2023-04-16,Andhra Pradesh,Guntur,Guntur,Chilli,16964.18,16115.97,17812.39,406.9,Rs/quintal,SYNTHETIC_DEMO
2023-04-17,Andhra Pradesh,Guntur,Guntur,Chilli,16935.41,16088.64,17782.18,513.0,Rs/quintal,SYNTHETIC_DEMO
2023-04-18,Andhra Pradesh,Guntur,Guntur,Chilli,16912.9,16067.26,17758.55,558.4,Rs/quintal,SYNTHETIC_DEMO
2023-04-19,Andhra Pradesh,Guntur,Guntur,Chilli,16916.1,16070.29,17761.9,373.0,Rs/quintal,SYNTHETIC_DEMO
2023-04-20,Andhra Pradesh,Guntur,Guntur,Chilli,16943.0,16095.85,17790.15,502.0,Rs/quintal,SYNTHETIC_DEMO
2023-04-21,Andhra Pradesh,Guntur,Guntur,Chilli,16915.63,16069.85,17761.41,482.4,Rs/quintal,SYNTHETIC_DEMO
2023-04-22,Andhra Pradesh,Guntur,Guntur,Chilli,16966.24,16117.93,17814.55,527.3,Rs/quintal,SYNTHETIC_DEMO
2023-04-23,Andhra Pradesh,Guntur,Guntur,Chilli,16892.75,16048.11,17737.38,499.0,Rs/quintal,SYNTHETIC_DEMO
2023-04-24,Andhra Pradesh,Guntur,Guntur,Chilli,16882.97,16038.82,17727.12,383.7,Rs/quintal,SYNTHETIC_DEMO
2023-04-25,Andhra Pradesh,Guntur,Guntur,Chilli,17017.73,16166.84,17868.62,399.0,Rs/quintal,SYNTHETIC_DEMO
2023-04-26,Andhra Pradesh,Guntur,Guntur,Chilli,17018.94,16167.99,17869.88,502.4,Rs/quintal,SYNTHETIC_DEMO
2023-04-27,Andhra Pradesh,Guntur,Guntur,Chilli,17087.34,16232.97,17941.71,582.3,Rs/quintal,SYNTHETIC_DEMO
2023-04-28,Andhra Pradesh,Guntur,Guntur,Chilli,17080.04,16226.04,17934.05,322.9,Rs/quintal,SYNTHETIC_DEMO
2023-04-29,Andhra Pradesh,Guntur,Guntur,Chilli,17099.58,16244.6,17954.56,527.7,Rs/quintal,SYNTHETIC_DEMO
2023-04-30,Andhra Pradesh,Guntur,Guntur,Chilli,17082.86,16228.72,17937.0,595.2,Rs/quintal,SYNTHETIC_DEMO
2023-05-01,Andhra Pradesh,Guntur,Guntur,Chilli,17059.22,16206.26,17912.18,487.8,Rs/quintal,SYNTHETIC_DEMO
2023-05-02,Andhra Pradesh,Guntur,Guntur,Chilli,17000.93,16150.88,17850.98,544.0,Rs/quintal,SYNTHETIC_DEMO
2023-05-03,Andhra Pradesh,Guntur,Guntur,Chilli,17009.84,16159.35,17860.33,443.8,Rs/quintal,SYNTHETIC_DEMO
2023-05-04,Andhra Pradesh,Guntur,Guntur,Chilli,16946.43,16099.11,17793.76,490.5,Rs/quintal,SYNTHETIC_DEMO
2023-05-05,Andhra Pradesh,Guntur,Guntur,Chilli,16967.45,16119.08,17815.83,370.3,Rs/quintal,SYNTHETIC_DEMO
2023-05-06,Andhra Pradesh,Guntur,Guntur,Chilli,17011.45,16160.88,17862.02,312.5,Rs/quintal,SYNTHETIC_DEMO
2023-05-07,Andhra Pradesh,Guntur,Guntur,Chilli,17014.68,16163.94,17865.41,575.4,Rs/quintal,SYNTHETIC_DEMO
2023-05-08,Andhra Pradesh,Guntur,Guntur,Chilli,16980.83,16131.79,17829.87,421.2,Rs/quintal,SYNTHETIC_DEMO
2023-05-09,Andhra Pradesh,Guntur,Guntur,Chilli,16987.93,16138.54,17837.33,463.6,Rs/quintal,SYNTHETIC_DEMO
2023-05-10,Andhra Pradesh,Guntur,Guntur,Chilli,16951.82,16104.23,17799.41,389.1,Rs/quintal,SYNTHETIC_DEMO
2023-05-11,Andhra Pradesh,Guntur,Guntur,Chilli,16984.89,16135.65,17834.14,387.2,Rs/quintal,SYNTHETIC_DEMO
2023-05-12,Andhra Pradesh,Guntur,Guntur,Chilli,16862.53,16019.4,17705.65,486.1,Rs/quintal,SYNTHETIC_DEMO
2023-05-13,Andhra Pradesh,Guntur,Guntur,Chilli,16823.44,15982.27,17664.61,441.6,Rs/quintal,SYNTHETIC_DEMO
2023-05-14,Andhra Pradesh,Guntur,Guntur,Chilli,16691.19,15856.63,17525.75,530.2,Rs/quintal,SYNTHETIC_DEMO
2023-05-15,Andhra Pradesh,Guntur,Guntur,Chilli,16586.23,15756.92,17415.55,536.2,Rs/quintal,SYNTHETIC_DEMO
2023-05-16,Andhra Pradesh,Guntur,Guntur,Chilli,16640.91,15808.87,17472.96,525.7,Rs/quintal,SYNTHETIC_DEMO
2023-05-17,Andhra Pradesh,Guntur,Guntur,Chilli,16668.9,15835.45,17502.34,519.1,Rs/quintal,SYNTHETIC_DEMO
2023-05-18,Andhra Pradesh,Guntur,Guntur,Chilli,16606.01,15775.71,17436.31,626.2,Rs/quintal,SYNTHETIC_DEMO
2023-05-19,Andhra Pradesh,Guntur,Guntur,Chilli,16498.83,15673.89,17323.78,414.6,Rs/quintal,SYNTHETIC_DEMO
2023-05-20,Andhra Pradesh,Guntur,Guntur,Chilli,16309.35,15493.89,17124.82,495.6,Rs/quintal,SYNTHETIC_DEMO
2023-05-21,Andhra Pradesh,Guntur,Guntur,Chilli,16255.03,15442.28,17067.78,590.6,Rs/quintal,SYNTHETIC_DEMO
2023-05-22,Andhra Pradesh,Guntur,Guntur,Chilli,16366.27,15547.95,17184.58,601.2,Rs/quintal,SYNTHETIC_DEMO
2023-05-23,Andhra Pradesh,Guntur,Guntur,Chilli,16365.91,15547.61,17184.2,386.3,Rs/quintal,SYNTHETIC_DEMO
2023-05-24,Andhra Pradesh,Guntur,Guntur,Chilli,16309.46,15493.98,17124.93,475.0,Rs/quintal,SYNTHETIC_DEMO
2023-05-25,Andhra Pradesh,Guntur,Guntur,Chilli,16310.0,15494.5,17125.5,608.6,Rs/quintal,SYNTHETIC_DEMO
2023-05-26,Andhra Pradesh,Guntur,Guntur,Chilli,16196.7,15386.86,17006.53,540.6,Rs/quintal,SYNTHETIC_DEMO
2023-05-27,Andhra Pradesh,Guntur,Guntur,Chilli,16153.78,15346.1,16961.47,515.6,Rs/quintal,SYNTHETIC_DEMO
2023-05-28,Andhra Pradesh,Guntur,Guntur,Chilli,16132.73,15326.09,16939.36,482.6,Rs/quintal,SYNTHETIC_DEMO
2023-05-29,Andhra Pradesh,Guntur,Guntur,Chilli,16100.92,15295.88,16905.97,469.3,Rs/quintal,SYNTHETIC_DEMO
2023-05-30,Andhra Pradesh,Guntur,Guntur,Chilli,16117.87,15311.98,16923.77,523.1,Rs/quintal,SYNTHETIC_DEMO
2023-05-31,Andhra Pradesh,Guntur,Guntur,Chilli,16109.5,15304.03,16914.98,479.8,Rs/quintal,SYNTHETIC_DEMO
2023-06-01,Andhra Pradesh,Guntur,Guntur,Chilli,16118.93,15312.98,16924.87,496.6,Rs/quintal,SYNTHETIC_DEMO
2023-06-02,Andhra Pradesh,Guntur,Guntur,Chilli,16052.06,15249.45,16854.66,506.3,Rs/quintal,SYNTHETIC_DEMO
2023-06-03,Andhra Pradesh,Guntur,Guntur,Chilli,16073.7,15270.01,16877.38,445.8,Rs/quintal,SYNTHETIC_DEMO
2023-06-04,Andhra Pradesh,Guntur,Guntur,Chilli,16135.98,15329.18,16942.78,542.6,Rs/quintal,SYNTHETIC_DEMO
2023-06-05,Andhra Pradesh,Guntur,Guntur,Chilli,16052.42,15249.8,16855.04,733.1,Rs/quintal,SYNTHETIC_DEMO
2023-06-06,Andhra Pradesh,Guntur,Guntur,Chilli,15973.2,15174.54,16771.86,357.8,Rs/quintal,SYNTHETIC_DEMO
2023-06-07,Andhra Pradesh,Guntur,Guntur,Chilli,16018.21,15217.3,16819.12,525.9,Rs/quintal,SYNTHETIC_DEMO
2023-06-08,Andhra Pradesh,Guntur,Guntur,Chilli,15977.44,15178.57,16776.31,439.2,Rs/quintal,SYNTHETIC_DEMO
2023-06-09,Andhra Pradesh,Guntur,Guntur,Chilli,16025.75,15224.46,16827.04,546.2,Rs/quintal,SYNTHETIC_DEMO
2023-06-10,Andhra Pradesh,Guntur,Guntur,Chilli,15970.41,15171.89,16768.93,503.7,Rs/quintal,SYNTHETIC_DEMO
2023-06-11,Andhra Pradesh,Guntur,Guntur,Chilli,16021.11,15220.05,16822.16,560.9,Rs/quintal,SYNTHETIC_DEMO
2023-06-12,Andhra Pradesh,Guntur,Guntur,Chilli,15997.46,15197.59,16797.33,594.0,Rs/quintal,SYNTHETIC_DEMO
2023-06-13,Andhra Pradesh,Guntur,Guntur,Chilli,15980.69,15181.66,16779.73,515.4,Rs/quintal,SYNTHETIC_DEMO
2023-06-14,Andhra Pradesh,Guntur,Guntur,Chilli,16036.88,15235.04,16838.73,590.6,Rs/quintal,SYNTHETIC_DEMO
2023-06-15,Andhra Pradesh,Guntur,Guntur,Chilli,15985.0,15185.75,16784.24,312.5,Rs/quintal,SYNTHETIC_DEMO
2023-06-16,Andhra Pradesh,Guntur,Guntur,Chilli,15900.48,15105.46,16695.5,627.2,Rs/quintal,SYNTHETIC_DEMO
2023-06-17,Andhra Pradesh,Guntur,Guntur,Chilli,15843.37,15051.2,16635.54,530.0,Rs/quintal,SYNTHETIC_DEMO
2023-06-18,Andhra Pradesh,Guntur,Guntur,Chilli,15836.55,15044.73,16628.38,586.2,Rs/quintal,SYNTHETIC_DEMO
2023-06-19,Andhra Pradesh,Guntur,Guntur,Chilli,15716.57,14930.74,16502.39,402.4,Rs/quintal,SYNTHETIC_DEMO
2023-06-20,Andhra Pradesh,Guntur,Guntur,Chilli,15719.82,14933.83,16505.81,433.5,Rs/quintal,SYNTHETIC_DEMO
2023-06-21,Andhra Pradesh,Guntur,Guntur,Chilli,15657.06,14874.21,16439.92,511.7,Rs/quintal,SYNTHETIC_DEMO
2023-06-22,Andhra Pradesh,Guntur,Guntur,Chilli,15688.64,14904.21,16473.07,498.6,Rs/quintal,SYNTHETIC_DEMO
2023-06-23,Andhra Pradesh,Guntur,Guntur,Chilli,15521.74,14745.66,16297.83,522.6,Rs/quintal,SYNTHETIC_DEMO
2023-06-24,Andhra Pradesh,Guntur,Guntur,Chilli,15444.78,14672.54,16217.02,586.8,Rs/quintal,SYNTHETIC_DEMO
2023-06-25,Andhra Pradesh,Guntur,Guntur,Chilli,15317.33,14551.46,16083.2,358.8,Rs/quintal,SYNTHETIC_DEMO
2023-06-26,Andhra Pradesh,Guntur,Guntur,Chilli,15237.98,14476.08,15999.87,577.9,Rs/quintal,SYNTHETIC_DEMO
2023-06-27,Andhra Pradesh,Guntur,Guntur,Chilli,15218.69,14457.75,15979.62,500.7,Rs/quintal,SYNTHETIC_DEMO
2023-06-28,Andhra Pradesh,Guntur,Guntur,Chilli,15175.44,14416.66,15934.21,483.7,Rs/quintal,SYNTHETIC_DEMO
2023-06-29,Andhra Pradesh,Guntur,Guntur,Chilli,15127.98,14371.58,15884.38,382.3,Rs/quintal,SYNTHETIC_DEMO
2023-06-30,Andhra Pradesh,Guntur,Guntur,Chilli,15085.77,14331.48,15840.06,540.2,Rs/quintal,SYNTHETIC_DEMO
2023-07-01,Andhra Pradesh,Guntur,Guntur,Chilli,15063.83,14310.64,15817.02,306.9,Rs/quintal,SYNTHETIC_DEMO
2023-07-02,Andhra Pradesh,Guntur,Guntur,Chilli,14974.01,14225.31,15722.71,551.9,Rs/quintal,SYNTHETIC_DEMO
2023-07-03,Andhra Pradesh,Guntur,Guntur,Chilli,14980.24,14231.23,15729.25,380.6,Rs/quintal,SYNTHETIC_DEMO
2023-07-04,Andhra Pradesh,Guntur,Guntur,Chilli,14984.01,14234.81,15733.21,504.3,Rs/quintal,SYNTHETIC_DEMO
2023-07-05,Andhra Pradesh,Guntur,Guntur,Chilli,14972.24,14223.63,15720.85,490.5,Rs/quintal,SYNTHETIC_DEMO
2023-07-06,Andhra Pradesh,Guntur,Guntur,Chilli,14970.11,14221.6,15718.61,593.6,Rs/quintal,SYNTHETIC_DEMO
2023-07-07,Andhra Pradesh,Guntur,Guntur,Chilli,14953.44,14205.77,15701.11,485.7,Rs/quintal,SYNTHETIC_DEMO
2023-07-08,Andhra Pradesh,Guntur,Guntur,Chilli,15034.19,14282.48,15785.9,444.5,Rs/quintal,SYNTHETIC_DEMO
2023-07-09,Andhra Pradesh,Guntur,Guntur,Chilli,14996.16,14246.35,15745.96,459.5,Rs/quintal,SYNTHETIC_DEMO
2023-07-10,Andhra Pradesh,Guntur,Guntur,Chilli,14945.87,14198.58,15693.17,601.8,Rs/quintal,SYNTHETIC_DEMO
2023-07-11,Andhra Pradesh,Guntur,Guntur,Chilli,14870.67,14127.13,15614.2,542.9,Rs/quintal,SYNTHETIC_DEMO
2023-07-12,Andhra Pradesh,Guntur,Guntur,Chilli,14779.94,14040.95,15518.94,469.1,Rs/quintal,SYNTHETIC_DEMO
2023-07-13,Andhra Pradesh,Guntur,Guntur,Chilli,14677.44,13943.57,15411.31,481.1,Rs/quintal,SYNTHETIC_DEMO
2023-07-14,Andhra Pradesh,Guntur,Guntur,Chilli,14594.96,13865.21,15324.71,374.6,Rs/quintal,SYNTHETIC_DEMO
2023-07-15,Andhra Pradesh,Guntur,Guntur,Chilli,14558.42,13830.5,15286.34,531.1,Rs/quintal,SYNTHETIC_DEMO
2023-07-16,Andhra Pradesh,Guntur,Guntur,Chilli,14544.7,13817.46,15271.93,359.2,Rs/quintal,SYNTHETIC_DEMO
2023-07-17,Andhra Pradesh,Guntur,Guntur,Chilli,14515.26,13789.49,15241.02,560.1,Rs/quintal,SYNTHETIC_DEMO
2023-07-18,Andhra Pradesh,Guntur,Guntur,Chilli,14440.23,13718.22,15162.25,510.3,Rs/quintal,SYNTHETIC_DEMO
2023-07-19,Andhra Pradesh,Guntur,Guntur,Chilli,14458.66,13735.72,15181.59,691.0,Rs/quintal,SYNTHETIC_DEMO
2023-07-20,Andhra Pradesh,Guntur,Guntur,Chilli,14468.25,13744.84,15191.66,412.0,Rs/quintal,SYNTHETIC_DEMO
2023-07-21,Andhra Pradesh,Guntur,Guntur,Chilli,14427.68,13706.3,15149.07,491.8,Rs/quintal,SYNTHETIC_DEMO
2023-07-22,Andhra Pradesh,Guntur,Guntur,Chilli,14359.69,13641.7,15077.67,643.9,Rs/quintal,SYNTHETIC_DEMO
2023-07-23,Andhra Pradesh,Guntur,Guntur,Chilli,14359.17,13641.21,15077.13,595.3,Rs/quintal,SYNTHETIC_DEMO
2023-07-24,Andhra Pradesh,Guntur,Guntur,Chilli,14338.69,13621.75,15055.62,444.3,Rs/quintal,SYNTHETIC_DEMO
2023-07-25,Andhra Pradesh,Guntur,Guntur,Chilli,14226.8,13515.46,14938.14,517.9,Rs/quintal,SYNTHETIC_DEMO
2023-07-26,Andhra Pradesh,Guntur,Guntur,Chilli,14192.44,13482.82,14902.06,500.2,Rs/quintal,SYNTHETIC_DEMO
2023-07-27,Andhra Pradesh,Guntur,Guntur,Chilli,14176.81,13467.97,14885.65,522.6,Rs/quintal,SYNTHETIC_DEMO
2023-07-28,Andhra Pradesh,Guntur,Guntur,Chilli,14096.37,13391.55,14801.19,444.1,Rs/quintal,SYNTHETIC_DEMO
2023-07-29,Andhra Pradesh,Guntur,Guntur,Chilli,14077.21,13373.35,14781.08,492.9,Rs/quintal,SYNTHETIC_DEMO
2023-07-30,Andhra Pradesh,Guntur,Guntur,Chilli,13966.23,13267.92,14664.54,372.2,Rs/quintal,SYNTHETIC_DEMO
2023-07-31,Andhra Pradesh,Guntur,Guntur,Chilli,14011.83,13311.23,14712.42,510.8,Rs/quintal,SYNTHETIC_DEMO
2023-08-01,Andhra Pradesh,Guntur,Guntur,Chilli,14052.77,13350.13,14755.41,536.0,Rs/quintal,SYNTHETIC_DEMO
2023-08-02,Andhra Pradesh,Guntur,Guntur,Chilli,14010.0,13309.5,14710.5,481.8,Rs/quintal,SYNTHETIC_DEMO
2023-08-03,Andhra Pradesh,Guntur,Guntur,Chilli,14002.03,13301.93,14702.13,370.8,Rs/quintal,SYNTHETIC_DEMO
2023-08-04,Andhra Pradesh,Guntur,Guntur,Chilli,13839.07,13147.12,14531.02,579.1,Rs/quintal,SYNTHETIC_DEMO
2023-08-05,Andhra Pradesh,Guntur,Guntur,Chilli,13746.64,13059.31,14433.97,529.2,Rs/quintal,SYNTHETIC_DEMO
2023-08-06,Andhra Pradesh,Guntur,Guntur,Chilli,13702.86,13017.72,14388.0,441.9,Rs/quintal,SYNTHETIC_DEMO
2023-08-07,Andhra Pradesh,Guntur,Guntur,Chilli,13615.83,12935.04,14296.63,477.6,Rs/quintal,SYNTHETIC_DEMO
2023-08-08,Andhra Pradesh,Guntur,Guntur,Chilli,13629.21,12947.75,14310.67,379.9,Rs/quintal,SYNTHETIC_DEMO
2023-08-09,Andhra Pradesh,Guntur,Guntur,Chilli,13714.8,13029.06,14400.54,418.0,Rs/quintal,SYNTHETIC_DEMO
2023-08-10,Andhra Pradesh,Guntur,Guntur,Chilli,13623.02,12941.87,14304.17,457.0,Rs/quintal,SYNTHETIC_DEMO
2023-08-11,Andhra Pradesh,Guntur,Guntur,Chilli,13550.62,12873.09,14228.15,598.3,Rs/quintal,SYNTHETIC_DEMO
2023-08-12,Andhra Pradesh,Guntur,Guntur,Chilli,13538.69,12861.76,14215.63,448.8,Rs/quintal,SYNTHETIC_DEMO
2023-08-13,Andhra Pradesh,Guntur,Guntur,Chilli,13604.2,12923.99,14284.41,551.2,Rs/quintal,SYNTHETIC_DEMO
2023-08-14,Andhra Pradesh,Guntur,Guntur,Chilli,13511.44,12835.87,14187.02,456.9,Rs/quintal,SYNTHETIC_DEMO
2023-08-15,Andhra Pradesh,Guntur,Guntur,Chilli,13501.5,12826.42,14176.57,519.8,Rs/quintal,SYNTHETIC_DEMO
2023-08-16,Andhra Pradesh,Guntur,Guntur,Chilli,13580.03,12901.02,14259.03,488.7,Rs/quintal,SYNTHETIC_DEMO
2023-08-17,Andhra Pradesh,Guntur,Guntur,Chilli,13464.49,12791.27,14137.72,569.8,Rs/quintal,SYNTHETIC_DEMO
2023-08-18,Andhra Pradesh,Guntur,Guntur,Chilli,13370.16,12701.65,14038.66,457.2,Rs/quintal,SYNTHETIC_DEMO
2023-08-19,Andhra Pradesh,Guntur,Guntur,Chilli,13324.28,12658.07,13990.5,374.2,Rs/quintal,SYNTHETIC_DEMO
2023-08-20,Andhra Pradesh,Guntur,Guntur,Chilli,13273.44,12609.76,13937.11,389.4,Rs/quintal,SYNTHETIC_DEMO
2023-08-21,Andhra Pradesh,Guntur,Guntur,Chilli,13297.71,12632.82,13962.59,457.4,Rs/quintal,SYNTHETIC_DEMO
2023-08-22,Andhra Pradesh,Guntur,Guntur,Chilli,13290.48,12625.95,13955.0,400.1,Rs/quintal,SYNTHETIC_DEMO
2023-08-23,Andhra Pradesh,Guntur,Guntur,Chilli,13170.79,12512.25,13829.33,532.8,Rs/quintal,SYNTHETIC_DEMO
2023-08-24,Andhra Pradesh,Guntur,Guntur,Chilli,13179.84,12520.85,13838.83,462.7,Rs/quintal,SYNTHETIC_DEMO
2023-08-25,Andhra Pradesh,Guntur,Guntur,Chilli,13128.18,12471.77,13784.59,690.0,Rs/quintal,SYNTHETIC_DEMO
2023-08-26,Andhra Pradesh,Guntur,Guntur,Chilli,13180.73,12521.69,13839.76,361.0,Rs/quintal,SYNTHETIC_DEMO
2023-08-27,Andhra Pradesh,Guntur,Guntur,Chilli,13127.26,12470.9,13783.62,516.3,Rs/quintal,SYNTHETIC_DEMO
2023-08-28,Andhra Pradesh,Guntur,Guntur,Chilli,13073.79,12420.1,13727.48,409.8,Rs/quintal,SYNTHETIC_DEMO
2023-08-29,Andhra Pradesh,Guntur,Guntur,Chilli,13086.8,12432.46,13741.14,460.5,Rs/quintal,SYNTHETIC_DEMO
2023-08-30,Andhra Pradesh,Guntur,Guntur,Chilli,13112.74,12457.11,13768.38,511.3,Rs/quintal,SYNTHETIC_DEMO
2023-08-31,Andhra Pradesh,Guntur,Guntur,Chilli,13121.58,12465.5,13777.66,314.0,Rs/quintal,SYNTHETIC_DEMO
2023-09-01,Andhra Pradesh,Guntur,Guntur,Chilli,13011.47,12360.89,13662.04,518.9,Rs/quintal,SYNTHETIC_DEMO
2023-09-02,Andhra Pradesh,Guntur,Guntur,Chilli,13026.41,12375.09,13677.73,652.2,Rs/quintal,SYNTHETIC_DEMO
2023-09-03,Andhra Pradesh,Guntur,Guntur,Chilli,12953.85,12306.16,13601.54,463.7,Rs/quintal,SYNTHETIC_DEMO
2023-09-04,Andhra Pradesh,Guntur,Guntur,Chilli,12952.93,12305.28,13600.58,520.8,Rs/quintal,SYNTHETIC_DEMO
2023-09-05,Andhra Pradesh,Guntur,Guntur,Chilli,12859.66,12216.68,13502.64,582.0,Rs/quintal,SYNTHETIC_DEMO
2023-09-06,Andhra Pradesh,Guntur,Guntur,Chilli,12871.67,12228.08,13515.25,486.9,Rs/quintal,SYNTHETIC_DEMO
2023-09-07,Andhra Pradesh,Guntur,Guntur,Chilli,12814.08,12173.37,13454.78,453.5,Rs/quintal,SYNTHETIC_DEMO
2023-09-08,Andhra Pradesh,Guntur,Guntur,Chilli,12730.39,12093.87,13366.91,317.9,Rs/quintal,SYNTHETIC_DEMO
2023-09-09,Andhra Pradesh,Guntur,Guntur,Chilli,12759.08,12121.13,13397.03,551.3,Rs/quintal,SYNTHETIC_DEMO
2023-09-10,Andhra Pradesh,Guntur,Guntur,Chilli,12761.9,12123.81,13400.0,490.9,Rs/quintal,SYNTHETIC_DEMO
2023-09-11,Andhra Pradesh,Guntur,Guntur,Chilli,12717.39,12081.52,13353.26,419.0,Rs/quintal,SYNTHETIC_DEMO
2023-09-12,Andhra Pradesh,Guntur,Guntur,Chilli,12789.11,12149.65,13428.56,510.1,Rs/quintal,SYNTHETIC_DEMO
2023-09-13,Andhra Pradesh,Guntur,Guntur,Chilli,12755.47,12117.7,13393.24,453.3,Rs/quintal,SYNTHETIC_DEMO
2023-09-14,Andhra Pradesh,Guntur,Guntur,Chilli,12748.9,12111.45,13386.34,457.7,Rs/quintal,SYNTHETIC_DEMO
2023-09-15,Andhra Pradesh,Guntur,Guntur,Chilli,12756.18,12118.37,13393.99,548.5,Rs/quintal,SYNTHETIC_DEMO
2023-09-16,Andhra Pradesh,Guntur,Guntur,Chilli,12714.3,12078.58,13350.01,392.9,Rs/quintal,SYNTHETIC_DEMO
2023-09-17,Andhra Pradesh,Guntur,Guntur,Chilli,12734.1,12097.4,13370.81,583.8,Rs/quintal,SYNTHETIC_DEMO
2023-09-18,Andhra Pradesh,Guntur,Guntur,Chilli,12698.25,12063.34,13333.16,388.2,Rs/quintal,SYNTHETIC_DEMO
2023-09-19,Andhra Pradesh,Guntur,Guntur,Chilli,12669.82,12036.33,13303.31,447.0,Rs/quintal,SYNTHETIC_DEMO
2023-09-20,Andhra Pradesh,Guntur,Guntur,Chilli,12741.36,12104.3,13378.43,653.8,Rs/quintal,SYNTHETIC_DEMO
2023-09-21,Andhra Pradesh,Guntur,Guntur,Chilli,12678.93,12044.99,13312.88,590.2,Rs/quintal,SYNTHETIC_DEMO
2023-09-22,Andhra Pradesh,Guntur,Guntur,Chilli,12540.27,11913.26,13167.29,507.8,Rs/quintal,SYNTHETIC_DEMO
2023-09-23,Andhra Pradesh,Guntur,Guntur,Chilli,12627.55,11996.18,13258.93,424.8,Rs/quintal,SYNTHETIC_DEMO
2023-09-24,Andhra Pradesh,Guntur,Guntur,Chilli,12768.0,12129.6,13406.4,457.7,Rs/quintal,SYNTHETIC_DEMO
2023-09-25,Andhra Pradesh,Guntur,Guntur,Chilli,12743.6,12106.42,13380.78,505.9,Rs/quintal,SYNTHETIC_DEMO
2023-09-26,Andhra Pradesh,Guntur,Guntur,Chilli,12634.06,12002.36,13265.76,503.0,Rs/quintal,SYNTHETIC_DEMO
2023-09-27,Andhra Pradesh,Guntur,Guntur,Chilli,12616.21,11985.4,13247.02,492.7,Rs/quintal,SYNTHETIC_DEMO
2023-09-28,Andhra Pradesh,Guntur,Guntur,Chilli,12600.34,11970.32,13230.36,497.5,Rs/quintal,SYNTHETIC_DEMO
2023-09-29,Andhra Pradesh,Guntur,Guntur,Chilli,12590.48,11960.96,13220.01,482.8,Rs/quintal,SYNTHETIC_DEMO
2023-09-30,Andhra Pradesh,Guntur,Guntur,Chilli,12529.53,11903.06,13156.01,384.6,Rs/quintal,SYNTHETIC_DEMO
2023-10-01,Andhra Pradesh,Guntur,Guntur,Chilli,12564.01,11935.81,13192.21,458.7,Rs/quintal,SYNTHETIC_DEMO
2023-10-02,Andhra Pradesh,Guntur,Guntur,Chilli,12596.03,11966.23,13225.83,573.2,Rs/quintal,SYNTHETIC_DEMO
2023-10-03,Andhra Pradesh,Guntur,Guntur,Chilli,12515.61,11889.83,13141.39,390.5,Rs/quintal,SYNTHETIC_DEMO
2023-10-04,Andhra Pradesh,Guntur,Guntur,Chilli,12558.65,11930.72,13186.58,484.8,Rs/quintal,SYNTHETIC_DEMO
2023-10-05,Andhra Pradesh,Guntur,Guntur,Chilli,12678.11,12044.21,13312.02,434.4,Rs/quintal,SYNTHETIC_DEMO
2023-10-06,Andhra Pradesh,Guntur,Guntur,Chilli,12692.87,12058.23,13327.52,508.9,Rs/quintal,SYNTHETIC_DEMO
2023-10-07,Andhra Pradesh,Guntur,Guntur,Chilli,12679.74,12045.75,13313.72,468.9,Rs/quintal,SYNTHETIC_DEMO
2023-10-08,Andhra Pradesh,Guntur,Guntur,Chilli,12678.16,12044.25,13312.06,618.2,Rs/quintal,SYNTHETIC_DEMO
2023-10-09,Andhra Pradesh,Guntur,Guntur,Chilli,12719.6,12083.62,13355.58,540.5,Rs/quintal,SYNTHETIC_DEMO
2023-10-10,Andhra Pradesh,Guntur,Guntur,Chilli,12630.29,11998.78,13261.81,395.1,Rs/quintal,SYNTHETIC_DEMO
2023-10-11,Andhra Pradesh,Guntur,Guntur,Chilli,12647.72,12015.34,13280.11,553.7,Rs/quintal,SYNTHETIC_DEMO
2023-10-12,Andhra Pradesh,Guntur,Guntur,Chilli,12634.7,12002.96,13266.43,438.0,Rs/quintal,SYNTHETIC_DEMO
2023-10-13,Andhra Pradesh,Guntur,Guntur,Chilli,12747.63,12110.24,13385.01,453.8,Rs/quintal,SYNTHETIC_DEMO
2023-10-14,Andhra Pradesh,Guntur,Guntur,Chilli,12747.93,12110.54,13385.33,525.1,Rs/quintal,SYNTHETIC_DEMO
2023-10-15,Andhra Pradesh,Guntur,Guntur,Chilli,12852.01,12209.41,13494.61,460.7,Rs/quintal,SYNTHETIC_DEMO
2023-10-16,Andhra Pradesh,Guntur,Guntur,Chilli,12801.47,12161.4,13441.55,571.4,Rs/quintal,SYNTHETIC_DEMO
2023-10-17,Andhra Pradesh,Guntur,Guntur,Chilli,12846.24,12203.93,13488.55,438.0,Rs/quintal,SYNTHETIC_DEMO
2023-10-18,Andhra Pradesh,Guntur,Guntur,Chilli,12876.61,12232.78,13520.44,450.5,Rs/quintal,SYNTHETIC_DEMO
2023-10-19,Andhra Pradesh,Guntur,Guntur,Chilli,12841.02,12198.97,13483.07,447.5,Rs/quintal,SYNTHETIC_DEMO
2023-10-20,Andhra Pradesh,Guntur,Guntur,Chilli,12864.63,12221.4,13507.86,454.7,Rs/quintal,SYNTHETIC_DEMO
2023-10-21,Andhra Pradesh,Guntur,Guntur,Chilli,12946.8,12299.46,13594.14,587.9,Rs/quintal,SYNTHETIC_DEMO
2023-10-22,Andhra Pradesh,Guntur,Guntur,Chilli,12943.52,12296.34,13590.69,550.3,Rs/quintal,SYNTHETIC_DEMO
2023-10-23,Andhra Pradesh,Guntur,Guntur,Chilli,12864.21,12221.0,13507.42,636.8,Rs/quintal,SYNTHETIC_DEMO
2023-10-24,Andhra Pradesh,Guntur,Guntur,Chilli,12879.25,12235.28,13523.21,681.4,Rs/quintal,SYNTHETIC_DEMO
2023-10-25,Andhra Pradesh,Guntur,Guntur,Chilli,12845.31,12203.04,13487.57,417.5,Rs/quintal,SYNTHETIC_DEMO
2023-10-26,Andhra Pradesh,Guntur,Guntur,Chilli,12843.31,12201.14,13485.47,505.6,Rs/quintal,SYNTHETIC_DEMO
2023-10-27,Andhra Pradesh,Guntur,Guntur,Chilli,12856.48,12213.65,13499.3,405.9,Rs/quintal,SYNTHETIC_DEMO
2023-10-28,Andhra Pradesh,Guntur,Guntur,Chilli,12779.27,12140.3,13418.23,437.8,Rs/quintal,SYNTHETIC_DEMO
2023-10-29,Andhra Pradesh,Guntur,Guntur,Chilli,12707.65,12072.27,13343.04,449.6,Rs/quintal,SYNTHETIC_DEMO
2023-10-30,Andhra Pradesh,Guntur,Guntur,Chilli,12754.07,12116.36,13391.77,415.4,Rs/quintal,SYNTHETIC_DEMO
2023-10-31,Andhra Pradesh,Guntur,Guntur,Chilli,12744.76,12107.53,13382.0,415.8,Rs/quintal,SYNTHETIC_DEMO
2023-11-01,Andhra Pradesh,Guntur,Guntur,Chilli,12621.65,11990.57,13252.74,488.5,Rs/quintal,SYNTHETIC_DEMO
2023-11-02,Andhra Pradesh,Guntur,Guntur,Chilli,12686.66,12052.33,13320.99,402.7,Rs/quintal,SYNTHETIC_DEMO
2023-11-03,Andhra Pradesh,Guntur,Guntur,Chilli,12723.5,12087.32,13359.67,567.4,Rs/quintal,SYNTHETIC_DEMO
2023-11-04,Andhra Pradesh,Guntur,Guntur,Chilli,12705.64,12070.36,13340.92,426.6,Rs/quintal,SYNTHETIC_DEMO
2023-11-05,Andhra Pradesh,Guntur,Guntur,Chilli,12654.54,12021.81,13287.26,724.8,Rs/quintal,SYNTHETIC_DEMO
2023-11-06,Andhra Pradesh,Guntur,Guntur,Chilli,12724.5,12088.28,13360.73,463.9,Rs/quintal,SYNTHETIC_DEMO
2023-11-07,Andhra Pradesh,Guntur,Guntur,Chilli,12767.73,12129.35,13406.12,505.8,Rs/quintal,SYNTHETIC_DEMO
2023-11-08,Andhra Pradesh,Guntur,Guntur,Chilli,12925.33,12279.07,13571.6,396.4,Rs/quintal,SYNTHETIC_DEMO
2023-11-09,Andhra Pradesh,Guntur,Guntur,Chilli,12973.54,12324.86,13622.21,636.5,Rs/quintal,SYNTHETIC_DEMO
2023-11-10,Andhra Pradesh,Guntur,Guntur,Chilli,13020.41,12369.39,13671.43,589.6,Rs/quintal,SYNTHETIC_DEMO
2023-11-11,Andhra Pradesh,Guntur,Guntur,Chilli,13036.71,12384.88,13688.55,523.8,Rs/quintal,SYNTHETIC_DEMO
2023-11-12,Andhra Pradesh,Guntur,Guntur,Chilli,13108.58,12453.15,13764.01,392.3,Rs/quintal,SYNTHETIC_DEMO
2023-11-13,Andhra Pradesh,Guntur,Guntur,Chilli,13170.19,12511.68,13828.7,516.9,Rs/quintal,SYNTHETIC_DEMO
2023-11-14,Andhra Pradesh,Guntur,Guntur,Chilli,13267.35,12603.98,13930.72,410.3,Rs/quintal,SYNTHETIC_DEMO
2023-11-15,Andhra Pradesh,Guntur,Guntur,Chilli,13265.68,12602.4,13928.96,617.0,Rs/quintal,SYNTHETIC_DEMO
2023-11-16,Andhra Pradesh,Guntur,Guntur,Chilli,13269.27,12605.81,13932.73,564.7,Rs/quintal,SYNTHETIC_DEMO
2023-11-17,Andhra Pradesh,Guntur,Guntur,Chilli,13270.86,12607.31,13934.4,507.6,Rs/quintal,SYNTHETIC_DEMO
2023-11-18,Andhra Pradesh,Guntur,Guntur,Chilli,13343.99,12676.79,14011.19,305.1,Rs/quintal,SYNTHETIC_DEMO
2023-11-19,Andhra Pradesh,Guntur,Guntur,Chilli,13457.18,12784.32,14130.04,421.3,Rs/quintal,SYNTHETIC_DEMO
2023-11-20,Andhra Pradesh,Guntur,Guntur,Chilli,13461.18,12788.13,14134.24,555.0,Rs/quintal,SYNTHETIC_DEMO
2023-11-21,Andhra Pradesh,Guntur,Guntur,Chilli,13467.51,12794.13,14140.88,597.0,Rs/quintal,SYNTHETIC_DEMO
2023-11-22,Andhra Pradesh,Guntur,Guntur,Chilli,13515.61,12839.83,14191.39,588.7,Rs/quintal,SYNTHETIC_DEMO
2023-11-23,Andhra Pradesh,Guntur,Guntur,Chilli,13532.76,12856.12,14209.4,372.6,Rs/quintal,SYNTHETIC_DEMO
2023-11-24,Andhra Pradesh,Guntur,Guntur,Chilli,13617.37,12936.5,14298.24,524.1,Rs/quintal,SYNTHETIC_DEMO
2023-11-25,Andhra Pradesh,Guntur,Guntur,Chilli,13522.95,12846.8,14199.09,581.2,Rs/quintal,SYNTHETIC_DEMO
2023-11-26,Andhra Pradesh,Guntur,Guntur,Chilli,13508.7,12833.26,14184.13,367.3,Rs/quintal,SYNTHETIC_DEMO
2023-11-27,Andhra Pradesh,Guntur,Guntur,Chilli,13497.29,12822.42,14172.15,499.4,Rs/quintal,SYNTHETIC_DEMO
2023-11-28,Andhra Pradesh,Guntur,Guntur,Chilli,13400.11,12730.1,14070.11,521.9,Rs/quintal,SYNTHETIC_DEMO
2023-11-29,Andhra Pradesh,Guntur,Guntur,Chilli,13379.25,12710.28,14048.21,475.9,Rs/quintal,SYNTHETIC_DEMO
2023-11-30,Andhra Pradesh,Guntur,Guntur,Chilli,13361.44,12693.36,14029.51,351.8,Rs/quintal,SYNTHETIC_DEMO
2023-12-01,Andhra Pradesh,Guntur,Guntur,Chilli,13383.94,12714.74,14053.13,473.9,Rs/quintal,SYNTHETIC_DEMO
2023-12-02,Andhra Pradesh,Guntur,Guntur,Chilli,13480.34,12806.33,14154.36,473.8,Rs/quintal,SYNTHETIC_DEMO
2023-12-03,Andhra Pradesh,Guntur,Guntur,Chilli,13501.01,12825.96,14176.06,488.2,Rs/quintal,SYNTHETIC_DEMO
2023-12-04,Andhra Pradesh,Guntur,Guntur,Chilli,13477.97,12804.07,14151.87,454.9,Rs/quintal,SYNTHETIC_DEMO
2023-12-05,Andhra Pradesh,Guntur,Guntur,Chilli,13509.75,12834.26,14185.24,464.6,Rs/quintal,SYNTHETIC_DEMO
2023-12-06,Andhra Pradesh,Guntur,Guntur,Chilli,13603.76,12923.57,14283.95,496.8,Rs/quintal,SYNTHETIC_DEMO
2023-12-07,Andhra Pradesh,Guntur,Guntur,Chilli,13584.63,12905.4,14263.86,535.4,Rs/quintal,SYNTHETIC_DEMO
2023-12-08,Andhra Pradesh,Guntur,Guntur,Chilli,13569.42,12890.95,14247.89,475.6,Rs/quintal,SYNTHETIC_DEMO
2023-12-09,Andhra Pradesh,Guntur,Guntur,Chilli,13636.73,12954.89,14318.56,467.2,Rs/quintal,SYNTHETIC_DEMO
2023-12-10,Andhra Pradesh,Guntur,Guntur,Chilli,13660.59,12977.56,14343.62,507.4,Rs/quintal,SYNTHETIC_DEMO
2023-12-11,Andhra Pradesh,Guntur,Guntur,Chilli,13733.35,13046.69,14420.02,346.3,Rs/quintal,SYNTHETIC_DEMO
2023-12-12,Andhra Pradesh,Guntur,Guntur,Chilli,13769.31,13080.85,14457.78,538.2,Rs/quintal,SYNTHETIC_DEMO
2023-12-13,Andhra Pradesh,Guntur,Guntur,Chilli,13845.54,13153.26,14537.81,500.0,Rs/quintal,SYNTHETIC_DEMO
2023-12-14,Andhra Pradesh,Guntur,Guntur,Chilli,13824.7,13133.47,14515.94,503.2,Rs/quintal,SYNTHETIC_DEMO
2023-12-15,Andhra Pradesh,Guntur,Guntur,Chilli,13861.35,13168.28,14554.42,576.9,Rs/quintal,SYNTHETIC_DEMO
2023-12-16,Andhra Pradesh,Guntur,Guntur,Chilli,13887.05,13192.7,14581.4,343.8,Rs/quintal,SYNTHETIC_DEMO
2023-12-17,Andhra Pradesh,Guntur,Guntur,Chilli,13856.63,13163.8,14549.46,342.1,Rs/quintal,SYNTHETIC_DEMO
2023-12-18,Andhra Pradesh,Guntur,Guntur,Chilli,13806.91,13116.56,14497.25,521.9,Rs/quintal,SYNTHETIC_DEMO
2023-12-19,Andhra Pradesh,Guntur,Guntur,Chilli,13883.29,13189.12,14577.45,499.4,Rs/quintal,SYNTHETIC_DEMO
2023-12-20,Andhra Pradesh,Guntur,Guntur,Chilli,13901.75,13206.66,14596.83,513.6,Rs/quintal,SYNTHETIC_DEMO
2023-12-21,Andhra Pradesh,Guntur,Guntur,Chilli,13882.74,13188.61,14576.88,463.0,Rs/quintal,SYNTHETIC_DEMO
2023-12-22,Andhra Pradesh,Guntur,Guntur,Chilli,13915.72,13219.93,14611.5,553.1,Rs/quintal,SYNTHETIC_DEMO
2023-12-23,Andhra Pradesh,Guntur,Guntur,Chilli,14017.35,13316.49,14718.22,574.6,Rs/quintal,SYNTHETIC_DEMO
2023-12-24,Andhra Pradesh,Guntur,Guntur,Chilli,13928.2,13231.79,14624.61,538.7,Rs/quintal,SYNTHETIC_DEMO
2023-12-25,Andhra Pradesh,Guntur,Guntur,Chilli,13883.03,13188.88,14577.18,479.1,Rs/quintal,SYNTHETIC_DEMO
2023-12-26,Andhra Pradesh,Guntur,Guntur,Chilli,13870.07,13176.57,14563.58,331.4,Rs/quintal,SYNTHETIC_DEMO
2023-12-27,Andhra Pradesh,Guntur,Guntur,Chilli,13990.69,13291.15,14690.22,561.5,Rs/quintal,SYNTHETIC_DEMO
2023-12-28,Andhra Pradesh,Guntur,Guntur,Chilli,14045.35,13343.09,14747.62,597.7,Rs/quintal,SYNTHETIC_DEMO
2023-12-29,Andhra Pradesh,Guntur,Guntur,Chilli,14127.21,13420.85,14833.57,551.6,Rs/quintal,SYNTHETIC_DEMO
2023-12-30,Andhra Pradesh,Guntur,Guntur,Chilli,14102.27,13397.16,14807.39,429.6,Rs/quintal,SYNTHETIC_DEMO
2023-12-31,Andhra Pradesh,Guntur,Guntur,Chilli,14078.52,13374.59,14782.44,553.9,Rs/quintal,SYNTHETIC_DEMO
2024-01-01,Andhra Pradesh,Guntur,Guntur,Chilli,14142.54,13435.42,14849.67,568.8,Rs/quintal,SYNTHETIC_DEMO
2024-01-02,Andhra Pradesh,Guntur,Guntur,Chilli,14184.75,13475.52,14893.99,624.7,Rs/quintal,SYNTHETIC_DEMO
2024-01-03,Andhra Pradesh,Guntur,Guntur,Chilli,14254.42,13541.7,14967.14,429.9,Rs/quintal,SYNTHETIC_DEMO
2024-01-04,Andhra Pradesh,Guntur,Guntur,Chilli,14282.83,13568.69,14996.97,481.9,Rs/quintal,SYNTHETIC_DEMO
2024-01-05,Andhra Pradesh,Guntur,Guntur,Chilli,14337.29,13620.42,15054.15,559.8,Rs/quintal,SYNTHETIC_DEMO
2024-01-06,Andhra Pradesh,Guntur,Guntur,Chilli,14384.98,13665.73,15104.23,504.6,Rs/quintal,SYNTHETIC_DEMO
2024-01-07,Andhra Pradesh,Guntur,Guntur,Chilli,14467.33,13743.96,15190.69,410.6,Rs/quintal,SYNTHETIC_DEMO
2024-01-08,Andhra Pradesh,Guntur,Guntur,Chilli,14551.24,13823.68,15278.8,533.2,Rs/quintal,SYNTHETIC_DEMO
2024-01-09,Andhra Pradesh,Guntur,Guntur,Chilli,14499.18,13774.22,15224.14,546.3,Rs/quintal,SYNTHETIC_DEMO
2024-01-10,Andhra Pradesh,Guntur,Guntur,Chilli,14411.89,13691.3,15132.49,507.0,Rs/quintal,SYNTHETIC_DEMO
2024-01-11,Andhra Pradesh,Guntur,Guntur,Chilli,14506.46,13781.13,15231.78,517.6,Rs/quintal,SYNTHETIC_DEMO
2024-01-12,Andhra Pradesh,Guntur,Guntur,Chilli,14611.33,13880.76,15341.9,479.3,Rs/quintal,SYNTHETIC_DEMO
2024-01-13,Andhra Pradesh,Guntur,Guntur,Chilli,14592.42,13862.8,15322.04,618.3,Rs/quintal,SYNTHETIC_DEMO
2024-01-14,Andhra Pradesh,Guntur,Guntur,Chilli,14526.38,13800.06,15252.7,427.9,Rs/quintal,SYNTHETIC_DEMO
2024-01-15,Andhra Pradesh,Guntur,Guntur,Chilli,14569.91,13841.41,15298.4,453.0,Rs/quintal,SYNTHETIC_DEMO
2024-01-16,Andhra Pradesh,Guntur,Guntur,Chilli,14659.86,13926.87,15392.86,500.9,Rs/quintal,SYNTHETIC_DEMO
2024-01-17,Andhra Pradesh,Guntur,Guntur,Chilli,14798.2,14058.29,15538.11,570.3,Rs/quintal,SYNTHETIC_DEMO
2024-01-18,Andhra Pradesh,Guntur,Guntur,Chilli,14864.61,14121.38,15607.84,380.2,Rs/quintal,SYNTHETIC_DEMO
2024-01-19,Andhra Pradesh,Guntur,Guntur,Chilli,14881.12,14137.06,15625.17,395.2,Rs/quintal,SYNTHETIC_DEMO
2024-01-20,Andhra Pradesh,Guntur,Guntur,Chilli,14868.23,14124.82,15611.65,337.0,Rs/quintal,SYNTHETIC_DEMO
2024-01-21,Andhra Pradesh,Guntur,Guntur,Chilli,14905.81,14160.52,15651.1,502.6,Rs/quintal,SYNTHETIC_DEMO
2024-01-22,Andhra Pradesh,Guntur,Guntur,Chilli,14925.77,14179.48,15672.06,410.5,Rs/quintal,SYNTHETIC_DEMO
2024-01-23,Andhra Pradesh,Guntur,Guntur,Chilli,14905.43,14160.16,15650.7,469.2,Rs/quintal,SYNTHETIC_DEMO
2024-01-24,Andhra Pradesh,Guntur,Guntur,Chilli,15056.43,14303.61,15809.25,552.9,Rs/quintal,SYNTHETIC_DEMO
2024-01-25,Andhra Pradesh,Guntur,Guntur,Chilli,15192.43,14432.81,15952.05,448.7,Rs/quintal,SYNTHETIC_DEMO
2024-01-26,Andhra Pradesh,Guntur,Guntur,Chilli,15291.83,14527.24,16056.42,518.5,Rs/quintal,SYNTHETIC_DEMO
2024-01-27,Andhra Pradesh,Guntur,Guntur,Chilli,15275.79,14512.0,16039.58,476.1,Rs/quintal,SYNTHETIC_DEMO
2024-01-28,Andhra Pradesh,Guntur,Guntur,Chilli,15358.92,14590.97,16126.87,553.8,Rs/quintal,SYNTHETIC_DEMO
2024-01-29,Andhra Pradesh,Guntur,Guntur,Chilli,15429.71,14658.23,16201.2,538.0,Rs/quintal,SYNTHETIC_DEMO
2024-01-30,Andhra Pradesh,Guntur,Guntur,Chilli,15489.18,14714.72,16263.64,444.6,Rs/quintal,SYNTHETIC_DEMO
2024-01-31,Andhra Pradesh,Guntur,Guntur,Chilli,15593.55,14813.87,16373.23,486.5,Rs/quintal,SYNTHETIC_DEMO
2024-02-01,Andhra Pradesh,Guntur,Guntur,Chilli,15663.21,14880.05,16446.37,583.5,Rs/quintal,SYNTHETIC_DEMO
2024-02-02,Andhra Pradesh,Guntur,Guntur,Chilli,15738.42,14951.5,16525.34,531.5,Rs/quintal,SYNTHETIC_DEMO
2024-02-03,Andhra Pradesh,Guntur,Guntur,Chilli,15807.52,15017.14,16597.9,388.2,Rs/quintal,SYNTHETIC_DEMO
2024-02-04,Andhra Pradesh,Guntur,Guntur,Chilli,15859.71,15066.72,16652.69,552.4,Rs/quintal,SYNTHETIC_DEMO
2024-02-05,Andhra Pradesh,Guntur,Guntur,Chilli,15792.59,15002.96,16582.22,413.2,Rs/quintal,SYNTHETIC_DEMO
2024-02-06,Andhra Pradesh,Guntur,Guntur,Chilli,15829.68,15038.19,16621.16,613.0,Rs/quintal,SYNTHETIC_DEMO
2024-02-07,Andhra Pradesh,Guntur,Guntur,Chilli,15830.57,15039.05,16622.1,581.9,Rs/quintal,SYNTHETIC_DEMO
2024-02-08,Andhra Pradesh,Guntur,Guntur,Chilli,15790.58,15001.05,16580.11,523.2,Rs/quintal,SYNTHETIC_DEMO
2024-02-09,Andhra Pradesh,Guntur,Guntur,Chilli,15916.06,15120.25,16711.86,512.6,Rs/quintal,SYNTHETIC_DEMO
2024-02-10,Andhra Pradesh,Guntur,Guntur,Chilli,16043.79,15241.6,16845.98,483.3,Rs/quintal,SYNTHETIC_DEMO
2024-02-11,Andhra Pradesh,Guntur,Guntur,Chilli,16150.42,15342.9,16957.94,554.3,Rs/quintal,SYNTHETIC_DEMO
2024-02-12,Andhra Pradesh,Guntur,Guntur,Chilli,16194.82,15385.08,17004.56,470.3,Rs/quintal,SYNTHETIC_DEMO
2024-02-13,Andhra Pradesh,Guntur,Guntur,Chilli,16300.16,15485.15,17115.17,518.8,Rs/quintal,SYNTHETIC_DEMO
2024-02-14,Andhra Pradesh,Guntur,Guntur,Chilli,16330.11,15513.61,17146.62,569.8,Rs/quintal,SYNTHETIC_DEMO
2024-02-15,Andhra Pradesh,Guntur,Guntur,Chilli,16370.32,15551.8,17188.84,455.1,Rs/quintal,SYNTHETIC_DEMO
2024-02-16,Andhra Pradesh,Guntur,Guntur,Chilli,16337.5,15520.63,17154.38,450.7,Rs/quintal,SYNTHETIC_DEMO
2024-02-17,Andhra Pradesh,Guntur,Guntur,Chilli,16387.71,15568.32,17207.09,404.5,Rs/quintal,SYNTHETIC_DEMO
2024-02-18,Andhra Pradesh,Guntur,Guntur,Chilli,16418.61,15597.68,17239.54,414.8,Rs/quintal,SYNTHETIC_DEMO
2024-02-19,Andhra Pradesh,Guntur,Guntur,Chilli,16372.73,15554.09,17191.37,353.7,Rs/quintal,SYNTHETIC_DEMO
2024-02-20,Andhra Pradesh,Guntur,Guntur,Chilli,16396.46,15576.64,17216.29,558.4,Rs/quintal,SYNTHETIC_DEMO
2024-02-21,Andhra Pradesh,Guntur,Guntur,Chilli,16418.13,15597.22,17239.03,644.7,Rs/quintal,SYNTHETIC_DEMO
2024-02-22,Andhra Pradesh,Guntur,Guntur,Chilli,16544.44,15717.22,17371.66,614.0,Rs/quintal,SYNTHETIC_DEMO
2024-02-23,Andhra Pradesh,Guntur,Guntur,Chilli,16619.68,15788.7,17450.67,369.9,Rs/quintal,SYNTHETIC_DEMO
2024-02-24,Andhra Pradesh,Guntur,Guntur,Chilli,16644.99,15812.74,17477.24,558.0,Rs/quintal,SYNTHETIC_DEMO
2024-02-25,Andhra Pradesh,Guntur,Guntur,Chilli,16683.1,15848.95,17517.26,613.8,Rs/quintal,SYNTHETIC_DEMO
2024-02-26,Andhra Pradesh,Guntur,Guntur,Chilli,16709.24,15873.78,17544.71,463.5,Rs/quintal,SYNTHETIC_DEMO
2024-02-27,Andhra Pradesh,Guntur,Guntur,Chilli,16721.04,15884.99,17557.09,508.1,Rs/quintal,SYNTHETIC_DEMO
2024-02-28,Andhra Pradesh,Guntur,Guntur,Chilli,16683.06,15848.91,17517.22,339.4,Rs/quintal,SYNTHETIC_DEMO
2024-02-29,Andhra Pradesh,Guntur,Guntur,Chilli,16696.72,15861.89,17531.56,521.3,Rs/quintal,SYNTHETIC_DEMO
2024-03-01,Andhra Pradesh,Guntur,Guntur,Chilli,16676.53,15842.7,17510.36,414.9,Rs/quintal,SYNTHETIC_DEMO
2024-03-02,Andhra Pradesh,Guntur,Guntur,Chilli,16627.57,15796.19,17458.94,516.0,Rs/quintal,SYNTHETIC_DEMO
2024-03-03,Andhra Pradesh,Guntur,Guntur,Chilli,16676.71,15842.87,17510.54,375.1,Rs/quintal,SYNTHETIC_DEMO
2024-03-04,Andhra Pradesh,Guntur,Guntur,Chilli,16718.59,15882.66,17554.52,543.4,Rs/quintal,SYNTHETIC_DEMO
2024-03-05,Andhra Pradesh,Guntur,Guntur,Chilli,16637.95,15806.05,17469.85,582.0,Rs/quintal,SYNTHETIC_DEMO
2024-03-06,Andhra Pradesh,Guntur,Guntur,Chilli,16649.95,15817.45,17482.44,437.3,Rs/quintal,SYNTHETIC_DEMO
2024-03-07,Andhra Pradesh,Guntur,Guntur,Chilli,16724.01,15887.81,17560.21,409.0,Rs/quintal,SYNTHETIC_DEMO
2024-03-08,Andhra Pradesh,Guntur,Guntur,Chilli,16801.06,15961.01,17641.12,327.5,Rs/quintal,SYNTHETIC_DEMO
2024-03-09,Andhra Pradesh,Guntur,Guntur,Chilli,16875.68,16031.9,17719.47,478.7,Rs/quintal,SYNTHETIC_DEMO
2024-03-10,Andhra Pradesh,Guntur,Guntur,Chilli,16894.46,16049.74,17739.18,453.5,Rs/quintal,SYNTHETIC_DEMO
2024-03-11,Andhra Pradesh,Guntur,Guntur,Chilli,16863.16,16020.0,17706.32,375.9,Rs/quintal,SYNTHETIC_DEMO
2024-03-12,Andhra Pradesh,Guntur,Guntur,Chilli,16817.91,15977.01,17658.81,536.2,Rs/quintal,SYNTHETIC_DEMO
2024-03-13,Andhra Pradesh,Guntur,Guntur,Chilli,16852.06,16009.46,17694.67,464.0,Rs/quintal,SYNTHETIC_DEMO
2024-03-14,Andhra Pradesh,Guntur,Guntur,Chilli,16887.57,16043.19,17731.95,413.9,Rs/quintal,SYNTHETIC_DEMO
2024-03-15,Andhra Pradesh,Guntur,Guntur,Chilli,16973.33,16124.67,17822.0,455.6,Rs/quintal,SYNTHETIC_DEMO
2024-03-16,Andhra Pradesh,Guntur,Guntur,Chilli,17048.01,16195.61,17900.41,585.7,Rs/quintal,SYNTHETIC_DEMO
2024-03-17,Andhra Pradesh,Guntur,Guntur,Chilli,17053.09,16200.43,17905.74,548.2,Rs/quintal,SYNTHETIC_DEMO
2024-03-18,Andhra Pradesh,Guntur,Guntur,Chilli,16995.29,16145.53,17845.06,489.6,Rs/quintal,SYNTHETIC_DEMO
2024-03-19,Andhra Pradesh,Guntur,Guntur,Chilli,16988.7,16139.26,17838.13,549.5,Rs/quintal,SYNTHETIC_DEMO
2024-03-20,Andhra Pradesh,Guntur,Guntur,Chilli,17011.54,16160.96,17862.11,407.1,Rs/quintal,SYNTHETIC_DEMO
2024-03-21,Andhra Pradesh,Guntur,Guntur,Chilli,17010.28,16159.77,17860.79,502.6,Rs/quintal,SYNTHETIC_DEMO
2024-03-22,Andhra Pradesh,Guntur,Guntur,Chilli,16987.37,16138.0,17836.74,511.8,Rs/quintal,SYNTHETIC_DEMO
2024-03-23,Andhra Pradesh,Guntur,Guntur,Chilli,17010.37,16159.85,17860.89,462.4,Rs/quintal,SYNTHETIC_DEMO
2024-03-24,Andhra Pradesh,Guntur,Guntur,Chilli,16990.37,16140.85,17839.89,534.8,Rs/quintal,SYNTHETIC_DEMO
2024-03-25,Andhra Pradesh,Guntur,Guntur,Chilli,16962.81,16114.67,17810.95,437.6,Rs/quintal,SYNTHETIC_DEMO
2024-03-26,Andhra Pradesh,Guntur,Guntur,Chilli,16987.24,16137.88,17836.6,540.8,Rs/quintal,SYNTHETIC_DEMO
2024-03-27,Andhra Pradesh,Guntur,Guntur,Chilli,16971.1,16122.55,17819.66,544.1,Rs/quintal,SYNTHETIC_DEMO
2024-03-28,Andhra Pradesh,Guntur,Guntur,Chilli,16990.53,16141.0,17840.05,266.6,Rs/quintal,SYNTHETIC_DEMO
2024-03-29,Andhra Pradesh,Guntur,Guntur,Chilli,17010.96,16160.41,17861.5,595.2,Rs/quintal,SYNTHETIC_DEMO
2024-03-30,Andhra Pradesh,Guntur,Guntur,Chilli,16951.66,16104.08,17799.24,256.2,Rs/quintal,SYNTHETIC_DEMO
2024-03-31,Andhra Pradesh,Guntur,Guntur,Chilli,16928.6,16082.17,17775.03,450.7,Rs/quintal,SYNTHETIC_DEMO
2024-04-01,Andhra Pradesh,Guntur,Guntur,Chilli,17012.38,16161.76,17863.0,582.0,Rs/quintal,SYNTHETIC_DEMO
2024-04-02,Andhra Pradesh,Guntur,Guntur,Chilli,16949.95,16102.45,17797.45,474.6,Rs/quintal,SYNTHETIC_DEMO
2024-04-03,Andhra Pradesh,Guntur,Guntur,Chilli,16833.44,15991.77,17675.11,382.7,Rs/quintal,SYNTHETIC_DEMO
2024-04-04,Andhra Pradesh,Guntur,Guntur,Chilli,16730.58,15894.05,17567.1,412.5,Rs/quintal,SYNTHETIC_DEMO
2024-04-05,Andhra Pradesh,Guntur,Guntur,Chilli,16732.98,15896.33,17569.63,582.2,Rs/quintal,SYNTHETIC_DEMO
2024-04-06,Andhra Pradesh,Guntur,Guntur,Chilli,16734.87,15898.13,17571.62,346.3,Rs/quintal,SYNTHETIC_DEMO
2024-04-07,Andhra Pradesh,Guntur,Guntur,Chilli,16727.82,15891.43,17564.22,590.3,Rs/quintal,SYNTHETIC_DEMO
2024-04-08,Andhra Pradesh,Guntur,Guntur,Chilli,16794.74,15955.0,17634.47,495.6,Rs/quintal,SYNTHETIC_DEMO
2024-04-09,Andhra Pradesh,Guntur,Guntur,Chilli,16643.36,15811.19,17475.53,404.6,Rs/quintal,SYNTHETIC_DEMO
2024-04-10,Andhra Pradesh,Guntur,Guntur,Chilli,16663.21,15830.05,17496.38,453.4,Rs/quintal,SYNTHETIC_DEMO
2024-04-11,Andhra Pradesh,Guntur,Guntur,Chilli,16747.72,15910.34,17585.11,418.6,Rs/quintal,SYNTHETIC_DEMO
2024-04-12,Andhra Pradesh,Guntur,Guntur,Chilli,16681.02,15846.97,17515.07,569.3,Rs/quintal,SYNTHETIC_DEMO
2024-04-13,Andhra Pradesh,Guntur,Guntur,Chilli,16655.6,15822.82,17488.38,558.6,Rs/quintal,SYNTHETIC_DEMO
2024-04-14,Andhra Pradesh,Guntur,Guntur,Chilli,16608.67,15778.23,17439.1,362.5,Rs/quintal,SYNTHETIC_DEMO
2024-04-15,Andhra Pradesh,Guntur,Guntur,Chilli,16553.21,15725.55,17380.87,467.7,Rs/quintal,SYNTHETIC_DEMO
2024-04-16,Andhra Pradesh,Guntur,Guntur,Chilli,16528.96,15702.51,17355.41,430.9,Rs/quintal,SYNTHETIC_DEMO
2024-04-17,Andhra Pradesh,Guntur,Guntur,Chilli,16602.32,15772.2,17432.43,603.5,Rs/quintal,SYNTHETIC_DEMO
2024-04-18,Andhra Pradesh,Guntur,Guntur,Chilli,16698.03,15863.13,17532.93,392.0,Rs/quintal,SYNTHETIC_DEMO
2024-04-19,Andhra Pradesh,Guntur,Guntur,Chilli,16671.44,15837.87,17505.01,628.3,Rs/quintal,SYNTHETIC_DEMO
2024-04-20,Andhra Pradesh,Guntur,Guntur,Chilli,16769.75,15931.27,17608.24,497.3,Rs/quintal,SYNTHETIC_DEMO
2024-04-21,Andhra Pradesh,Guntur,Guntur,Chilli,16762.79,15924.65,17600.92,407.0,Rs/quintal,SYNTHETIC_DEMO
2024-04-22,Andhra Pradesh,Guntur,Guntur,Chilli,16851.44,16008.87,17694.02,445.8,Rs/quintal,SYNTHETIC_DEMO
2024-04-23,Andhra Pradesh,Guntur,Guntur,Chilli,16836.09,15994.28,17677.89,435.9,Rs/quintal,SYNTHETIC_DEMO
2024-04-24,Andhra Pradesh,Guntur,Guntur,Chilli,16832.72,15991.08,17674.35,398.0,Rs/quintal,SYNTHETIC_DEMO
2024-04-25,Andhra Pradesh,Guntur,Guntur,Chilli,16841.9,15999.81,17684.0,507.6,Rs/quintal,SYNTHETIC_DEMO
2024-04-26,Andhra Pradesh,Guntur,Guntur,Chilli,17008.06,16157.66,17858.46,401.8,Rs/quintal,SYNTHETIC_DEMO
2024-04-27,Andhra Pradesh,Guntur,Guntur,Chilli,17043.31,16191.14,17895.48,325.6,Rs/quintal,SYNTHETIC_DEMO
2024-04-28,Andhra Pradesh,Guntur,Guntur,Chilli,16990.72,16141.18,17840.25,469.6,Rs/quintal,SYNTHETIC_DEMO
2024-04-29,Andhra Pradesh,Guntur,Guntur,Chilli,17031.44,16179.87,17883.01,355.8,Rs/quintal,SYNTHETIC_DEMO
2024-04-30,Andhra Pradesh,Guntur,Guntur,Chilli,16997.08,16147.23,17846.94,439.8,Rs/quintal,SYNTHETIC_DEMO
2024-05-01,Andhra Pradesh,Guntur,Guntur,Chilli,16955.01,16107.26,17802.77,427.3,Rs/quintal,SYNTHETIC_DEMO
2024-05-02,Andhra Pradesh,Guntur,Guntur,Chilli,16990.71,16141.18,17840.25,430.3,Rs/quintal,SYNTHETIC_DEMO
2024-05-03,Andhra Pradesh,Guntur,Guntur,Chilli,16976.73,16127.89,17825.57,660.1,Rs/quintal,SYNTHETIC_DEMO
2024-05-04,Andhra Pradesh,Guntur,Guntur,Chilli,16976.08,16127.27,17824.88,504.5,Rs/quintal,SYNTHETIC_DEMO
2024-05-05,Andhra Pradesh,Guntur,Guntur,Chilli,16960.08,16112.08,17808.08,519.6,Rs/quintal,SYNTHETIC_DEMO
2024-05-06,Andhra Pradesh,Guntur,Guntur,Chilli,16961.63,16113.55,17809.71,357.9,Rs/quintal,SYNTHETIC_DEMO
2024-05-07,Andhra Pradesh,Guntur,Guntur,Chilli,16967.61,16119.23,17815.99,447.7,Rs/quintal,SYNTHETIC_DEMO
2024-05-08,Andhra Pradesh,Guntur,Guntur,Chilli,16840.82,15998.78,17682.86,517.2,Rs/quintal,SYNTHETIC_DEMO
2024-05-09,Andhra Pradesh,Guntur,Guntur,Chilli,16859.33,16016.36,17702.29,418.0,Rs/quintal,SYNTHETIC_DEMO
2024-05-10,Andhra Pradesh,Guntur,Guntur,Chilli,16785.01,15945.76,17624.26,572.6,Rs/quintal,SYNTHETIC_DEMO
2024-05-11,Andhra Pradesh,Guntur,Guntur,Chilli,16684.44,15850.21,17518.66,403.8,Rs/quintal,SYNTHETIC_DEMO
2024-05-12,Andhra Pradesh,Guntur,Guntur,Chilli,16660.87,15827.83,17493.92,477.1,Rs/quintal,SYNTHETIC_DEMO
2024-05-13,Andhra Pradesh,Guntur,Guntur,Chilli,16644.81,15812.57,17477.05,453.1,Rs/quintal,SYNTHETIC_DEMO
2024-05-14,Andhra Pradesh,Guntur,Guntur,Chilli,16584.74,15755.5,17413.98,513.1,Rs/quintal,SYNTHETIC_DEMO
2024-05-15,Andhra Pradesh,Guntur,Guntur,Chilli,16609.58,15779.1,17440.06,448.8,Rs/quintal,SYNTHETIC_DEMO
2024-05-16,Andhra Pradesh,Guntur,Guntur,Chilli,16512.27,15686.66,17337.89,478.3,Rs/quintal,SYNTHETIC_DEMO
2024-05-17,Andhra Pradesh,Guntur,Guntur,Chilli,16466.89,15643.54,17290.23,481.1,Rs/quintal,SYNTHETIC_DEMO
2024-05-18,Andhra Pradesh,Guntur,Guntur,Chilli,16411.1,15590.55,17231.66,441.2,Rs/quintal,SYNTHETIC_DEMO
2024-05-19,Andhra Pradesh,Guntur,Guntur,Chilli,16385.02,15565.77,17204.28,538.8,Rs/quintal,SYNTHETIC_DEMO
2024-05-20,Andhra Pradesh,Guntur,Guntur,Chilli,16376.75,15557.91,17195.59,519.1,Rs/quintal,SYNTHETIC_DEMO
2024-05-21,Andhra Pradesh,Guntur,Guntur,Chilli,16296.0,15481.2,17110.8,492.9,Rs/quintal,SYNTHETIC_DEMO
2024-05-22,Andhra Pradesh,Guntur,Guntur,Chilli,16311.85,15496.26,17127.44,465.6,Rs/quintal,SYNTHETIC_DEMO
2024-05-23,Andhra Pradesh,Guntur,Guntur,Chilli,16290.26,15475.75,17104.78,563.7,Rs/quintal,SYNTHETIC_DEMO
2024-05-24,Andhra Pradesh,Guntur,Guntur,Chilli,16158.81,15350.87,16966.75,481.1,Rs/quintal,SYNTHETIC_DEMO
2024-05-25,Andhra Pradesh,Guntur,Guntur,Chilli,16023.24,15222.08,16824.41,475.5,Rs/quintal,SYNTHETIC_DEMO
2024-05-26,Andhra Pradesh,Guntur,Guntur,Chilli,15996.29,15196.48,16796.11,508.4,Rs/quintal,SYNTHETIC_DEMO
2024-05-27,Andhra Pradesh,Guntur,Guntur,Chilli,15957.29,15159.43,16755.16,635.7,Rs/quintal,SYNTHETIC_DEMO
2024-05-28,Andhra Pradesh,Guntur,Guntur,Chilli,15924.51,15128.29,16720.74,392.8,Rs/quintal,SYNTHETIC_DEMO
2024-05-29,Andhra Pradesh,Guntur,Guntur,Chilli,15895.62,15100.83,16690.4,561.6,Rs/quintal,SYNTHETIC_DEMO
2024-05-30,Andhra Pradesh,Guntur,Guntur,Chilli,15880.57,15086.55,16674.6,348.5,Rs/quintal,SYNTHETIC_DEMO
2024-05-31,Andhra Pradesh,Guntur,Guntur,Chilli,15905.64,15110.36,16700.92,517.4,Rs/quintal,SYNTHETIC_DEMO
2024-06-01,Andhra Pradesh,Guntur,Guntur,Chilli,15815.1,15024.34,16605.85,626.0,Rs/quintal,SYNTHETIC_DEMO
2024-06-02,Andhra Pradesh,Guntur,Guntur,Chilli,15720.83,14934.79,16506.87,539.1,Rs/quintal,SYNTHETIC_DEMO
2024-06-03,Andhra Pradesh,Guntur,Guntur,Chilli,15630.67,14849.13,16412.2,513.7,Rs/quintal,SYNTHETIC_DEMO
2024-06-04,Andhra Pradesh,Guntur,Guntur,Chilli,15617.62,14836.73,16398.5,455.2,Rs/quintal,SYNTHETIC_DEMO
2024-06-05,Andhra Pradesh,Guntur,Guntur,Chilli,15657.82,14874.93,16440.71,502.5,Rs/quintal,SYNTHETIC_DEMO
2024-06-06,Andhra Pradesh,Guntur,Guntur,Chilli,15603.87,14823.68,16384.07,479.8,Rs/quintal,SYNTHETIC_DEMO
2024-06-07,Andhra Pradesh,Guntur,Guntur,Chilli,15433.73,14662.04,16205.41,437.1,Rs/quintal,SYNTHETIC_DEMO
2024-06-08,Andhra Pradesh,Guntur,Guntur,Chilli,15307.99,14542.59,16073.39,476.8,Rs/quintal,SYNTHETIC_DEMO
2024-06-09,Andhra Pradesh,Guntur,Guntur,Chilli,15230.79,14469.25,15992.33,515.9,Rs/quintal,SYNTHETIC_DEMO
2024-06-10,Andhra Pradesh,Guntur,Guntur,Chilli,15168.77,14410.33,15927.21,438.6,Rs/quintal,SYNTHETIC_DEMO
2024-06-11,Andhra Pradesh,Guntur,Guntur,Chilli,15114.89,14359.14,15870.63,435.5,Rs/quintal,SYNTHETIC_DEMO
2024-06-12,Andhra Pradesh,Guntur,Guntur,Chilli,15085.82,14331.53,15840.11,391.2,Rs/quintal,SYNTHETIC_DEMO
2024-06-13,Andhra Pradesh,Guntur,Guntur,Chilli,15036.93,14285.08,15788.78,531.3,Rs/quintal,SYNTHETIC_DEMO
2024-06-14,Andhra Pradesh,Guntur,Guntur,Chilli,15064.06,14310.86,15817.27,543.6,Rs/quintal,SYNTHETIC_DEMO
2024-06-15,Andhra Pradesh,Guntur,Guntur,Chilli,14994.39,14244.68,15744.11,518.5,Rs/quintal,SYNTHETIC_DEMO
2024-06-16,Andhra Pradesh,Guntur,Guntur,Chilli,14914.12,14168.41,15659.82,577.2,Rs/quintal,SYNTHETIC_DEMO
2024-06-17,Andhra Pradesh,Guntur,Guntur,Chilli,14908.78,14163.34,15654.22,507.0,Rs/quintal,SYNTHETIC_DEMO
2024-06-18,Andhra Pradesh,Guntur,Guntur,Chilli,14790.48,14050.96,15530.01,531.4,Rs/quintal,SYNTHETIC_DEMO
2024-06-19,Andhra Pradesh,Guntur,Guntur,Chilli,14779.86,14040.87,15518.85,524.3,Rs/quintal,SYNTHETIC_DEMO
2024-06-20,Andhra Pradesh,Guntur,Guntur,Chilli,14753.02,14015.37,15490.67,492.7,Rs/quintal,SYNTHETIC_DEMO
2024-06-21,Andhra Pradesh,Guntur,Guntur,Chilli,14712.06,13976.46,15447.66,457.5,Rs/quintal,SYNTHETIC_DEMO
2024-06-22,Andhra Pradesh,Guntur,Guntur,Chilli,14768.19,14029.78,15506.6,677.1,Rs/quintal,SYNTHETIC_DEMO
2024-06-23,Andhra Pradesh,Guntur,Guntur,Chilli,14700.43,13965.41,15435.45,463.8,Rs/quintal,SYNTHETIC_DEMO
2024-06-24,Andhra Pradesh,Guntur,Guntur,Chilli,14782.8,14043.66,15521.94,446.7,Rs/quintal,SYNTHETIC_DEMO
2024-06-25,Andhra Pradesh,Guntur,Guntur,Chilli,14737.09,14000.23,15473.94,534.7,Rs/quintal,SYNTHETIC_DEMO
2024-06-26,Andhra Pradesh,Guntur,Guntur,Chilli,14632.42,13900.8,15364.04,520.1,Rs/quintal,SYNTHETIC_DEMO
2024-06-27,Andhra Pradesh,Guntur,Guntur,Chilli,14603.12,13872.96,15333.27,387.6,Rs/quintal,SYNTHETIC_DEMO
2024-06-28,Andhra Pradesh,Guntur,Guntur,Chilli,14509.58,13784.1,15235.06,589.8,Rs/quintal,SYNTHETIC_DEMO
2024-06-29,Andhra Pradesh,Guntur,Guntur,Chilli,14434.18,13712.47,15155.89,492.5,Rs/quintal,SYNTHETIC_DEMO
2024-06-30,Andhra Pradesh,Guntur,Guntur,Chilli,14423.09,13701.94,15144.24,411.1,Rs/quintal,SYNTHETIC_DEMO
2024-07-01,Andhra Pradesh,Guntur,Guntur,Chilli,14420.86,13699.82,15141.9,595.1,Rs/quintal,SYNTHETIC_DEMO
2024-07-02,Andhra Pradesh,Guntur,Guntur,Chilli,14352.67,13635.03,15070.3,550.1,Rs/quintal,SYNTHETIC_DEMO
2024-07-03,Andhra Pradesh,Guntur,Guntur,Chilli,14374.62,13655.89,15093.35,398.8,Rs/quintal,SYNTHETIC_DEMO
2024-07-04,Andhra Pradesh,Guntur,Guntur,Chilli,14406.11,13685.81,15126.42,642.2,Rs/quintal,SYNTHETIC_DEMO
2024-07-05,Andhra Pradesh,Guntur,Guntur,Chilli,14453.24,13730.58,15175.9,552.7,Rs/quintal,SYNTHETIC_DEMO
2024-07-06,Andhra Pradesh,Guntur,Guntur,Chilli,14449.63,13727.14,15172.11,499.2,Rs/quintal,SYNTHETIC_DEMO
2024-07-07,Andhra Pradesh,Guntur,Guntur,Chilli,14492.76,13768.12,15217.4,627.2,Rs/quintal,SYNTHETIC_DEMO
2024-07-08,Andhra Pradesh,Guntur,Guntur,Chilli,14354.28,13636.57,15072.0,512.7,Rs/quintal,SYNTHETIC_DEMO
2024-07-09,Andhra Pradesh,Guntur,Guntur,Chilli,14303.39,13588.22,15018.56,497.8,Rs/quintal,SYNTHETIC_DEMO
2024-07-10,Andhra Pradesh,Guntur,Guntur,Chilli,14221.83,13510.74,14932.92,447.2,Rs/quintal,SYNTHETIC_DEMO
2024-07-11,Andhra Pradesh,Guntur,Guntur,Chilli,14195.59,13485.81,14905.37,546.5,Rs/quintal,SYNTHETIC_DEMO
2024-07-12,Andhra Pradesh,Guntur,Guntur,Chilli,14130.78,13424.24,14837.31,538.1,Rs/quintal,SYNTHETIC_DEMO
2024-07-13,Andhra Pradesh,Guntur,Guntur,Chilli,14088.77,13384.33,14793.21,501.2,Rs/quintal,SYNTHETIC_DEMO
2024-07-14,Andhra Pradesh,Guntur,Guntur,Chilli,14161.59,13453.51,14869.67,436.8,Rs/quintal,SYNTHETIC_DEMO
2024-07-15,Andhra Pradesh,Guntur,Guntur,Chilli,14119.64,13413.65,14825.62,510.4,Rs/quintal,SYNTHETIC_DEMO
2024-07-16,Andhra Pradesh,Guntur,Guntur,Chilli,14110.5,13404.98,14816.03,494.4,Rs/quintal,SYNTHETIC_DEMO
2024-07-17,Andhra Pradesh,Guntur,Guntur,Chilli,14065.35,13362.08,14768.61,393.3,Rs/quintal,SYNTHETIC_DEMO
2024-07-18,Andhra Pradesh,Guntur,Guntur,Chilli,14037.6,13335.72,14739.48,382.3,Rs/quintal,SYNTHETIC_DEMO
2024-07-19,Andhra Pradesh,Guntur,Guntur,Chilli,14006.12,13305.82,14706.43,545.2,Rs/quintal,SYNTHETIC_DEMO
2024-07-20,Andhra Pradesh,Guntur,Guntur,Chilli,13999.6,13299.62,14699.58,291.8,Rs/quintal,SYNTHETIC_DEMO
2024-07-21,Andhra Pradesh,Guntur,Guntur,Chilli,14033.43,13331.75,14735.1,516.4,Rs/quintal,SYNTHETIC_DEMO
2024-07-22,Andhra Pradesh,Guntur,Guntur,Chilli,14094.45,13389.73,14799.17,461.8,Rs/quintal,SYNTHETIC_DEMO
2024-07-23,Andhra Pradesh,Guntur,Guntur,Chilli,14080.78,13376.74,14784.82,604.7,Rs/quintal,SYNTHETIC_DEMO
2024-07-24,Andhra Pradesh,Guntur,Guntur,Chilli,14083.0,13378.85,14787.15,460.5,Rs/quintal,SYNTHETIC_DEMO
2024-07-25,Andhra Pradesh,Guntur,Guntur,Chilli,13988.0,13288.6,14687.4,552.8,Rs/quintal,SYNTHETIC_DEMO
2024-07-26,Andhra Pradesh,Guntur,Guntur,Chilli,13952.77,13255.14,14650.41,468.2,Rs/quintal,SYNTHETIC_DEMO
2024-07-27,Andhra Pradesh,Guntur,Guntur,Chilli,13975.38,13276.61,14674.15,509.1,Rs/quintal,SYNTHETIC_DEMO
2024-07-28,Andhra Pradesh,Guntur,Guntur,Chilli,13994.08,13294.38,14693.79,558.9,Rs/quintal,SYNTHETIC_DEMO
2024-07-29,Andhra Pradesh,Guntur,Guntur,Chilli,13976.42,13277.6,14675.24,463.0,Rs/quintal,SYNTHETIC_DEMO
2024-07-30,Andhra Pradesh,Guntur,Guntur,Chilli,13996.83,13296.98,14696.67,579.7,Rs/quintal,SYNTHETIC_DEMO
2024-07-31,Andhra Pradesh,Guntur,Guntur,Chilli,13995.37,13295.6,14695.14,420.5,Rs/quintal,SYNTHETIC_DEMO
2024-08-01,Andhra Pradesh,Guntur,Guntur,Chilli,14033.95,13332.25,14735.65,523.6,Rs/quintal,SYNTHETIC_DEMO
2024-08-02,Andhra Pradesh,Guntur,Guntur,Chilli,14021.83,13320.74,14722.93,573.8,Rs/quintal,SYNTHETIC_DEMO
2024-08-03,Andhra Pradesh,Guntur,Guntur,Chilli,13973.91,13275.22,14672.61,552.8,Rs/quintal,SYNTHETIC_DEMO
2024-08-04,Andhra Pradesh,Guntur,Guntur,Chilli,13965.05,13266.8,14663.3,653.3,Rs/quintal,SYNTHETIC_DEMO
2024-08-05,Andhra Pradesh,Guntur,Guntur,Chilli,13773.6,13084.92,14462.28,438.9,Rs/quintal,SYNTHETIC_DEMO
2024-08-06,Andhra Pradesh,Guntur,Guntur,Chilli,13768.06,13079.66,14456.46,389.7,Rs/quintal,SYNTHETIC_DEMO
2024-08-07,Andhra Pradesh,Guntur,Guntur,Chilli,13537.12,12860.26,14213.98,420.5,Rs/quintal,SYNTHETIC_DEMO
2024-08-08,Andhra Pradesh,Guntur,Guntur,Chilli,13414.35,12743.63,14085.06,552.8,Rs/quintal,SYNTHETIC_DEMO
2024-08-09,Andhra Pradesh,Guntur,Guntur,Chilli,13413.76,12743.07,14084.44,539.8,Rs/quintal,SYNTHETIC_DEMO
2024-08-10,Andhra Pradesh,Guntur,Guntur,Chilli,13414.99,12744.24,14085.74,508.2,Rs/quintal,SYNTHETIC_DEMO
2024-08-11,Andhra Pradesh,Guntur,Guntur,Chilli,13324.79,12658.55,13991.02,410.2,Rs/quintal,SYNTHETIC_DEMO
2024-08-12,Andhra Pradesh,Guntur,Guntur,Chilli,13260.19,12597.18,13923.2,561.3,Rs/quintal,SYNTHETIC_DEMO
2024-08-13,Andhra Pradesh,Guntur,Guntur,Chilli,13312.64,12647.01,13978.27,402.0,Rs/quintal,SYNTHETIC_DEMO
2024-08-14,Andhra Pradesh,Guntur,Guntur,Chilli,13261.64,12598.56,13924.73,592.7,Rs/quintal,SYNTHETIC_DEMO
2024-08-15,Andhra Pradesh,Guntur,Guntur,Chilli,13363.78,12695.59,14031.97,728.6,Rs/quintal,SYNTHETIC_DEMO
2024-08-16,Andhra Pradesh,Guntur,Guntur,Chilli,13340.64,12673.61,14007.67,529.3,Rs/quintal,SYNTHETIC_DEMO
2024-08-17,Andhra Pradesh,Guntur,Guntur,Chilli,13340.89,12673.85,14007.94,546.6,Rs/quintal,SYNTHETIC_DEMO
2024-08-18,Andhra Pradesh,Guntur,Guntur,Chilli,13409.29,12738.82,14079.75,460.6,Rs/quintal,SYNTHETIC_DEMO
2024-08-19,Andhra Pradesh,Guntur,Guntur,Chilli,13394.93,12725.18,14064.68,355.2,Rs/quintal,SYNTHETIC_DEMO
2024-08-20,Andhra Pradesh,Guntur,Guntur,Chilli,13317.56,12651.69,13983.44,451.8,Rs/quintal,SYNTHETIC_DEMO
2024-08-21,Andhra Pradesh,Guntur,Guntur,Chilli,13290.65,12626.12,13955.19,412.6,Rs/quintal,SYNTHETIC_DEMO
2024-08-22,Andhra Pradesh,Guntur,Guntur,Chilli,13268.37,12604.95,13931.79,384.2,Rs/quintal,SYNTHETIC_DEMO
2024-08-23,Andhra Pradesh,Guntur,Guntur,Chilli,13172.14,12513.53,13830.74,637.8,Rs/quintal,SYNTHETIC_DEMO
2024-08-24,Andhra Pradesh,Guntur,Guntur,Chilli,13138.49,12481.56,13795.41,521.8,Rs/quintal,SYNTHETIC_DEMO
2024-08-25,Andhra Pradesh,Guntur,Guntur,Chilli,13078.1,12424.2,13732.01,530.4,Rs/quintal,SYNTHETIC_DEMO
2024-08-26,Andhra Pradesh,Guntur,Guntur,Chilli,13111.54,12455.97,13767.12,475.3,Rs/quintal,SYNTHETIC_DEMO
2024-08-27,Andhra Pradesh,Guntur,Guntur,Chilli,13095.67,12440.89,13750.45,486.2,Rs/quintal,SYNTHETIC_DEMO
2024-08-28,Andhra Pradesh,Guntur,Guntur,Chilli,13062.53,12409.41,13715.66,577.2,Rs/quintal,SYNTHETIC_DEMO
2024-08-29,Andhra Pradesh,Guntur,Guntur,Chilli,13039.81,12387.82,13691.8,497.4,Rs/quintal,SYNTHETIC_DEMO
2024-08-30,Andhra Pradesh,Guntur,Guntur,Chilli,13036.05,12384.25,13687.85,542.5,Rs/quintal,SYNTHETIC_DEMO
2024-08-31,Andhra Pradesh,Guntur,Guntur,Chilli,13054.87,12402.12,13707.61,484.3,Rs/quintal,SYNTHETIC_DEMO
2024-09-01,Andhra Pradesh,Guntur,Guntur,Chilli,12983.7,12334.51,13632.88,472.6,Rs/quintal,SYNTHETIC_DEMO
2024-09-02,Andhra Pradesh,Guntur,Guntur,Chilli,12910.73,12265.19,13556.26,387.4,Rs/quintal,SYNTHETIC_DEMO
2024-09-03,Andhra Pradesh,Guntur,Guntur,Chilli,12958.5,12310.57,13606.42,341.8,Rs/quintal,SYNTHETIC_DEMO
2024-09-04,Andhra Pradesh,Guntur,Guntur,Chilli,12921.86,12275.77,13567.96,479.1,Rs/quintal,SYNTHETIC_DEMO
2024-09-05,Andhra Pradesh,Guntur,Guntur,Chilli,12829.53,12188.06,13471.01,504.5,Rs/quintal,SYNTHETIC_DEMO
2024-09-06,Andhra Pradesh,Guntur,Guntur,Chilli,12841.97,12199.87,13484.06,397.1,Rs/quintal,SYNTHETIC_DEMO
2024-09-07,Andhra Pradesh,Guntur,Guntur,Chilli,12856.06,12213.26,13498.86,497.2,Rs/quintal,SYNTHETIC_DEMO
2024-09-08,Andhra Pradesh,Guntur,Guntur,Chilli,12759.05,12121.1,13397.01,504.3,Rs/quintal,SYNTHETIC_DEMO
2024-09-09,Andhra Pradesh,Guntur,Guntur,Chilli,12761.19,12123.13,13399.25,327.5,Rs/quintal,SYNTHETIC_DEMO
2024-09-10,Andhra Pradesh,Guntur,Guntur,Chilli,12792.26,12152.64,13431.87,426.8,Rs/quintal,SYNTHETIC_DEMO
2024-09-11,Andhra Pradesh,Guntur,Guntur,Chilli,12803.67,12163.49,13443.86,532.6,Rs/quintal,SYNTHETIC_DEMO
2024-09-12,Andhra Pradesh,Guntur,Guntur,Chilli,12830.1,12188.6,13471.61,531.0,Rs/quintal,SYNTHETIC_DEMO
2024-09-13,Andhra Pradesh,Guntur,Guntur,Chilli,12743.1,12105.94,13380.25,407.7,Rs/quintal,SYNTHETIC_DEMO
2024-09-14,Andhra Pradesh,Guntur,Guntur,Chilli,12753.86,12116.16,13391.55,512.7,Rs/quintal,SYNTHETIC_DEMO
2024-09-15,Andhra Pradesh,Guntur,Guntur,Chilli,12729.73,12093.24,13366.21,581.8,Rs/quintal,SYNTHETIC_DEMO
2024-09-16,Andhra Pradesh,Guntur,Guntur,Chilli,12696.11,12061.31,13330.92,562.2,Rs/quintal,SYNTHETIC_DEMO
2024-09-17,Andhra Pradesh,Guntur,Guntur,Chilli,12738.88,12101.94,13375.83,492.4,Rs/quintal,SYNTHETIC_DEMO
2024-09-18,Andhra Pradesh,Guntur,Guntur,Chilli,12816.35,12175.53,13457.17,462.6,Rs/quintal,SYNTHETIC_DEMO
2024-09-19,Andhra Pradesh,Guntur,Guntur,Chilli,12912.07,12266.46,13557.67,449.7,Rs/quintal,SYNTHETIC_DEMO
2024-09-20,Andhra Pradesh,Guntur,Guntur,Chilli,12981.54,12332.46,13630.62,537.4,Rs/quintal,SYNTHETIC_DEMO
2024-09-21,Andhra Pradesh,Guntur,Guntur,Chilli,12971.85,12323.26,13620.44,515.6,Rs/quintal,SYNTHETIC_DEMO
2024-09-22,Andhra Pradesh,Guntur,Guntur,Chilli,12988.67,12339.24,13638.1,550.4,Rs/quintal,SYNTHETIC_DEMO
2024-09-23,Andhra Pradesh,Guntur,Guntur,Chilli,13029.29,12377.83,13680.76,510.5,Rs/quintal,SYNTHETIC_DEMO
2024-09-24,Andhra Pradesh,Guntur,Guntur,Chilli,13034.38,12382.66,13686.1,565.5,Rs/quintal,SYNTHETIC_DEMO
2024-09-25,Andhra Pradesh,Guntur,Guntur,Chilli,13040.62,12388.59,13692.65,507.6,Rs/quintal,SYNTHETIC_DEMO
2024-09-26,Andhra Pradesh,Guntur,Guntur,Chilli,13086.29,12431.97,13740.6,562.8,Rs/quintal,SYNTHETIC_DEMO
2024-09-27,Andhra Pradesh,Guntur,Guntur,Chilli,13083.13,12428.97,13737.28,569.7,Rs/quintal,SYNTHETIC_DEMO
2024-09-28,Andhra Pradesh,Guntur,Guntur,Chilli,13043.07,12390.91,13695.22,435.6,Rs/quintal,SYNTHETIC_DEMO
2024-09-29,Andhra Pradesh,Guntur,Guntur,Chilli,13021.26,12370.19,13672.32,355.3,Rs/quintal,SYNTHETIC_DEMO
2024-09-30,Andhra Pradesh,Guntur,Guntur,Chilli,13058.78,12405.84,13711.72,623.5,Rs/quintal,SYNTHETIC_DEMO
2024-10-01,Andhra Pradesh,Guntur,Guntur,Chilli,13061.59,12408.51,13714.67,520.5,Rs/quintal,SYNTHETIC_DEMO
2024-10-02,Andhra Pradesh,Guntur,Guntur,Chilli,13083.91,12429.71,13738.1,362.8,Rs/quintal,SYNTHETIC_DEMO
2024-10-03,Andhra Pradesh,Guntur,Guntur,Chilli,13125.32,12469.05,13781.59,442.9,Rs/quintal,SYNTHETIC_DEMO
2024-10-04,Andhra Pradesh,Guntur,Guntur,Chilli,13108.84,12453.4,13764.28,561.7,Rs/quintal,SYNTHETIC_DEMO
2024-10-05,Andhra Pradesh,Guntur,Guntur,Chilli,13156.32,12498.51,13814.14,477.6,Rs/quintal,SYNTHETIC_DEMO
2024-10-06,Andhra Pradesh,Guntur,Guntur,Chilli,13183.29,12524.13,13842.45,459.0,Rs/quintal,SYNTHETIC_DEMO
2024-10-07,Andhra Pradesh,Guntur,Guntur,Chilli,13120.51,12464.49,13776.54,612.1,Rs/quintal,SYNTHETIC_DEMO
2024-10-08,Andhra Pradesh,Guntur,Guntur,Chilli,13208.27,12547.86,13868.69,416.2,Rs/quintal,SYNTHETIC_DEMO
2024-10-09,Andhra Pradesh,Guntur,Guntur,Chilli,13187.84,12528.45,13847.23,436.1,Rs/quintal,SYNTHETIC_DEMO
2024-10-10,Andhra Pradesh,Guntur,Guntur,Chilli,13103.38,12448.21,13758.55,516.9,Rs/quintal,SYNTHETIC_DEMO
2024-10-11,Andhra Pradesh,Guntur,Guntur,Chilli,13053.69,12401.01,13706.38,531.2,Rs/quintal,SYNTHETIC_DEMO
2024-10-12,Andhra Pradesh,Guntur,Guntur,Chilli,13005.97,12355.67,13656.27,539.7,Rs/quintal,SYNTHETIC_DEMO
2024-10-13,Andhra Pradesh,Guntur,Guntur,Chilli,13018.95,12368.0,13669.9,572.9,Rs/quintal,SYNTHETIC_DEMO
2024-10-14,Andhra Pradesh,Guntur,Guntur,Chilli,13014.29,12363.57,13665.0,515.9,Rs/quintal,SYNTHETIC_DEMO
2024-10-15,Andhra Pradesh,Guntur,Guntur,Chilli,13006.7,12356.37,13657.04,539.2,Rs/quintal,SYNTHETIC_DEMO
2024-10-16,Andhra Pradesh,Guntur,Guntur,Chilli,13053.28,12400.62,13705.95,479.3,Rs/quintal,SYNTHETIC_DEMO
2024-10-17,Andhra Pradesh,Guntur,Guntur,Chilli,13084.8,12430.56,13739.04,505.0,Rs/quintal,SYNTHETIC_DEMO
2024-10-18,Andhra Pradesh,Guntur,Guntur,Chilli,13115.58,12459.8,13771.36,508.6,Rs/quintal,SYNTHETIC_DEMO
2024-10-19,Andhra Pradesh,Guntur,Guntur,Chilli,13152.2,12494.59,13809.81,517.2,Rs/quintal,SYNTHETIC_DEMO
2024-10-20,Andhra Pradesh,Guntur,Guntur,Chilli,13200.97,12540.92,13861.02,561.8,Rs/quintal,SYNTHETIC_DEMO
2024-10-21,Andhra Pradesh,Guntur,Guntur,Chilli,13097.78,12442.89,13752.67,544.4,Rs/quintal,SYNTHETIC_DEMO
2024-10-22,Andhra Pradesh,Guntur,Guntur,Chilli,13092.81,12438.17,13747.45,503.5,Rs/quintal,SYNTHETIC_DEMO
2024-10-23,Andhra Pradesh,Guntur,Guntur,Chilli,12986.74,12337.4,13636.08,435.3,Rs/quintal,SYNTHETIC_DEMO
2024-10-24,Andhra Pradesh,Guntur,Guntur,Chilli,13005.36,12355.09,13655.63,505.4,Rs/quintal,SYNTHETIC_DEMO
2024-10-25,Andhra Pradesh,Guntur,Guntur,Chilli,13022.27,12371.16,13673.38,497.8,Rs/quintal,SYNTHETIC_DEMO
2024-10-26,Andhra Pradesh,Guntur,Guntur,Chilli,13098.56,12443.63,13753.49,515.5,Rs/quintal,SYNTHETIC_DEMO
2024-10-27,Andhra Pradesh,Guntur,Guntur,Chilli,13183.37,12524.2,13842.54,676.5,Rs/quintal,SYNTHETIC_DEMO
2024-10-28,Andhra Pradesh,Guntur,Guntur,Chilli,13213.59,12552.91,13874.27,458.1,Rs/quintal,SYNTHETIC_DEMO
2024-10-29,Andhra Pradesh,Guntur,Guntur,Chilli,13204.99,12544.74,13865.24,533.8,Rs/quintal,SYNTHETIC_DEMO
2024-10-30,Andhra Pradesh,Guntur,Guntur,Chilli,13252.13,12589.52,13914.73,585.5,Rs/quintal,SYNTHETIC_DEMO
2024-10-31,Andhra Pradesh,Guntur,Guntur,Chilli,13243.08,12580.92,13905.23,507.8,Rs/quintal,SYNTHETIC_DEMO
2024-11-01,Andhra Pradesh,Guntur,Guntur,Chilli,13264.05,12600.85,13927.26,687.0,Rs/quintal,SYNTHETIC_DEMO
2024-11-02,Andhra Pradesh,Guntur,Guntur,Chilli,13340.87,12673.82,14007.91,469.8,Rs/quintal,SYNTHETIC_DEMO
2024-11-03,Andhra Pradesh,Guntur,Guntur,Chilli,13331.75,12665.16,13998.34,525.9,Rs/quintal,SYNTHETIC_DEMO
2024-11-04,Andhra Pradesh,Guntur,Guntur,Chilli,13399.51,12729.53,14069.48,436.1,Rs/quintal,SYNTHETIC_DEMO
2024-11-05,Andhra Pradesh,Guntur,Guntur,Chilli,13460.6,12787.57,14133.63,471.9,Rs/quintal,SYNTHETIC_DEMO
2024-11-06,Andhra Pradesh,Guntur,Guntur,Chilli,13430.8,12759.26,14102.34,519.9,Rs/quintal,SYNTHETIC_DEMO
2024-11-07,Andhra Pradesh,Guntur,Guntur,Chilli,13509.51,12834.03,14184.99,567.7,Rs/quintal,SYNTHETIC_DEMO
2024-11-08,Andhra Pradesh,Guntur,Guntur,Chilli,13573.3,12894.64,14251.97,525.5,Rs/quintal,SYNTHETIC_DEMO
2024-11-09,Andhra Pradesh,Guntur,Guntur,Chilli,13604.17,12923.97,14284.38,600.7,Rs/quintal,SYNTHETIC_DEMO
2024-11-10,Andhra Pradesh,Guntur,Guntur,Chilli,13587.13,12907.78,14266.49,492.4,Rs/quintal,SYNTHETIC_DEMO
2024-11-11,Andhra Pradesh,Guntur,Guntur,Chilli,13565.15,12886.89,14243.41,473.4,Rs/quintal,SYNTHETIC_DEMO
2024-11-12,Andhra Pradesh,Guntur,Guntur,Chilli,13561.64,12883.56,14239.72,716.3,Rs/quintal,SYNTHETIC_DEMO
2024-11-13,Andhra Pradesh,Guntur,Guntur,Chilli,13619.09,12938.14,14300.05,531.5,Rs/quintal,SYNTHETIC_DEMO
2024-11-14,Andhra Pradesh,Guntur,Guntur,Chilli,13593.1,12913.44,14272.75,442.4,Rs/quintal,SYNTHETIC_DEMO
2024-11-15,Andhra Pradesh,Guntur,Guntur,Chilli,13645.57,12963.29,14327.85,444.5,Rs/quintal,SYNTHETIC_DEMO
2024-11-16,Andhra Pradesh,Guntur,Guntur,Chilli,13604.45,12924.23,14284.67,424.6,Rs/quintal,SYNTHETIC_DEMO
2024-11-17,Andhra Pradesh,Guntur,Guntur,Chilli,13621.88,12940.78,14302.97,574.9,Rs/quintal,SYNTHETIC_DEMO
2024-11-18,Andhra Pradesh,Guntur,Guntur,Chilli,13657.29,12974.43,14340.16,470.8,Rs/quintal,SYNTHETIC_DEMO
2024-11-19,Andhra Pradesh,Guntur,Guntur,Chilli,13823.92,13132.72,14515.12,510.2,Rs/quintal,SYNTHETIC_DEMO
2024-11-20,Andhra Pradesh,Guntur,Guntur,Chilli,13776.9,13088.06,14465.75,494.9,Rs/quintal,SYNTHETIC_DEMO
2024-11-21,Andhra Pradesh,Guntur,Guntur,Chilli,13889.85,13195.36,14584.34,558.5,Rs/quintal,SYNTHETIC_DEMO
2024-11-22,Andhra Pradesh,Guntur,Guntur,Chilli,13929.15,13232.69,14625.61,432.3,Rs/quintal,SYNTHETIC_DEMO
2024-11-23,Andhra Pradesh,Guntur,Guntur,Chilli,13983.47,13284.3,14682.65,414.0,Rs/quintal,SYNTHETIC_DEMO
2024-11-24,Andhra Pradesh,Guntur,Guntur,Chilli,14021.78,13320.69,14722.86,517.9,Rs/quintal,SYNTHETIC_DEMO
2024-11-25,Andhra Pradesh,Guntur,Guntur,Chilli,14078.73,13374.79,14782.66,548.1,Rs/quintal,SYNTHETIC_DEMO
2024-11-26,Andhra Pradesh,Guntur,Guntur,Chilli,14102.53,13397.4,14807.65,526.6,Rs/quintal,SYNTHETIC_DEMO
2024-11-27,Andhra Pradesh,Guntur,Guntur,Chilli,14216.71,13505.88,14927.55,435.2,Rs/quintal,SYNTHETIC_DEMO
2024-11-28,Andhra Pradesh,Guntur,Guntur,Chilli,14224.25,13513.04,14935.47,554.2,Rs/quintal,SYNTHETIC_DEMO
2024-11-29,Andhra Pradesh,Guntur,Guntur,Chilli,14321.1,13605.04,15037.15,440.5,Rs/quintal,SYNTHETIC_DEMO
2024-11-30,Andhra Pradesh,Guntur,Guntur,Chilli,14318.78,13602.84,15034.71,458.3,Rs/quintal,SYNTHETIC_DEMO
2024-12-01,Andhra Pradesh,Guntur,Guntur,Chilli,14349.48,13632.01,15066.96,424.5,Rs/quintal,SYNTHETIC_DEMO
2024-12-02,Andhra Pradesh,Guntur,Guntur,Chilli,14323.84,13607.65,15040.03,604.1,Rs/quintal,SYNTHETIC_DEMO
2024-12-03,Andhra Pradesh,Guntur,Guntur,Chilli,14384.01,13664.81,15103.21,550.7,Rs/quintal,SYNTHETIC_DEMO
2024-12-04,Andhra Pradesh,Guntur,Guntur,Chilli,14499.91,13774.91,15224.9,548.4,Rs/quintal,SYNTHETIC_DEMO
2024-12-05,Andhra Pradesh,Guntur,Guntur,Chilli,14530.83,13804.29,15257.37,599.8,Rs/quintal,SYNTHETIC_DEMO
2024-12-06,Andhra Pradesh,Guntur,Guntur,Chilli,14555.32,13827.56,15283.09,725.0,Rs/quintal,SYNTHETIC_DEMO
2024-12-07,Andhra Pradesh,Guntur,Guntur,Chilli,14528.69,13802.25,15255.12,363.3,Rs/quintal,SYNTHETIC_DEMO
2024-12-08,Andhra Pradesh,Guntur,Guntur,Chilli,14551.88,13824.29,15279.47,440.9,Rs/quintal,SYNTHETIC_DEMO
2024-12-09,Andhra Pradesh,Guntur,Guntur,Chilli,14498.95,13774.01,15223.9,450.7,Rs/quintal,SYNTHETIC_DEMO
2024-12-10,Andhra Pradesh,Guntur,Guntur,Chilli,14484.33,13760.12,15208.55,431.9,Rs/quintal,SYNTHETIC_DEMO
2024-12-11,Andhra Pradesh,Guntur,Guntur,Chilli,14533.76,13807.07,15260.44,413.8,Rs/quintal,SYNTHETIC_DEMO
2024-12-12,Andhra Pradesh,Guntur,Guntur,Chilli,14644.55,13912.33,15376.78,476.0,Rs/quintal,SYNTHETIC_DEMO
2024-12-13,Andhra Pradesh,Guntur,Guntur,Chilli,14839.0,14097.05,15580.95,402.7,Rs/quintal,SYNTHETIC_DEMO
2024-12-14,Andhra Pradesh,Guntur,Guntur,Chilli,14843.47,14101.3,15585.65,526.8,Rs/quintal,SYNTHETIC_DEMO
2024-12-15,Andhra Pradesh,Guntur,Guntur,Chilli,14961.35,14213.28,15709.42,504.1,Rs/quintal,SYNTHETIC_DEMO
2024-12-16,Andhra Pradesh,Guntur,Guntur,Chilli,15012.67,14262.04,15763.31,538.5,Rs/quintal,SYNTHETIC_DEMO
2024-12-17,Andhra Pradesh,Guntur,Guntur,Chilli,15042.03,14289.93,15794.13,540.6,Rs/quintal,SYNTHETIC_DEMO
2024-12-18,Andhra Pradesh,Guntur,Guntur,Chilli,15104.23,14349.02,15859.45,548.2,Rs/quintal,SYNTHETIC_DEMO
2024-12-19,Andhra Pradesh,Guntur,Guntur,Chilli,15145.82,14388.53,15903.11,470.1,Rs/quintal,SYNTHETIC_DEMO
2024-12-20,Andhra Pradesh,Guntur,Guntur,Chilli,15190.24,14430.73,15949.75,669.7,Rs/quintal,SYNTHETIC_DEMO
2024-12-21,Andhra Pradesh,Guntur,Guntur,Chilli,15205.74,14445.45,15966.02,518.8,Rs/quintal,SYNTHETIC_DEMO
2024-12-22,Andhra Pradesh,Guntur,Guntur,Chilli,15165.91,14407.61,15924.2,351.0,Rs/quintal,SYNTHETIC_DEMO
2024-12-23,Andhra Pradesh,Guntur,Guntur,Chilli,15118.03,14362.13,15873.93,419.8,Rs/quintal,SYNTHETIC_DEMO
2024-12-24,Andhra Pradesh,Guntur,Guntur,Chilli,15193.26,14433.6,15952.92,360.8,Rs/quintal,SYNTHETIC_DEMO
2024-12-25,Andhra Pradesh,Guntur,Guntur,Chilli,15216.49,14455.66,15977.31,501.4,Rs/quintal,SYNTHETIC_DEMO
2024-12-26,Andhra Pradesh,Guntur,Guntur,Chilli,15221.89,14460.8,15982.99,490.3,Rs/quintal,SYNTHETIC_DEMO
2024-12-27,Andhra Pradesh,Guntur,Guntur,Chilli,15261.21,14498.15,16024.27,462.5,Rs/quintal,SYNTHETIC_DEMO
2024-12-28,Andhra Pradesh,Guntur,Guntur,Chilli,15344.61,14577.38,16111.84,660.9,Rs/quintal,SYNTHETIC_DEMO
2024-12-29,Andhra Pradesh,Guntur,Guntur,Chilli,15393.63,14623.95,16163.31,543.9,Rs/quintal,SYNTHETIC_DEMO
2024-12-30,Andhra Pradesh,Guntur,Guntur,Chilli,15395.83,14626.03,16165.62,558.1,Rs/quintal,SYNTHETIC_DEMO
2024-12-31,Andhra Pradesh,Guntur,Guntur,Chilli,15503.45,14728.27,16278.62,425.5,Rs/quintal,SYNTHETIC_DEMO
2022-01-01,Andhra Pradesh,Guntur,Guntur,Tomato,2191.21,2081.65,2300.77,467.5,Rs/quintal,SYNTHETIC_DEMO
2022-01-02,Andhra Pradesh,Guntur,Guntur,Tomato,2197.65,2087.77,2307.53,417.7,Rs/quintal,SYNTHETIC_DEMO
2022-01-03,Andhra Pradesh,Guntur,Guntur,Tomato,2205.29,2095.03,2315.56,482.6,Rs/quintal,SYNTHETIC_DEMO
2022-01-04,Andhra Pradesh,Guntur,Guntur,Tomato,2195.07,2085.32,2304.83,522.2,Rs/quintal,SYNTHETIC_DEMO
2022-01-05,Andhra Pradesh,Guntur,Guntur,Tomato,2199.6,2089.62,2309.58,460.4,Rs/quintal,SYNTHETIC_DEMO
2022-01-06,Andhra Pradesh,Guntur,Guntur,Tomato,2205.82,2095.53,2316.12,544.3,Rs/quintal,SYNTHETIC_DEMO
2022-01-07,Andhra Pradesh,Guntur,Guntur,Tomato,2210.03,2099.52,2320.53,453.4,Rs/quintal,SYNTHETIC_DEMO
2022-01-08,Andhra Pradesh,Guntur,Guntur,Tomato,2208.95,2098.51,2319.4,549.6,Rs/quintal,SYNTHETIC_DEMO
2022-01-09,Andhra Pradesh,Guntur,Guntur,Tomato,2210.28,2099.76,2320.79,535.4,Rs/quintal,SYNTHETIC_DEMO
2022-01-10,Andhra Pradesh,Guntur,Guntur,Tomato,2214.78,2104.04,2325.52,495.1,Rs/quintal,SYNTHETIC_DEMO
2022-01-11,Andhra Pradesh,Guntur,Guntur,Tomato,2221.63,2110.54,2332.71,464.7,Rs/quintal,SYNTHETIC_DEMO
2022-01-12,Andhra Pradesh,Guntur,Guntur,Tomato,2232.98,2121.33,2344.62,512.1,Rs/quintal,SYNTHETIC_DEMO
2022-01-13,Andhra Pradesh,Guntur,Guntur,Tomato,2248.5,2136.07,2360.92,544.0,Rs/quintal,SYNTHETIC_DEMO
2022-01-14,Andhra Pradesh,Guntur,Guntur,Tomato,2251.9,2139.3,2364.49,664.9,Rs/quintal,SYNTHETIC_DEMO
2022-01-15,Andhra Pradesh,Guntur,Guntur,Tomato,2253.85,2141.16,2366.54,575.2,Rs/quintal,SYNTHETIC_DEMO
2022-01-16,Andhra Pradesh,Guntur,Guntur,Tomato,2263.65,2150.46,2376.83,578.1,Rs/quintal,SYNTHETIC_DEMO
2022-01-17,Andhra Pradesh,Guntur,Guntur,Tomato,2274.94,2161.19,2388.69,747.1,Rs/quintal,SYNTHETIC_DEMO
2022-01-18,Andhra Pradesh,Guntur,Guntur,Tomato,2277.01,2163.16,2390.86,541.3,Rs/quintal,SYNTHETIC_DEMO
2022-01-19,Andhra Pradesh,Guntur,Guntur,Tomato,2289.83,2175.34,2404.33,538.8,Rs/quintal,SYNTHETIC_DEMO
2022-01-20,Andhra Pradesh,Guntur,Guntur,Tomato,2304.29,2189.07,2419.5,556.3,Rs/quintal,SYNTHETIC_DEMO
2022-01-21,Andhra Pradesh,Guntur,Guntur,Tomato,2321.46,2205.39,2437.53,419.3,Rs/quintal,SYNTHETIC_DEMO
2022-01-22,Andhra Pradesh,Guntur,Guntur,Tomato,2342.88,2225.74,2460.02,464.5,Rs/quintal,SYNTHETIC_DEMO
2022-01-23,Andhra Pradesh,Guntur,Guntur,Tomato,2340.99,2223.94,2458.04,459.5,Rs/quintal,SYNTHETIC_DEMO
2022-01-24,Andhra Pradesh,Guntur,Guntur,Tomato,2346.81,2229.47,2464.15,551.8,Rs/quintal,SYNTHETIC_DEMO
2022-01-25,Andhra Pradesh,Guntur,Guntur,Tomato,2352.57,2234.95,2470.2,486.1,Rs/quintal,SYNTHETIC_DEMO
2022-01-26,Andhra Pradesh,Guntur,Guntur,Tomato,2357.33,2239.47,2475.2,511.1,Rs/quintal,SYNTHETIC_DEMO
2022-01-27,Andhra Pradesh,Guntur,Guntur,Tomato,2357.2,2239.34,2475.06,587.0,Rs/quintal,SYNTHETIC_DEMO
2022-01-28,Andhra Pradesh,Guntur,Guntur,Tomato,2349.67,2232.19,2467.15,569.1,Rs/quintal,SYNTHETIC_DEMO
2022-01-29,Andhra Pradesh,Guntur,Guntur,Tomato,2355.98,2238.18,2473.78,487.1,Rs/quintal,SYNTHETIC_DEMO
2022-01-30,Andhra Pradesh,Guntur,Guntur,Tomato,2354.67,2236.94,2472.4,446.4,Rs/quintal,SYNTHETIC_DEMO
2022-01-31,Andhra Pradesh,Guntur,Guntur,Tomato,2360.83,2242.79,2478.87,590.8,Rs/quintal,SYNTHETIC_DEMO
2022-02-01,Andhra Pradesh,Guntur,Guntur,Tomato,2359.2,2241.24,2477.16,561.9,Rs/quintal,SYNTHETIC_DEMO
2022-02-02,Andhra Pradesh,Guntur,Guntur,Tomato,2354.83,2237.09,2472.57,371.5,Rs/quintal,SYNTHETIC_DEMO
2022-02-03,Andhra Pradesh,Guntur,Guntur,Tomato,2362.14,2244.04,2480.25,474.9,Rs/quintal,SYNTHETIC_DEMO
2022-02-04,Andhra Pradesh,Guntur,Guntur,Tomato,2368.67,2250.24,2487.11,513.2,Rs/quintal,SYNTHETIC_DEMO
2022-02-05,Andhra Pradesh,Guntur,Guntur,Tomato,2378.92,2259.97,2497.87,562.3,Rs/quintal,SYNTHETIC_DEMO
2022-02-06,Andhra Pradesh,Guntur,Guntur,Tomato,2403.25,2283.08,2523.41,572.8,Rs/quintal,SYNTHETIC_DEMO
2022-02-07,Andhra Pradesh,Guntur,Guntur,Tomato,2410.72,2290.19,2531.26,522.7,Rs/quintal,SYNTHETIC_DEMO
2022-02-08,Andhra Pradesh,Guntur,Guntur,Tomato,2419.97,2298.97,2540.97,546.8,Rs/quintal,SYNTHETIC_DEMO
2022-02-09,Andhra Pradesh,Guntur,Guntur,Tomato,2415.4,2294.63,2536.18,505.1,Rs/quintal,SYNTHETIC_DEMO
2022-02-10,Andhra Pradesh,Guntur,Guntur,Tomato,2408.94,2288.49,2529.38,446.1,Rs/quintal,SYNTHETIC_DEMO
2022-02-11,Andhra Pradesh,Guntur,Guntur,Tomato,2427.66,2306.28,2549.04,479.1,Rs/quintal,SYNTHETIC_DEMO
2022-02-12,Andhra Pradesh,Guntur,Guntur,Tomato,2424.27,2303.05,2545.48,501.5,Rs/quintal,SYNTHETIC_DEMO
2022-02-13,Andhra Pradesh,Guntur,Guntur,Tomato,2419.75,2298.76,2540.73,497.2,Rs/quintal,SYNTHETIC_DEMO
2022-02-14,Andhra Pradesh,Guntur,Guntur,Tomato,2424.0,2302.8,2545.2,349.2,Rs/quintal,SYNTHETIC_DEMO
2022-02-15,Andhra Pradesh,Guntur,Guntur,Tomato,2427.74,2306.36,2549.13,468.2,Rs/quintal,SYNTHETIC_DEMO
2022-02-16,Andhra Pradesh,Guntur,Guntur,Tomato,2424.27,2303.05,2545.48,504.5,Rs/quintal,SYNTHETIC_DEMO
2022-02-17,Andhra Pradesh,Guntur,Guntur,Tomato,2425.98,2304.68,2547.28,477.5,Rs/quintal,SYNTHETIC_DEMO
2022-02-18,Andhra Pradesh,Guntur,Guntur,Tomato,2441.12,2319.07,2563.18,480.3,Rs/quintal,SYNTHETIC_DEMO
2022-02-19,Andhra Pradesh,Guntur,Guntur,Tomato,2438.28,2316.37,2560.2,539.0,Rs/quintal,SYNTHETIC_DEMO
2022-02-20,Andhra Pradesh,Guntur,Guntur,Tomato,2430.2,2308.69,2551.71,413.7,Rs/quintal,SYNTHETIC_DEMO
2022-02-21,Andhra Pradesh,Guntur,Guntur,Tomato,2442.6,2320.47,2564.73,369.8,Rs/quintal,SYNTHETIC_DEMO
2022-02-22,Andhra Pradesh,Guntur,Guntur,Tomato,2450.96,2328.41,2573.51,472.1,Rs/quintal,SYNTHETIC_DEMO
2022-02-23,Andhra Pradesh,Guntur,Guntur,Tomato,2449.46,2326.98,2571.93,561.1,Rs/quintal,SYNTHETIC_DEMO
2022-02-24,Andhra Pradesh,Guntur,Guntur,Tomato,2439.41,2317.44,2561.38,635.0,Rs/quintal,SYNTHETIC_DEMO
2022-02-25,Andhra Pradesh,Guntur,Guntur,Tomato,2436.66,2314.82,2558.49,562.6,Rs/quintal,SYNTHETIC_DEMO
2022-02-26,Andhra Pradesh,Guntur,Guntur,Tomato,2439.89,2317.9,2561.89,382.5,Rs/quintal,SYNTHETIC_DEMO
2022-02-27,Andhra Pradesh,Guntur,Guntur,Tomato,2453.79,2331.1,2576.48,481.4,Rs/quintal,SYNTHETIC_DEMO
2022-02-28,Andhra Pradesh,Guntur,Guntur,Tomato,2448.23,2325.82,2570.64,520.5,Rs/quintal,SYNTHETIC_DEMO
2022-03-01,Andhra Pradesh,Guntur,Guntur,Tomato,2450.96,2328.41,2573.51,514.2,Rs/quintal,SYNTHETIC_DEMO
2022-03-02,Andhra Pradesh,Guntur,Guntur,Tomato,2460.29,2337.28,2583.31,543.1,Rs/quintal,SYNTHETIC_DEMO
2022-03-03,Andhra Pradesh,Guntur,Guntur,Tomato,2442.65,2320.51,2564.78,426.6,Rs/quintal,SYNTHETIC_DEMO
2022-03-04,Andhra Pradesh,Guntur,Guntur,Tomato,2454.97,2332.22,2577.72,505.2,Rs/quintal,SYNTHETIC_DEMO
2022-03-05,Andhra Pradesh,Guntur,Guntur,Tomato,2447.7,2325.31,2570.08,533.6,Rs/quintal,SYNTHETIC_DEMO
2022-03-06,Andhra Pradesh,Guntur,Guntur,Tomato,2453.67,2330.99,2576.36,566.1,Rs/quintal,SYNTHETIC_DEMO
2022-03-07,Andhra Pradesh,Guntur,Guntur,Tomato,2458.81,2335.87,2581.75,435.5,Rs/quintal,SYNTHETIC_DEMO
2022-03-08,Andhra Pradesh,Guntur,Guntur,Tomato,2471.23,2347.67,2594.79,472.4,Rs/quintal,SYNTHETIC_DEMO
2022-03-09,Andhra Pradesh,Guntur,Guntur,Tomato,2478.86,2354.92,2602.81,283.7,Rs/quintal,SYNTHETIC_DEMO
2022-03-10,Andhra Pradesh,Guntur,Guntur,Tomato,2460.64,2337.61,2583.67,450.3,Rs/quintal,SYNTHETIC_DEMO
2022-03-11,Andhra Pradesh,Guntur,Guntur,Tomato,2456.34,2333.53,2579.16,458.0,Rs/quintal,SYNTHETIC_DEMO
2022-03-12,Andhra Pradesh,Guntur,Guntur,Tomato,2460.08,2337.07,2583.08,418.4,Rs/quintal,SYNTHETIC_DEMO
2022-03-13,Andhra Pradesh,Guntur,Guntur,Tomato,2460.79,2337.75,2583.83,513.2,Rs/quintal,SYNTHETIC_DEMO
2022-03-14,Andhra Pradesh,Guntur,Guntur,Tomato,2467.33,2343.96,2590.69,495.5,Rs/quintal,SYNTHETIC_DEMO
2022-03-15,Andhra Pradesh,Guntur,Guntur,Tomato,2476.51,2352.69,2600.34,319.3,Rs/quintal,SYNTHETIC_DEMO
2022-03-16,Andhra Pradesh,Guntur,Guntur,Tomato,2484.02,2359.82,2608.22,517.2,Rs/quintal,SYNTHETIC_DEMO
2022-03-17,Andhra Pradesh,Guntur,Guntur,Tomato,2484.19,2359.98,2608.4,425.7,Rs/quintal,SYNTHETIC_DEMO
2022-03-18,Andhra Pradesh,Guntur,Guntur,Tomato,2469.9,2346.41,2593.4,538.9,Rs/quintal,SYNTHETIC_DEMO
2022-03-19,Andhra Pradesh,Guntur,Guntur,Tomato,2467.76,2344.37,2591.15,397.5,Rs/quintal,SYNTHETIC_DEMO
2022-03-20,Andhra Pradesh,Guntur,Guntur,Tomato,2473.2,2349.54,2596.86,502.4,Rs/quintal,SYNTHETIC_DEMO
2022-03-21,Andhra Pradesh,Guntur,Guntur,Tomato,2465.28,2342.01,2588.54,477.3,Rs/quintal,SYNTHETIC_DEMO
2022-03-22,Andhra Pradesh,Guntur,Guntur,Tomato,2472.41,2348.79,2596.03,524.2,Rs/quintal,SYNTHETIC_DEMO
2022-03-23,Andhra Pradesh,Guntur,Guntur,Tomato,2481.89,2357.8,2605.99,510.0,Rs/quintal,SYNTHETIC_DEMO
2022-03-24,Andhra Pradesh,Guntur,Guntur,Tomato,2484.4,2360.18,2608.62,479.6,Rs/quintal,SYNTHETIC_DEMO
2022-03-25,Andhra Pradesh,Guntur,Guntur,Tomato,2458.73,2335.79,2581.67,377.1,Rs/quintal,SYNTHETIC_DEMO
2022-03-26,Andhra Pradesh,Guntur,Guntur,Tomato,2448.68,2326.24,2571.11,381.8,Rs/quintal,SYNTHETIC_DEMO
2022-03-27,Andhra Pradesh,Guntur,Guntur,Tomato,2466.37,2343.06,2589.69,453.3,Rs/quintal,SYNTHETIC_DEMO
2022-03-28,Andhra Pradesh,Guntur,Guntur,Tomato,2462.57,2339.44,2585.69,499.3,Rs/quintal,SYNTHETIC_DEMO
2022-03-29,Andhra Pradesh,Guntur,Guntur,Tomato,2446.01,2323.71,2568.31,451.3,Rs/quintal,SYNTHETIC_DEMO
2022-03-30,Andhra Pradesh,Guntur,Guntur,Tomato,2457.69,2334.8,2580.57,550.0,Rs/quintal,SYNTHETIC_DEMO
2022-03-31,Andhra Pradesh,Guntur,Guntur,Tomato,2458.51,2335.59,2581.44,477.7,Rs/quintal,SYNTHETIC_DEMO
2022-04-01,Andhra Pradesh,Guntur,Guntur,Tomato,2468.85,2345.4,2592.29,422.8,Rs/quintal,SYNTHETIC_DEMO
2022-04-02,Andhra Pradesh,Guntur,Guntur,Tomato,2471.8,2348.21,2595.39,477.8,Rs/quintal,SYNTHETIC_DEMO
2022-04-03,Andhra Pradesh,Guntur,Guntur,Tomato,2476.25,2352.44,2600.06,518.1,Rs/quintal,SYNTHETIC_DEMO
2022-04-04,Andhra Pradesh,Guntur,Guntur,Tomato,2479.76,2355.77,2603.75,526.0,Rs/quintal,SYNTHETIC_DEMO
2022-04-05,Andhra Pradesh,Guntur,Guntur,Tomato,2486.12,2361.81,2610.42,650.3,Rs/quintal,SYNTHETIC_DEMO
2022-04-06,Andhra Pradesh,Guntur,Guntur,Tomato,2506.28,2380.97,2631.6,446.5,Rs/quintal,SYNTHETIC_DEMO
2022-04-07,Andhra Pradesh,Guntur,Guntur,Tomato,2514.85,2389.11,2640.59,494.1,Rs/quintal,SYNTHETIC_DEMO
2022-04-08,Andhra Pradesh,Guntur,Guntur,Tomato,2500.87,2375.83,2625.92,534.1,Rs/quintal,SYNTHETIC_DEMO
2022-04-09,Andhra Pradesh,Guntur,Guntur,Tomato,2504.63,2379.4,2629.86,498.1,Rs/quintal,SYNTHETIC_DEMO
2022-04-10,Andhra Pradesh,Guntur,Guntur,Tomato,2514.41,2388.69,2640.13,460.0,Rs/quintal,SYNTHETIC_DEMO
2022-04-11,Andhra Pradesh,Guntur,Guntur,Tomato,2524.63,2398.4,2650.86,376.1,Rs/quintal,SYNTHETIC_DEMO
2022-04-12,Andhra Pradesh,Guntur,Guntur,Tomato,2520.42,2394.4,2646.44,459.1,Rs/quintal,SYNTHETIC_DEMO
2022-04-13,Andhra Pradesh,Guntur,Guntur,Tomato,2530.11,2403.6,2656.62,414.1,Rs/quintal,SYNTHETIC_DEMO
2022-04-14,Andhra Pradesh,Guntur,Guntur,Tomato,2537.62,2410.74,2664.5,361.9,Rs/quintal,SYNTHETIC_DEMO
2022-04-15,Andhra Pradesh,Guntur,Guntur,Tomato,2559.51,2431.53,2687.49,436.3,Rs/quintal,SYNTHETIC_DEMO
2022-04-16,Andhra Pradesh,Guntur,Guntur,Tomato,2552.07,2424.46,2679.67,416.2,Rs/quintal,SYNTHETIC_DEMO
2022-04-17,Andhra Pradesh,Guntur,Guntur,Tomato,2546.66,2419.33,2673.99,546.7,Rs/quintal,SYNTHETIC_DEMO
2022-04-18,Andhra Pradesh,Guntur,Guntur,Tomato,2542.93,2415.79,2670.08,548.1,Rs/quintal,SYNTHETIC_DEMO
2022-04-19,Andhra Pradesh,Guntur,Guntur,Tomato,2537.49,2410.62,2664.37,427.7,Rs/quintal,SYNTHETIC_DEMO
2022-04-20,Andhra Pradesh,Guntur,Guntur,Tomato,2528.44,2402.01,2654.86,479.2,Rs/quintal,SYNTHETIC_DEMO
2022-04-21,Andhra Pradesh,Guntur,Guntur,Tomato,2502.81,2377.67,2627.95,351.3,Rs/quintal,SYNTHETIC_DEMO
2022-04-22,Andhra Pradesh,Guntur,Guntur,Tomato,2497.58,2372.7,2622.45,460.5,Rs/quintal,SYNTHETIC_DEMO
2022-04-23,Andhra Pradesh,Guntur,Guntur,Tomato,2499.33,2374.36,2624.29,531.9,Rs/quintal,SYNTHETIC_DEMO
2022-04-24,Andhra Pradesh,Guntur,Guntur,Tomato,2493.39,2368.72,2618.06,566.0,Rs/quintal,SYNTHETIC_DEMO
2022-04-25,Andhra Pradesh,Guntur,Guntur,Tomato,2508.74,2383.3,2634.18,443.0,Rs/quintal,SYNTHETIC_DEMO
2022-04-26,Andhra Pradesh,Guntur,Guntur,Tomato,2507.09,2381.73,2632.44,584.1,Rs/quintal,SYNTHETIC_DEMO
2022-04-27,Andhra Pradesh,Guntur,Guntur,Tomato,2516.58,2390.76,2642.41,378.7,Rs/quintal,SYNTHETIC_DEMO
2022-04-28,Andhra Pradesh,Guntur,Guntur,Tomato,2516.93,2391.09,2642.78,400.2,Rs/quintal,SYNTHETIC_DEMO
2022-04-29,Andhra Pradesh,Guntur,Guntur,Tomato,2522.16,2396.06,2648.27,556.8,Rs/quintal,SYNTHETIC_DEMO
2022-04-30,Andhra Pradesh,Guntur,Guntur,Tomato,2522.49,2396.37,2648.62,633.7,Rs/quintal,SYNTHETIC_DEMO
2022-05-01,Andhra Pradesh,Guntur,Guntur,Tomato,2532.32,2405.71,2658.94,539.5,Rs/quintal,SYNTHETIC_DEMO
2022-05-02,Andhra Pradesh,Guntur,Guntur,Tomato,2530.52,2403.99,2657.04,496.8,Rs/quintal,SYNTHETIC_DEMO
2022-05-03,Andhra Pradesh,Guntur,Guntur,Tomato,2532.5,2405.87,2659.12,324.4,Rs/quintal,SYNTHETIC_DEMO
2022-05-04,Andhra Pradesh,Guntur,Guntur,Tomato,2533.25,2406.59,2659.91,338.2,Rs/quintal,SYNTHETIC_DEMO
2022-05-05,Andhra Pradesh,Guntur,Guntur,Tomato,2528.16,2401.75,2654.57,510.4,Rs/quintal,SYNTHETIC_DEMO
2022-05-06,Andhra Pradesh,Guntur,Guntur,Tomato,2529.08,2402.63,2655.54,471.4,Rs/quintal,SYNTHETIC_DEMO
2022-05-07,Andhra Pradesh,Guntur,Guntur,Tomato,2546.03,2418.73,2673.33,411.5,Rs/quintal,SYNTHETIC_DEMO
2022-05-08,Andhra Pradesh,Guntur,Guntur,Tomato,2540.85,2413.81,2667.89,505.2,Rs/quintal,SYNTHETIC_DEMO
2022-05-09,Andhra Pradesh,Guntur,Guntur,Tomato,2541.66,2414.58,2668.75,509.2,Rs/quintal,SYNTHETIC_DEMO
2022-05-10,Andhra Pradesh,Guntur,Guntur,Tomato,2549.77,2422.28,2677.26,575.6,Rs/quintal,SYNTHETIC_DEMO
2022-05-11,Andhra Pradesh,Guntur,Guntur,Tomato,2556.77,2428.93,2684.61,510.9,Rs/quintal,SYNTHETIC_DEMO
2022-05-12,Andhra Pradesh,Guntur,Guntur,Tomato,2553.76,2426.07,2681.45,598.3,Rs/quintal,SYNTHETIC_DEMO
2022-05-13,Andhra Pradesh,Guntur,Guntur,Tomato,2529.6,2403.12,2656.08,500.6,Rs/quintal,SYNTHETIC_DEMO
2022-05-14,Andhra Pradesh,Guntur,Guntur,Tomato,2530.88,2404.34,2657.43,490.8,Rs/quintal,SYNTHETIC_DEMO
2022-05-15,Andhra Pradesh,Guntur,Guntur,Tomato,2508.01,2382.61,2633.42,585.1,Rs/quintal,SYNTHETIC_DEMO
2022-05-16,Andhra Pradesh,Guntur,Guntur,Tomato,2517.54,2391.66,2643.42,421.7,Rs/quintal,SYNTHETIC_DEMO
2022-05-17,Andhra Pradesh,Guntur,Guntur,Tomato,2515.55,2389.77,2641.33,725.2,Rs/quintal,SYNTHETIC_DEMO
2022-05-18,Andhra Pradesh,Guntur,Guntur,Tomato,2520.8,2394.76,2646.84,530.0,Rs/quintal,SYNTHETIC_DEMO
2022-05-19,Andhra Pradesh,Guntur,Guntur,Tomato,2509.24,2383.78,2634.7,530.5,Rs/quintal,SYNTHETIC_DEMO
2022-05-20,Andhra Pradesh,Guntur,Guntur,Tomato,2491.89,2367.3,2616.48,542.0,Rs/quintal,SYNTHETIC_DEMO
2022-05-21,Andhra Pradesh,Guntur,Guntur,Tomato,2490.43,2365.91,2614.95,650.2,Rs/quintal,SYNTHETIC_DEMO
2022-05-22,Andhra Pradesh,Guntur,Guntur,Tomato,2486.31,2362.0,2610.63,563.4,Rs/quintal,SYNTHETIC_DEMO
2022-05-23,Andhra Pradesh,Guntur,Guntur,Tomato,2478.11,2354.2,2602.01,371.6,Rs/quintal,SYNTHETIC_DEMO
2022-05-24,Andhra Pradesh,Guntur,Guntur,Tomato,2474.9,2351.16,2598.65,612.3,Rs/quintal,SYNTHETIC_DEMO
2022-05-25,Andhra Pradesh,Guntur,Guntur,Tomato,2495.25,2370.49,2620.01,472.7,Rs/quintal,SYNTHETIC_DEMO
2022-05-26,Andhra Pradesh,Guntur,Guntur,Tomato,2498.53,2373.6,2623.45,508.6,Rs/quintal,SYNTHETIC_DEMO
2022-05-27,Andhra Pradesh,Guntur,Guntur,Tomato,2503.63,2378.45,2628.82,397.7,Rs/quintal,SYNTHETIC_DEMO
2022-05-28,Andhra Pradesh,Guntur,Guntur,Tomato,2506.88,2381.53,2632.22,542.1,Rs/quintal,SYNTHETIC_DEMO
2022-05-29,Andhra Pradesh,Guntur,Guntur,Tomato,2515.66,2389.87,2641.44,447.9,Rs/quintal,SYNTHETIC_DEMO
2022-05-30,Andhra Pradesh,Guntur,Guntur,Tomato,2509.69,2384.2,2635.17,508.0,Rs/quintal,SYNTHETIC_DEMO
2022-05-31,Andhra Pradesh,Guntur,Guntur,Tomato,2487.26,2362.9,2611.62,477.3,Rs/quintal,SYNTHETIC_DEMO
2022-06-01,Andhra Pradesh,Guntur,Guntur,Tomato,2481.2,2357.14,2605.26,654.0,Rs/quintal,SYNTHETIC_DEMO
2022-06-02,Andhra Pradesh,Guntur,Guntur,Tomato,2483.89,2359.7,2608.09,658.6,Rs/quintal,SYNTHETIC_DEMO
2022-06-03,Andhra Pradesh,Guntur,Guntur,Tomato,2470.86,2347.31,2594.4,503.7,Rs/quintal,SYNTHETIC_DEMO
2022-06-04,Andhra Pradesh,Guntur,Guntur,Tomato,2464.76,2341.52,2588.0,505.1,Rs/quintal,SYNTHETIC_DEMO
2022-06-05,Andhra Pradesh,Guntur,Guntur,Tomato,2454.08,2331.37,2576.78,470.1,Rs/quintal,SYNTHETIC_DEMO
2022-06-06,Andhra Pradesh,Guntur,Guntur,Tomato,2462.66,2339.52,2585.79,588.5,Rs/quintal,SYNTHETIC_DEMO
2022-06-07,Andhra Pradesh,Guntur,Guntur,Tomato,2464.57,2341.34,2587.8,473.7,Rs/quintal,SYNTHETIC_DEMO
2022-06-08,Andhra Pradesh,Guntur,Guntur,Tomato,2465.58,2342.3,2588.86,466.3,Rs/quintal,SYNTHETIC_DEMO
2022-06-09,Andhra Pradesh,Guntur,Guntur,Tomato,2466.29,2342.97,2589.6,578.3,Rs/quintal,SYNTHETIC_DEMO
2022-06-10,Andhra Pradesh,Guntur,Guntur,Tomato,2461.16,2338.1,2584.22,456.9,Rs/quintal,SYNTHETIC_DEMO
2022-06-11,Andhra Pradesh,Guntur,Guntur,Tomato,2458.06,2335.16,2580.96,497.0,Rs/quintal,SYNTHETIC_DEMO
2022-06-12,Andhra Pradesh,Guntur,Guntur,Tomato,2442.76,2320.62,2564.89,373.5,Rs/quintal,SYNTHETIC_DEMO
2022-06-13,Andhra Pradesh,Guntur,Guntur,Tomato,2418.61,2297.68,2539.54,556.3,Rs/quintal,SYNTHETIC_DEMO
2022-06-14,Andhra Pradesh,Guntur,Guntur,Tomato,2414.99,2294.24,2535.74,655.3,Rs/quintal,SYNTHETIC_DEMO
2022-06-15,Andhra Pradesh,Guntur,Guntur,Tomato,2412.87,2292.23,2533.51,557.7,Rs/quintal,SYNTHETIC_DEMO
2022-06-16,Andhra Pradesh,Guntur,Guntur,Tomato,2418.51,2297.59,2539.44,616.9,Rs/quintal,SYNTHETIC_DEMO
2022-06-17,Andhra Pradesh,Guntur,Guntur,Tomato,2427.31,2305.95,2548.68,432.3,Rs/quintal,SYNTHETIC_DEMO
2022-06-18,Andhra Pradesh,Guntur,Guntur,Tomato,2436.08,2314.27,2557.88,518.9,Rs/quintal,SYNTHETIC_DEMO
2022-06-19,Andhra Pradesh,Guntur,Guntur,Tomato,2422.22,2301.11,2543.33,424.5,Rs/quintal,SYNTHETIC_DEMO
2022-06-20,Andhra Pradesh,Guntur,Guntur,Tomato,2414.02,2293.32,2534.72,481.8,Rs/quintal,SYNTHETIC_DEMO
2022-06-21,Andhra Pradesh,Guntur,Guntur,Tomato,2413.13,2292.47,2533.78,561.8,Rs/quintal,SYNTHETIC_DEMO
2022-06-22,Andhra Pradesh,Guntur,Guntur,Tomato,2430.27,2308.76,2551.78,508.1,Rs/quintal,SYNTHETIC_DEMO
2022-06-23,Andhra Pradesh,Guntur,Guntur,Tomato,2438.14,2316.23,2560.04,387.0,Rs/quintal,SYNTHETIC_DEMO
2022-06-24,Andhra Pradesh,Guntur,Guntur,Tomato,2442.82,2320.67,2564.96,394.8,Rs/quintal,SYNTHETIC_DEMO
2022-06-25,Andhra Pradesh,Guntur,Guntur,Tomato,2434.22,2312.51,2555.93,389.5,Rs/quintal,SYNTHETIC_DEMO
2022-06-26,Andhra Pradesh,Guntur,Guntur,Tomato,2421.24,2300.18,2542.31,539.3,Rs/quintal,SYNTHETIC_DEMO
2022-06-27,Andhra Pradesh,Guntur,Guntur,Tomato,2422.98,2301.83,2544.13,665.1,Rs/quintal,SYNTHETIC_DEMO
2022-06-28,Andhra Pradesh,Guntur,Guntur,Tomato,2408.07,2287.67,2528.47,609.0,Rs/quintal,SYNTHETIC_DEMO
2022-06-29,Andhra Pradesh,Guntur,Guntur,Tomato,2400.75,2280.71,2520.78,348.3,Rs/quintal,SYNTHETIC_DEMO
2022-06-30,Andhra Pradesh,Guntur,Guntur,Tomato,2394.5,2274.78,2514.23,613.7,Rs/quintal,SYNTHETIC_DEMO
2022-07-01,Andhra Pradesh,Guntur,Guntur,Tomato,2403.28,2283.12,2523.45,574.9,Rs/quintal,SYNTHETIC_DEMO
2022-07-02,Andhra Pradesh,Guntur,Guntur,Tomato,2394.92,2275.18,2514.67,376.4,Rs/quintal,SYNTHETIC_DEMO
2022-07-03,Andhra Pradesh,Guntur,Guntur,Tomato,2368.22,2249.81,2486.63,475.7,Rs/quintal,SYNTHETIC_DEMO
2022-07-04,Andhra Pradesh,Guntur,Guntur,Tomato,2367.42,2249.04,2485.79,587.6,Rs/quintal,SYNTHETIC_DEMO
2022-07-05,Andhra Pradesh,Guntur,Guntur,Tomato,2356.03,2238.23,2473.83,544.0,Rs/quintal,SYNTHETIC_DEMO
2022-07-06,Andhra Pradesh,Guntur,Guntur,Tomato,2351.17,2233.61,2468.73,395.3,Rs/quintal,SYNTHETIC_DEMO
2022-07-07,Andhra Pradesh,Guntur,Guntur,Tomato,2345.18,2227.92,2462.44,548.9,Rs/quintal,SYNTHETIC_DEMO
2022-07-08,Andhra Pradesh,Guntur,Guntur,Tomato,2337.55,2220.67,2454.43,329.0,Rs/quintal,SYNTHETIC_DEMO
2022-07-09,Andhra Pradesh,Guntur,Guntur,Tomato,2339.3,2222.33,2456.26,482.2,Rs/quintal,SYNTHETIC_DEMO
2022-07-10,Andhra Pradesh,Guntur,Guntur,Tomato,2320.61,2204.58,2436.64,591.0,Rs/quintal,SYNTHETIC_DEMO
2022-07-11,Andhra Pradesh,Guntur,Guntur,Tomato,2310.87,2195.33,2426.41,501.5,Rs/quintal,SYNTHETIC_DEMO
2022-07-12,Andhra Pradesh,Guntur,Guntur,Tomato,2311.72,2196.13,2427.3,460.1,Rs/quintal,SYNTHETIC_DEMO
2022-07-13,Andhra Pradesh,Guntur,Guntur,Tomato,2301.16,2186.1,2416.21,571.1,Rs/quintal,SYNTHETIC_DEMO
2022-07-14,Andhra Pradesh,Guntur,Guntur,Tomato,2281.86,2167.77,2395.95,578.0,Rs/quintal,SYNTHETIC_DEMO
2022-07-15,Andhra Pradesh,Guntur,Guntur,Tomato,2282.62,2168.49,2396.75,604.8,Rs/quintal,SYNTHETIC_DEMO
2022-07-16,Andhra Pradesh,Guntur,Guntur,Tomato,2287.41,2173.04,2401.78,569.9,Rs/quintal,SYNTHETIC_DEMO
2022-07-17,Andhra Pradesh,Guntur,Guntur,Tomato,2281.94,2167.84,2396.03,586.5,Rs/quintal,SYNTHETIC_DEMO
2022-07-18,Andhra Pradesh,Guntur,Guntur,Tomato,2259.63,2146.65,2372.61,558.6,Rs/quintal,SYNTHETIC_DEMO
2022-07-19,Andhra Pradesh,Guntur,Guntur,Tomato,2260.81,2147.77,2373.85,521.2,Rs/quintal,SYNTHETIC_DEMO
2022-07-20,Andhra Pradesh,Guntur,Guntur,Tomato,2241.21,2129.15,2353.27,507.2,Rs/quintal,SYNTHETIC_DEMO
2022-07-21,Andhra Pradesh,Guntur,Guntur,Tomato,2238.95,2127.01,2350.9,481.0,Rs/quintal,SYNTHETIC_DEMO
2022-07-22,Andhra Pradesh,Guntur,Guntur,Tomato,2226.21,2114.9,2337.52,403.0,Rs/quintal,SYNTHETIC_DEMO
2022-07-23,Andhra Pradesh,Guntur,Guntur,Tomato,2211.09,2100.54,2321.65,423.6,Rs/quintal,SYNTHETIC_DEMO
2022-07-24,Andhra Pradesh,Guntur,Guntur,Tomato,2202.33,2092.21,2312.45,477.4,Rs/quintal,SYNTHETIC_DEMO
2022-07-25,Andhra Pradesh,Guntur,Guntur,Tomato,2195.88,2086.08,2305.67,519.3,Rs/quintal,SYNTHETIC_DEMO
2022-07-26,Andhra Pradesh,Guntur,Guntur,Tomato,2185.41,2076.14,2294.68,615.3,Rs/quintal,SYNTHETIC_DEMO
2022-07-27,Andhra Pradesh,Guntur,Guntur,Tomato,2185.83,2076.53,2295.12,496.7,Rs/quintal,SYNTHETIC_DEMO
2022-07-28,Andhra Pradesh,Guntur,Guntur,Tomato,2177.18,2068.32,2286.04,580.3,Rs/quintal,SYNTHETIC_DEMO
2022-07-29,Andhra Pradesh,Guntur,Guntur,Tomato,2181.12,2072.07,2290.18,586.3,Rs/quintal,SYNTHETIC_DEMO
2022-07-30,Andhra Pradesh,Guntur,Guntur,Tomato,2178.96,2070.01,2287.91,481.5,Rs/quintal,SYNTHETIC_DEMO
2022-07-31,Andhra Pradesh,Guntur,Guntur,Tomato,2168.23,2059.82,2276.64,547.6,Rs/quintal,SYNTHETIC_DEMO
2022-08-01,Andhra Pradesh,Guntur,Guntur,Tomato,2156.06,2048.26,2263.86,480.5,Rs/quintal,SYNTHETIC_DEMO
2022-08-02,Andhra Pradesh,Guntur,Guntur,Tomato,2137.06,2030.21,2243.91,605.8,Rs/quintal,SYNTHETIC_DEMO
2022-08-03,Andhra Pradesh,Guntur,Guntur,Tomato,2135.17,2028.41,2241.93,550.9,Rs/quintal,SYNTHETIC_DEMO
2022-08-04,Andhra Pradesh,Guntur,Guntur,Tomato,2127.65,2021.27,2234.03,404.8,Rs/quintal,SYNTHETIC_DEMO
2022-08-05,Andhra Pradesh,Guntur,Guntur,Tomato,2102.42,1997.3,2207.55,512.9,Rs/quintal,SYNTHETIC_DEMO
2022-08-06,Andhra Pradesh,Guntur,Guntur,Tomato,2093.42,1988.74,2198.09,631.8,Rs/quintal,SYNTHETIC_DEMO
2022-08-07,Andhra Pradesh,Guntur,Guntur,Tomato,2081.25,1977.18,2185.31,485.5,Rs/quintal,SYNTHETIC_DEMO
2022-08-08,Andhra Pradesh,Guntur,Guntur,Tomato,2090.93,1986.38,2195.47,535.8,Rs/quintal,SYNTHETIC_DEMO
2022-08-09,Andhra Pradesh,Guntur,Guntur,Tomato,2071.82,1968.23,2175.41,543.7,Rs/quintal,SYNTHETIC_DEMO
2022-08-10,Andhra Pradesh,Guntur,Guntur,Tomato,2055.06,1952.31,2157.82,417.1,Rs/quintal,SYNTHETIC_DEMO
2022-08-11,Andhra Pradesh,Guntur,Guntur,Tomato,2060.82,1957.78,2163.87,540.9,Rs/quintal,SYNTHETIC_DEMO
2022-08-12,Andhra Pradesh,Guntur,Guntur,Tomato,2068.82,1965.38,2172.26,388.5,Rs/quintal,SYNTHETIC_DEMO
2022-08-13,Andhra Pradesh,Guntur,Guntur,Tomato,2058.38,1955.46,2161.3,450.0,Rs/quintal,SYNTHETIC_DEMO
2022-08-14,Andhra Pradesh,Guntur,Guntur,Tomato,2049.0,1946.55,2151.45,586.1,Rs/quintal,SYNTHETIC_DEMO
2022-08-15,Andhra Pradesh,Guntur,Guntur,Tomato,2050.66,1948.13,2153.2,528.5,Rs/quintal,SYNTHETIC_DEMO
2022-08-16,Andhra Pradesh,Guntur,Guntur,Tomato,2026.5,1925.17,2127.82,475.6,Rs/quintal,SYNTHETIC_DEMO
2022-08-17,Andhra Pradesh,Guntur,Guntur,Tomato,2006.5,1906.18,2106.83,535.7,Rs/quintal,SYNTHETIC_DEMO
2022-08-18,Andhra Pradesh,Guntur,Guntur,Tomato,2000.48,1900.46,2100.5,495.2,Rs/quintal,SYNTHETIC_DEMO
2022-08-19,Andhra Pradesh,Guntur,Guntur,Tomato,2010.64,1910.11,2111.17,501.0,Rs/quintal,SYNTHETIC_DEMO
2022-08-20,Andhra Pradesh,Guntur,Guntur,Tomato,2003.39,1903.22,2103.56,552.5,Rs/quintal,SYNTHETIC_DEMO
2022-08-21,Andhra Pradesh,Guntur,Guntur,Tomato,2000.95,1900.9,2100.99,441.8,Rs/quintal,SYNTHETIC_DEMO
2022-08-22,Andhra Pradesh,Guntur,Guntur,Tomato,2007.66,1907.28,2108.04,503.2,Rs/quintal,SYNTHETIC_DEMO
2022-08-23,Andhra Pradesh,Guntur,Guntur,Tomato,2023.01,1921.86,2124.16,475.0,Rs/quintal,SYNTHETIC_DEMO
2022-08-24,Andhra Pradesh,Guntur,Guntur,Tomato,2014.82,1914.08,2115.56,373.2,Rs/quintal,SYNTHETIC_DEMO
2022-08-25,Andhra Pradesh,Guntur,Guntur,Tomato,2011.64,1911.06,2112.22,426.4,Rs/quintal,SYNTHETIC_DEMO
2022-08-26,Andhra Pradesh,Guntur,Guntur,Tomato,2024.71,1923.48,2125.95,625.5,Rs/quintal,SYNTHETIC_DEMO
2022-08-27,Andhra Pradesh,Guntur,Guntur,Tomato,2008.44,1908.02,2108.86,530.8,Rs/quintal,SYNTHETIC_DEMO
2022-08-28,Andhra Pradesh,Guntur,Guntur,Tomato,2014.68,1913.95,2115.42,394.1,Rs/quintal,SYNTHETIC_DEMO
2022-08-29,Andhra Pradesh,Guntur,Guntur,Tomato,2003.0,1902.85,2103.15,376.8,Rs/quintal,SYNTHETIC_DEMO
2022-08-30,Andhra Pradesh,Guntur,Guntur,Tomato,2001.27,1901.21,2101.33,491.0,Rs/quintal,SYNTHETIC_DEMO
2022-08-31,Andhra Pradesh,Guntur,Guntur,Tomato,1996.58,1896.75,2096.41,624.9,Rs/quintal,SYNTHETIC_DEMO
2022-09-01,Andhra Pradesh,Guntur,Guntur,Tomato,1985.68,1886.39,2084.96,485.1,Rs/quintal,SYNTHETIC_DEMO
2022-09-02,Andhra Pradesh,Guntur,Guntur,Tomato,1974.64,1875.91,2073.37,604.6,Rs/quintal,SYNTHETIC_DEMO
2022-09-03,Andhra Pradesh,Guntur,Guntur,Tomato,1974.77,1876.03,2073.51,528.2,Rs/quintal,SYNTHETIC_DEMO
2022-09-04,Andhra Pradesh,Guntur,Guntur,Tomato,1981.32,1882.25,2080.38,537.7,Rs/quintal,SYNTHETIC_DEMO
2022-09-05,Andhra Pradesh,Guntur,Guntur,Tomato,1978.05,1879.15,2076.95,393.1,Rs/quintal,SYNTHETIC_DEMO
2022-09-06,Andhra Pradesh,Guntur,Guntur,Tomato,1976.63,1877.79,2075.46,575.0,Rs/quintal,SYNTHETIC_DEMO
2022-09-07,Andhra Pradesh,Guntur,Guntur,Tomato,1979.7,1880.71,2078.68,473.2,Rs/quintal,SYNTHETIC_DEMO
2022-09-08,Andhra Pradesh,Guntur,Guntur,Tomato,1969.29,1870.82,2067.75,569.0,Rs/quintal,SYNTHETIC_DEMO
2022-09-09,Andhra Pradesh,Guntur,Guntur,Tomato,1974.02,1875.32,2072.72,434.9,Rs/quintal,SYNTHETIC_DEMO
2022-09-10,Andhra Pradesh,Guntur,Guntur,Tomato,1979.55,1880.57,2078.53,514.2,Rs/quintal,SYNTHETIC_DEMO
2022-09-11,Andhra Pradesh,Guntur,Guntur,Tomato,2000.87,1900.83,2100.91,528.2,Rs/quintal,SYNTHETIC_DEMO
2022-09-12,Andhra Pradesh,Guntur,Guntur,Tomato,1996.06,1896.26,2095.86,487.7,Rs/quintal,SYNTHETIC_DEMO
2022-09-13,Andhra Pradesh,Guntur,Guntur,Tomato,1990.62,1891.09,2090.15,532.4,Rs/quintal,SYNTHETIC_DEMO
2022-09-14,Andhra Pradesh,Guntur,Guntur,Tomato,1996.07,1896.27,2095.88,478.7,Rs/quintal,SYNTHETIC_DEMO
2022-09-15,Andhra Pradesh,Guntur,Guntur,Tomato,2002.06,1901.95,2102.16,448.1,Rs/quintal,SYNTHETIC_DEMO
2022-09-16,Andhra Pradesh,Guntur,Guntur,Tomato,1996.22,1896.41,2096.03,628.4,Rs/quintal,SYNTHETIC_DEMO
2022-09-17,Andhra Pradesh,Guntur,Guntur,Tomato,1991.64,1892.06,2091.22,583.9,Rs/quintal,SYNTHETIC_DEMO
2022-09-18,Andhra Pradesh,Guntur,Guntur,Tomato,1995.46,1895.69,2095.23,439.1,Rs/quintal,SYNTHETIC_DEMO
2022-09-19,Andhra Pradesh,Guntur,Guntur,Tomato,1987.33,1887.97,2086.7,545.5,Rs/quintal,SYNTHETIC_DEMO
2022-09-20,Andhra Pradesh,Guntur,Guntur,Tomato,1982.97,1883.82,2082.12,440.6,Rs/quintal,SYNTHETIC_DEMO
2022-09-21,Andhra Pradesh,Guntur,Guntur,Tomato,1983.11,1883.95,2082.26,405.2,Rs/quintal,SYNTHETIC_DEMO
2022-09-22,Andhra Pradesh,Guntur,Guntur,Tomato,1991.31,1891.75,2090.88,582.7,Rs/quintal,SYNTHETIC_DEMO
2022-09-23,Andhra Pradesh,Guntur,Guntur,Tomato,1985.53,1886.26,2084.81,363.7,Rs/quintal,SYNTHETIC_DEMO
2022-09-24,Andhra Pradesh,Guntur,Guntur,Tomato,1968.96,1870.51,2067.4,574.1,Rs/quintal,SYNTHETIC_DEMO
2022-09-25,Andhra Pradesh,Guntur,Guntur,Tomato,1951.82,1854.23,2049.41,479.8,Rs/quintal,SYNTHETIC_DEMO
2022-09-26,Andhra Pradesh,Guntur,Guntur,Tomato,1940.57,1843.54,2037.6,483.1,Rs/quintal,SYNTHETIC_DEMO
2022-09-27,Andhra Pradesh,Guntur,Guntur,Tomato,1928.94,1832.49,2025.39,532.8,Rs/quintal,SYNTHETIC_DEMO
2022-09-28,Andhra Pradesh,Guntur,Guntur,Tomato,1927.61,1831.23,2023.99,546.5,Rs/quintal,SYNTHETIC_DEMO
2022-09-29,Andhra Pradesh,Guntur,Guntur,Tomato,1917.27,1821.4,2013.13,433.9,Rs/quintal,SYNTHETIC_DEMO
2022-09-30,Andhra Pradesh,Guntur,Guntur,Tomato,1911.3,1815.74,2006.87,557.4,Rs/quintal,SYNTHETIC_DEMO
2022-10-01,Andhra Pradesh,Guntur,Guntur,Tomato,1904.81,1809.57,2000.05,509.1,Rs/quintal,SYNTHETIC_DEMO
2022-10-02,Andhra Pradesh,Guntur,Guntur,Tomato,1901.35,1806.28,1996.41,399.5,Rs/quintal,SYNTHETIC_DEMO
2022-10-03,Andhra Pradesh,Guntur,Guntur,Tomato,1913.5,1817.82,2009.17,486.4,Rs/quintal,SYNTHETIC_DEMO
2022-10-04,Andhra Pradesh,Guntur,Guntur,Tomato,1919.93,1823.94,2015.93,610.5,Rs/quintal,SYNTHETIC_DEMO
2022-10-05,Andhra Pradesh,Guntur,Guntur,Tomato,1920.78,1824.75,2016.82,634.1,Rs/quintal,SYNTHETIC_DEMO
2022-10-06,Andhra Pradesh,Guntur,Guntur,Tomato,1917.53,1821.66,2013.41,557.4,Rs/quintal,SYNTHETIC_DEMO
2022-10-07,Andhra Pradesh,Guntur,Guntur,Tomato,1914.63,1818.89,2010.36,404.8,Rs/quintal,SYNTHETIC_DEMO
2022-10-08,Andhra Pradesh,Guntur,Guntur,Tomato,1918.51,1822.59,2014.44,539.2,Rs/quintal,SYNTHETIC_DEMO
2022-10-09,Andhra Pradesh,Guntur,Guntur,Tomato,1924.75,1828.51,2020.99,568.1,Rs/quintal,SYNTHETIC_DEMO
2022-10-10,Andhra Pradesh,Guntur,Guntur,Tomato,1917.96,1822.06,2013.86,558.1,Rs/quintal,SYNTHETIC_DEMO
2022-10-11,Andhra Pradesh,Guntur,Guntur,Tomato,1919.57,1823.59,2015.55,562.8,Rs/quintal,SYNTHETIC_DEMO
2022-10-12,Andhra Pradesh,Guntur,Guntur,Tomato,1903.08,1807.93,1998.24,529.1,Rs/quintal,SYNTHETIC_DEMO
2022-10-13,Andhra Pradesh,Guntur,Guntur,Tomato,1906.43,1811.11,2001.75,494.2,Rs/quintal,SYNTHETIC_DEMO
2022-10-14,Andhra Pradesh,Guntur,Guntur,Tomato,1914.72,1818.98,2010.46,451.3,Rs/quintal,SYNTHETIC_DEMO
2022-10-15,Andhra Pradesh,Guntur,Guntur,Tomato,1913.93,1818.24,2009.63,348.2,Rs/quintal,SYNTHETIC_DEMO
2022-10-16,Andhra Pradesh,Guntur,Guntur,Tomato,1931.69,1835.1,2028.27,527.2,Rs/quintal,SYNTHETIC_DEMO
2022-10-17,Andhra Pradesh,Guntur,Guntur,Tomato,1925.8,1829.51,2022.09,514.9,Rs/quintal,SYNTHETIC_DEMO
2022-10-18,Andhra Pradesh,Guntur,Guntur,Tomato,1929.68,1833.19,2026.16,544.6,Rs/quintal,SYNTHETIC_DEMO
2022-10-19,Andhra Pradesh,Guntur,Guntur,Tomato,1931.42,1834.85,2027.99,393.0,Rs/quintal,SYNTHETIC_DEMO
2022-10-20,Andhra Pradesh,Guntur,Guntur,Tomato,1932.68,1836.05,2029.32,551.6,Rs/quintal,SYNTHETIC_DEMO
2022-10-21,Andhra Pradesh,Guntur,Guntur,Tomato,1933.92,1837.22,2030.61,664.4,Rs/quintal,SYNTHETIC_DEMO
2022-10-22,Andhra Pradesh,Guntur,Guntur,Tomato,1937.2,1840.34,2034.05,506.3,Rs/quintal,SYNTHETIC_DEMO
2022-10-23,Andhra Pradesh,Guntur,Guntur,Tomato,1947.08,1849.73,2044.44,495.1,Rs/quintal,SYNTHETIC_DEMO
2022-10-24,Andhra Pradesh,Guntur,Guntur,Tomato,1961.72,1863.64,2059.81,524.7,Rs/quintal,SYNTHETIC_DEMO
2022-10-25,Andhra Pradesh,Guntur,Guntur,Tomato,1964.31,1866.1,2062.53,662.6,Rs/quintal,SYNTHETIC_DEMO
2022-10-26,Andhra Pradesh,Guntur,Guntur,Tomato,1974.19,1875.48,2072.9,418.1,Rs/quintal,SYNTHETIC_DEMO
2022-10-27,Andhra Pradesh,Guntur,Guntur,Tomato,1970.8,1872.26,2069.34,516.3,Rs/quintal,SYNTHETIC_DEMO
2022-10-28,Andhra Pradesh,Guntur,Guntur,Tomato,1980.42,1881.39,2079.44,436.0,Rs/quintal,SYNTHETIC_DEMO
2022-10-29,Andhra Pradesh,Guntur,Guntur,Tomato,1976.67,1877.84,2075.51,456.2,Rs/quintal,SYNTHETIC_DEMO
2022-10-30,Andhra Pradesh,Guntur,Guntur,Tomato,1989.32,1889.86,2088.79,496.0,Rs/quintal,SYNTHETIC_DEMO
2022-10-31,Andhra Pradesh,Guntur,Guntur,Tomato,2011.92,1911.32,2112.51,607.8,Rs/quintal,SYNTHETIC_DEMO
2022-11-01,Andhra Pradesh,Guntur,Guntur,Tomato,2014.06,1913.36,2114.77,644.1,Rs/quintal,SYNTHETIC_DEMO
2022-11-02,Andhra Pradesh,Guntur,Guntur,Tomato,1998.08,1898.17,2097.98,535.9,Rs/quintal,SYNTHETIC_DEMO
2022-11-03,Andhra Pradesh,Guntur,Guntur,Tomato,1996.65,1896.82,2096.48,469.9,Rs/quintal,SYNTHETIC_DEMO
2022-11-04,Andhra Pradesh,Guntur,Guntur,Tomato,2010.96,1910.42,2111.51,699.4,Rs/quintal,SYNTHETIC_DEMO
2022-11-05,Andhra Pradesh,Guntur,Guntur,Tomato,2019.39,1918.42,2120.36,465.8,Rs/quintal,SYNTHETIC_DEMO
2022-11-06,Andhra Pradesh,Guntur,Guntur,Tomato,2025.22,1923.96,2126.48,454.3,Rs/quintal,SYNTHETIC_DEMO
2022-11-07,Andhra Pradesh,Guntur,Guntur,Tomato,2037.81,1935.92,2139.7,358.0,Rs/quintal,SYNTHETIC_DEMO
2022-11-08,Andhra Pradesh,Guntur,Guntur,Tomato,2045.88,1943.58,2148.17,611.7,Rs/quintal,SYNTHETIC_DEMO
2022-11-09,Andhra Pradesh,Guntur,Guntur,Tomato,2060.47,1957.45,2163.49,577.5,Rs/quintal,SYNTHETIC_DEMO
2022-11-10,Andhra Pradesh,Guntur,Guntur,Tomato,2072.51,1968.89,2176.14,693.4,Rs/quintal,SYNTHETIC_DEMO
2022-11-11,Andhra Pradesh,Guntur,Guntur,Tomato,2089.94,1985.44,2194.43,388.8,Rs/quintal,SYNTHETIC_DEMO
2022-11-12,Andhra Pradesh,Guntur,Guntur,Tomato,2097.2,1992.34,2202.06,616.7,Rs/quintal,SYNTHETIC_DEMO
2022-11-13,Andhra Pradesh,Guntur,Guntur,Tomato,2109.35,2003.88,2214.81,505.6,Rs/quintal,SYNTHETIC_DEMO
2022-11-14,Andhra Pradesh,Guntur,Guntur,Tomato,2110.9,2005.35,2216.44,564.5,Rs/quintal,SYNTHETIC_DEMO
2022-11-15,Andhra Pradesh,Guntur,Guntur,Tomato,2109.93,2004.43,2215.43,368.2,Rs/quintal,SYNTHETIC_DEMO
2022-11-16,Andhra Pradesh,Guntur,Guntur,Tomato,2129.34,2022.88,2235.81,617.4,Rs/quintal,SYNTHETIC_DEMO
2022-11-17,Andhra Pradesh,Guntur,Guntur,Tomato,2135.71,2028.93,2242.5,562.9,Rs/quintal,SYNTHETIC_DEMO
2022-11-18,Andhra Pradesh,Guntur,Guntur,Tomato,2147.33,2039.96,2254.7,496.9,Rs/quintal,SYNTHETIC_DEMO
2022-11-19,Andhra Pradesh,Guntur,Guntur,Tomato,2153.02,2045.37,2260.67,551.6,Rs/quintal,SYNTHETIC_DEMO
2022-11-20,Andhra Pradesh,Guntur,Guntur,Tomato,2152.52,2044.9,2260.15,438.8,Rs/quintal,SYNTHETIC_DEMO
2022-11-21,Andhra Pradesh,Guntur,Guntur,Tomato,2157.35,2049.49,2265.22,453.6,Rs/quintal,SYNTHETIC_DEMO
2022-11-22,Andhra Pradesh,Guntur,Guntur,Tomato,2174.78,2066.05,2283.52,462.9,Rs/quintal,SYNTHETIC_DEMO
2022-11-23,Andhra Pradesh,Guntur,Guntur,Tomato,2184.53,2075.3,2293.75,351.8,Rs/quintal,SYNTHETIC_DEMO
2022-11-24,Andhra Pradesh,Guntur,Guntur,Tomato,2174.39,2065.67,2283.1,568.9,Rs/quintal,SYNTHETIC_DEMO
2022-11-25,Andhra Pradesh,Guntur,Guntur,Tomato,2177.47,2068.6,2286.34,595.3,Rs/quintal,SYNTHETIC_DEMO
2022-11-26,Andhra Pradesh,Guntur,Guntur,Tomato,2198.19,2088.28,2308.1,443.9,Rs/quintal,SYNTHETIC_DEMO
2022-11-27,Andhra Pradesh,Guntur,Guntur,Tomato,2201.4,2091.33,2311.47,527.9,Rs/quintal,SYNTHETIC_DEMO
2022-11-28,Andhra Pradesh,Guntur,Guntur,Tomato,2190.7,2081.17,2300.24,478.8,Rs/quintal,SYNTHETIC_DEMO
2022-11-29,Andhra Pradesh,Guntur,Guntur,Tomato,2212.56,2101.94,2323.19,526.3,Rs/quintal,SYNTHETIC_DEMO
2022-11-30,Andhra Pradesh,Guntur,Guntur,Tomato,2223.82,2112.63,2335.01,449.8,Rs/quintal,SYNTHETIC_DEMO
2022-12-01,Andhra Pradesh,Guntur,Guntur,Tomato,2228.51,2117.09,2339.94,429.3,Rs/quintal,SYNTHETIC_DEMO
2022-12-02,Andhra Pradesh,Guntur,Guntur,Tomato,2230.6,2119.07,2342.13,584.2,Rs/quintal,SYNTHETIC_DEMO
2022-12-03,Andhra Pradesh,Guntur,Guntur,Tomato,2245.53,2133.25,2357.81,494.9,Rs/quintal,SYNTHETIC_DEMO
2022-12-04,Andhra Pradesh,Guntur,Guntur,Tomato,2246.21,2133.9,2358.52,661.8,Rs/quintal,SYNTHETIC_DEMO
2022-12-05,Andhra Pradesh,Guntur,Guntur,Tomato,2261.81,2148.72,2374.9,503.7,Rs/quintal,SYNTHETIC_DEMO
2022-12-06,Andhra Pradesh,Guntur,Guntur,Tomato,2272.12,2158.52,2385.73,425.9,Rs/quintal,SYNTHETIC_DEMO
2022-12-07,Andhra Pradesh,Guntur,Guntur,Tomato,2279.86,2165.86,2393.85,598.2,Rs/quintal,SYNTHETIC_DEMO
2022-12-08,Andhra Pradesh,Guntur,Guntur,Tomato,2286.76,2172.42,2401.1,550.5,Rs/quintal,SYNTHETIC_DEMO
2022-12-09,Andhra Pradesh,Guntur,Guntur,Tomato,2290.88,2176.34,2405.43,558.1,Rs/quintal,SYNTHETIC_DEMO
2022-12-10,Andhra Pradesh,Guntur,Guntur,Tomato,2305.78,2190.49,2421.07,595.2,Rs/quintal,SYNTHETIC_DEMO
2022-12-11,Andhra Pradesh,Guntur,Guntur,Tomato,2303.9,2188.71,2419.1,447.8,Rs/quintal,SYNTHETIC_DEMO
2022-12-12,Andhra Pradesh,Guntur,Guntur,Tomato,2295.4,2180.63,2410.17,489.8,Rs/quintal,SYNTHETIC_DEMO
2022-12-13,Andhra Pradesh,Guntur,Guntur,Tomato,2306.61,2191.28,2421.94,486.3,Rs/quintal,SYNTHETIC_DEMO
2022-12-14,Andhra Pradesh,Guntur,Guntur,Tomato,2318.0,2202.1,2433.9,396.7,Rs/quintal,SYNTHETIC_DEMO
2022-12-15,Andhra Pradesh,Guntur,Guntur,Tomato,2328.09,2211.69,2444.5,478.9,Rs/quintal,SYNTHETIC_DEMO
2022-12-16,Andhra Pradesh,Guntur,Guntur,Tomato,2337.57,2220.7,2454.45,606.9,Rs/quintal,SYNTHETIC_DEMO
2022-12-17,Andhra Pradesh,Guntur,Guntur,Tomato,2340.67,2223.64,2457.71,519.0,Rs/quintal,SYNTHETIC_DEMO
2022-12-18,Andhra Pradesh,Guntur,Guntur,Tomato,2353.55,2235.87,2471.23,392.3,Rs/quintal,SYNTHETIC_DEMO
2022-12-19,Andhra Pradesh,Guntur,Guntur,Tomato,2359.12,2241.16,2477.07,375.5,Rs/quintal,SYNTHETIC_DEMO
2022-12-20,Andhra Pradesh,Guntur,Guntur,Tomato,2360.82,2242.78,2478.86,633.2,Rs/quintal,SYNTHETIC_DEMO
2022-12-21,Andhra Pradesh,Guntur,Guntur,Tomato,2364.08,2245.88,2482.29,492.8,Rs/quintal,SYNTHETIC_DEMO
2022-12-22,Andhra Pradesh,Guntur,Guntur,Tomato,2387.89,2268.5,2507.29,448.2,Rs/quintal,SYNTHETIC_DEMO
2022-12-23,Andhra Pradesh,Guntur,Guntur,Tomato,2378.67,2259.74,2497.6,478.1,Rs/quintal,SYNTHETIC_DEMO
2022-12-24,Andhra Pradesh,Guntur,Guntur,Tomato,2389.13,2269.67,2508.58,381.8,Rs/quintal,SYNTHETIC_DEMO
2022-12-25,Andhra Pradesh,Guntur,Guntur,Tomato,2380.43,2261.4,2499.45,613.8,Rs/quintal,SYNTHETIC_DEMO
2022-12-26,Andhra Pradesh,Guntur,Guntur,Tomato,2385.56,2266.28,2504.84,468.6,Rs/quintal,SYNTHETIC_DEMO
2022-12-27,Andhra Pradesh,Guntur,Guntur,Tomato,2387.84,2268.45,2507.23,609.4,Rs/quintal,SYNTHETIC_DEMO
2022-12-28,Andhra Pradesh,Guntur,Guntur,Tomato,2375.59,2256.81,2494.37,504.1,Rs/quintal,SYNTHETIC_DEMO
2022-12-29,Andhra Pradesh,Guntur,Guntur,Tomato,2385.13,2265.87,2504.38,614.4,Rs/quintal,SYNTHETIC_DEMO
2022-12-30,Andhra Pradesh,Guntur,Guntur,Tomato,2387.9,2268.5,2507.29,520.5,Rs/quintal,SYNTHETIC_DEMO
2022-12-31,Andhra Pradesh,Guntur,Guntur,Tomato,2375.54,2256.77,2494.32,568.3,Rs/quintal,SYNTHETIC_DEMO
2023-01-01,Andhra Pradesh,Guntur,Guntur,Tomato,2389.05,2269.6,2508.5,557.5,Rs/quintal,SYNTHETIC_DEMO
2023-01-02,Andhra Pradesh,Guntur,Guntur,Tomato,2407.8,2287.41,2528.19,549.9,Rs/quintal,SYNTHETIC_DEMO
2023-01-03,Andhra Pradesh,Guntur,Guntur,Tomato,2427.03,2305.68,2548.38,527.8,Rs/quintal,SYNTHETIC_DEMO
2023-01-04,Andhra Pradesh,Guntur,Guntur,Tomato,2436.31,2314.49,2558.12,481.4,Rs/quintal,SYNTHETIC_DEMO
2023-01-05,Andhra Pradesh,Guntur,Guntur,Tomato,2442.82,2320.68,2564.96,653.2,Rs/quintal,SYNTHETIC_DEMO
2023-01-06,Andhra Pradesh,Guntur,Guntur,Tomato,2460.61,2337.58,2583.64,427.4,Rs/quintal,SYNTHETIC_DEMO
2023-01-07,Andhra Pradesh,Guntur,Guntur,Tomato,2481.51,2357.44,2605.59,500.3,Rs/quintal,SYNTHETIC_DEMO
2023-01-08,Andhra Pradesh,Guntur,Guntur,Tomato,2497.57,2372.7,2622.45,501.2,Rs/quintal,SYNTHETIC_DEMO
2023-01-09,Andhra Pradesh,Guntur,Guntur,Tomato,2495.36,2370.59,2620.13,532.2,Rs/quintal,SYNTHETIC_DEMO
2023-01-10,Andhra Pradesh,Guntur,Guntur,Tomato,2503.19,2378.03,2628.35,465.6,Rs/quintal,SYNTHETIC_DEMO
2023-01-11,Andhra Pradesh,Guntur,Guntur,Tomato,2513.11,2387.45,2638.76,525.2,Rs/quintal,SYNTHETIC_DEMO
2023-01-12,Andhra Pradesh,Guntur,Guntur,Tomato,2503.21,2378.05,2628.37,486.5,Rs/quintal,SYNTHETIC_DEMO
2023-01-13,Andhra Pradesh,Guntur,Guntur,Tomato,2513.35,2387.68,2639.02,373.4,Rs/quintal,SYNTHETIC_DEMO
2023-01-14,Andhra Pradesh,Guntur,Guntur,Tomato,2539.34,2412.37,2666.31,500.8,Rs/quintal,SYNTHETIC_DEMO
2023-01-15,Andhra Pradesh,Guntur,Guntur,Tomato,2550.94,2423.39,2678.49,412.0,Rs/quintal,SYNTHETIC_DEMO
2023-01-16,Andhra Pradesh,Guntur,Guntur,Tomato,2569.85,2441.36,2698.34,361.2,Rs/quintal,SYNTHETIC_DEMO
2023-01-17,Andhra Pradesh,Guntur,Guntur,Tomato,2577.38,2448.51,2706.25,510.9,Rs/quintal,SYNTHETIC_DEMO
2023-01-18,Andhra Pradesh,Guntur,Guntur,Tomato,2582.63,2453.5,2711.76,539.0,Rs/quintal,SYNTHETIC_DEMO
2023-01-19,Andhra Pradesh,Guntur,Guntur,Tomato,2591.85,2462.26,2721.44,542.1,Rs/quintal,SYNTHETIC_DEMO
2023-01-20,Andhra Pradesh,Guntur,Guntur,Tomato,2590.5,2460.98,2720.03,545.4,Rs/quintal,SYNTHETIC_DEMO
2023-01-21,Andhra Pradesh,Guntur,Guntur,Tomato,2587.83,2458.44,2717.22,345.4,Rs/quintal,SYNTHETIC_DEMO
2023-01-22,Andhra Pradesh,Guntur,Guntur,Tomato,2604.74,2474.5,2734.98,391.1,Rs/quintal,SYNTHETIC_DEMO
2023-01-23,Andhra Pradesh,Guntur,Guntur,Tomato,2622.55,2491.43,2753.68,657.9,Rs/quintal,SYNTHETIC_DEMO
2023-01-24,Andhra Pradesh,Guntur,Guntur,Tomato,2619.53,2488.56,2750.51,416.2,Rs/quintal,SYNTHETIC_DEMO
2023-01-25,Andhra Pradesh,Guntur,Guntur,Tomato,2633.71,2502.03,2765.4,548.9,Rs/quintal,SYNTHETIC_DEMO
2023-01-26,Andhra Pradesh,Guntur,Guntur,Tomato,2638.57,2506.64,2770.5,445.0,Rs/quintal,SYNTHETIC_DEMO
2023-01-27,Andhra Pradesh,Guntur,Guntur,Tomato,2647.14,2514.79,2779.5,506.4,Rs/quintal,SYNTHETIC_DEMO
2023-01-28,Andhra Pradesh,Guntur,Guntur,Tomato,2656.73,2523.9,2789.57,449.3,Rs/quintal,SYNTHETIC_DEMO
2023-01-29,Andhra Pradesh,Guntur,Guntur,Tomato,2670.98,2537.43,2804.53,544.9,Rs/quintal,SYNTHETIC_DEMO
2023-01-30,Andhra Pradesh,Guntur,Guntur,Tomato,2677.16,2543.3,2811.01,510.9,Rs/quintal,SYNTHETIC_DEMO
2023-01-31,Andhra Pradesh,Guntur,Guntur,Tomato,2694.97,2560.22,2829.72,464.1,Rs/quintal,SYNTHETIC_DEMO
2023-02-01,Andhra Pradesh,Guntur,Guntur,Tomato,2703.05,2567.9,2838.2,416.0,Rs/quintal,SYNTHETIC_DEMO
2023-02-02,Andhra Pradesh,Guntur,Guntur,Tomato,2713.85,2578.15,2849.54,521.4,Rs/quintal,SYNTHETIC_DEMO
2023-02-03,Andhra Pradesh,Guntur,Guntur,Tomato,2711.77,2576.18,2847.36,403.0,Rs/quintal,SYNTHETIC_DEMO
2023-02-04,Andhra Pradesh,Guntur,Guntur,Tomato,2735.97,2599.17,2872.77,534.2,Rs/quintal,SYNTHETIC_DEMO
2023-02-05,Andhra Pradesh,Guntur,Guntur,Tomato,2745.25,2607.99,2882.51,710.1,Rs/quintal,SYNTHETIC_DEMO
2023-02-06,Andhra Pradesh,Guntur,Guntur,Tomato,2756.62,2618.79,2894.45,608.0,Rs/quintal,SYNTHETIC_DEMO
2023-02-07,Andhra Pradesh,Guntur,Guntur,Tomato,2747.5,2610.12,2884.87,557.5,Rs/quintal,SYNTHETIC_DEMO
2023-02-08,Andhra Pradesh,Guntur,Guntur,Tomato,2745.24,2607.98,2882.5,493.2,Rs/quintal,SYNTHETIC_DEMO
2023-02-09,Andhra Pradesh,Guntur,Guntur,Tomato,2761.05,2623.0,2899.1,344.9,Rs/quintal,SYNTHETIC_DEMO
2023-02-10,Andhra Pradesh,Guntur,Guntur,Tomato,2768.43,2630.01,2906.85,394.2,Rs/quintal,SYNTHETIC_DEMO
2023-02-11,Andhra Pradesh,Guntur,Guntur,Tomato,2756.38,2618.57,2894.2,602.6,Rs/quintal,SYNTHETIC_DEMO
2023-02-12,Andhra Pradesh,Guntur,Guntur,Tomato,2770.25,2631.74,2908.77,436.8,Rs/quintal,SYNTHETIC_DEMO
2023-02-13,Andhra Pradesh,Guntur,Guntur,Tomato,2770.14,2631.63,2908.64,444.1,Rs/quintal,SYNTHETIC_DEMO
2023-02-14,Andhra Pradesh,Guntur,Guntur,Tomato,2787.16,2647.8,2926.51,486.7,Rs/quintal,SYNTHETIC_DEMO
2023-02-15,Andhra Pradesh,Guntur,Guntur,Tomato,2790.92,2651.37,2930.46,415.0,Rs/quintal,SYNTHETIC_DEMO
2023-02-16,Andhra Pradesh,Guntur,Guntur,Tomato,2797.18,2657.32,2937.04,401.9,Rs/quintal,SYNTHETIC_DEMO
2023-02-17,Andhra Pradesh,Guntur,Guntur,Tomato,2811.95,2671.36,2952.55,496.0,Rs/quintal,SYNTHETIC_DEMO
2023-02-18,Andhra Pradesh,Guntur,Guntur,Tomato,2808.38,2667.96,2948.8,428.7,Rs/quintal,SYNTHETIC_DEMO
2023-02-19,Andhra Pradesh,Guntur,Guntur,Tomato,2803.9,2663.7,2944.09,440.7,Rs/quintal,SYNTHETIC_DEMO
2023-02-20,Andhra Pradesh,Guntur,Guntur,Tomato,2806.35,2666.03,2946.67,437.5,Rs/quintal,SYNTHETIC_DEMO
2023-02-21,Andhra Pradesh,Guntur,Guntur,Tomato,2817.73,2676.85,2958.62,541.8,Rs/quintal,SYNTHETIC_DEMO
2023-02-22,Andhra Pradesh,Guntur,Guntur,Tomato,2810.05,2669.55,2950.55,481.4,Rs/quintal,SYNTHETIC_DEMO
2023-02-23,Andhra Pradesh,Guntur,Guntur,Tomato,2799.33,2659.36,2939.29,485.7,Rs/quintal,SYNTHETIC_DEMO
2023-02-24,Andhra Pradesh,Guntur,Guntur,Tomato,2810.45,2669.93,2950.98,547.8,Rs/quintal,SYNTHETIC_DEMO
2023-02-25,Andhra Pradesh,Guntur,Guntur,Tomato,2808.95,2668.5,2949.39,488.6,Rs/quintal,SYNTHETIC_DEMO
2023-02-26,Andhra Pradesh,Guntur,Guntur,Tomato,2809.21,2668.75,2949.67,477.7,Rs/quintal,SYNTHETIC_DEMO
2023-02-27,Andhra Pradesh,Guntur,Guntur,Tomato,2796.51,2656.69,2936.34,537.6,Rs/quintal,SYNTHETIC_DEMO
2023-02-28,Andhra Pradesh,Guntur,Guntur,Tomato,2794.1,2654.39,2933.8,553.5,Rs/quintal,SYNTHETIC_DEMO
2023-03-01,Andhra Pradesh,Guntur,Guntur,Tomato,2797.51,2657.63,2937.38,488.2,Rs/quintal,SYNTHETIC_DEMO
2023-03-02,Andhra Pradesh,Guntur,Guntur,Tomato,2809.08,2668.63,2949.54,506.4,Rs/quintal,SYNTHETIC_DEMO
2023-03-03,Andhra Pradesh,Guntur,Guntur,Tomato,2805.61,2665.33,2945.89,437.5,Rs/quintal,SYNTHETIC_DEMO
2023-03-04,Andhra Pradesh,Guntur,Guntur,Tomato,2823.42,2682.24,2964.59,431.1,Rs/quintal,SYNTHETIC_DEMO
2023-03-05,Andhra Pradesh,Guntur,Guntur,Tomato,2820.53,2679.5,2961.56,561.5,Rs/quintal,SYNTHETIC_DEMO
2023-03-06,Andhra Pradesh,Guntur,Guntur,Tomato,2817.57,2676.69,2958.45,535.6,Rs/quintal,SYNTHETIC_DEMO
2023-03-07,Andhra Pradesh,Guntur,Guntur,Tomato,2834.06,2692.36,2975.77,536.4,Rs/quintal,SYNTHETIC_DEMO
2023-03-08,Andhra Pradesh,Guntur,Guntur,Tomato,2838.8,2696.86,2980.74,522.5,Rs/quintal,SYNTHETIC_DEMO
2023-03-09,Andhra Pradesh,Guntur,Guntur,Tomato,2836.73,2694.89,2978.57,503.7,Rs/quintal,SYNTHETIC_DEMO
2023-03-10,Andhra Pradesh,Guntur,Guntur,Tomato,2838.06,2696.16,2979.97,555.7,Rs/quintal,SYNTHETIC_DEMO
2023-03-11,Andhra Pradesh,Guntur,Guntur,Tomato,2852.58,2709.95,2995.21,574.8,Rs/quintal,SYNTHETIC_DEMO
2023-03-12,Andhra Pradesh,Guntur,Guntur,Tomato,2868.0,2724.6,3011.4,572.9,Rs/quintal,SYNTHETIC_DEMO
2023-03-13,Andhra Pradesh,Guntur,Guntur,Tomato,2863.24,2720.07,3006.4,491.9,Rs/quintal,SYNTHETIC_DEMO
2023-03-14,Andhra Pradesh,Guntur,Guntur,Tomato,2865.2,2721.94,3008.46,611.0,Rs/quintal,SYNTHETIC_DEMO
2023-03-15,Andhra Pradesh,Guntur,Guntur,Tomato,2868.23,2724.82,3011.64,518.3,Rs/quintal,SYNTHETIC_DEMO
2023-03-16,Andhra Pradesh,Guntur,Guntur,Tomato,2861.7,2718.62,3004.79,550.6,Rs/quintal,SYNTHETIC_DEMO
2023-03-17,Andhra Pradesh,Guntur,Guntur,Tomato,2863.27,2720.1,3006.43,522.6,Rs/quintal,SYNTHETIC_DEMO
2023-03-18,Andhra Pradesh,Guntur,Guntur,Tomato,2865.28,2722.01,3008.54,519.8,Rs/quintal,SYNTHETIC_DEMO
2023-03-19,Andhra Pradesh,Guntur,Guntur,Tomato,2877.18,2733.32,3021.04,441.1,Rs/quintal,SYNTHETIC_DEMO
2023-03-20,Andhra Pradesh,Guntur,Guntur,Tomato,2889.57,2745.1,3034.05,556.1,Rs/quintal,SYNTHETIC_DEMO
2023-03-21,Andhra Pradesh,Guntur,Guntur,Tomato,2888.35,2743.94,3032.77,727.6,Rs/quintal,SYNTHETIC_DEMO
2023-03-22,Andhra Pradesh,Guntur,Guntur,Tomato,2888.05,2743.65,3032.45,470.0,Rs/quintal,SYNTHETIC_DEMO
2023-03-23,Andhra Pradesh,Guntur,Guntur,Tomato,2895.38,2750.61,3040.15,505.7,Rs/quintal,SYNTHETIC_DEMO
2023-03-24,Andhra Pradesh,Guntur,Guntur,Tomato,2891.62,2747.04,3036.2,464.3,Rs/quintal,SYNTHETIC_DEMO
2023-03-25,Andhra Pradesh,Guntur,Guntur,Tomato,2898.1,2753.19,3043.0,461.0,Rs/quintal,SYNTHETIC_DEMO
2023-03-26,Andhra Pradesh,Guntur,Guntur,Tomato,2898.52,2753.59,3043.44,623.6,Rs/quintal,SYNTHETIC_DEMO
2023-03-27,Andhra Pradesh,Guntur,Guntur,Tomato,2891.08,2746.53,3035.64,446.2,Rs/quintal,SYNTHETIC_DEMO
2023-03-28,Andhra Pradesh,Guntur,Guntur,Tomato,2883.67,2739.48,3027.85,462.1,Rs/quintal,SYNTHETIC_DEMO
2023-03-29,Andhra Pradesh,Guntur,Guntur,Tomato,2897.3,2752.44,3042.17,373.0,Rs/quintal,SYNTHETIC_DEMO
2023-03-30,Andhra Pradesh,Guntur,Guntur,Tomato,2896.73,2751.9,3041.57,439.4,Rs/quintal,SYNTHETIC_DEMO
2023-03-31,Andhra Pradesh,Guntur,Guntur,Tomato,2911.88,2766.28,3057.47,363.3,Rs/quintal,SYNTHETIC_DEMO
2023-04-01,Andhra Pradesh,Guntur,Guntur,Tomato,2907.97,2762.57,3053.37,550.5,Rs/quintal,SYNTHETIC_DEMO
2023-04-02,Andhra Pradesh,Guntur,Guntur,Tomato,2911.05,2765.49,3056.6,724.0,Rs/quintal,SYNTHETIC_DEMO
2023-04-03,Andhra Pradesh,Guntur,Guntur,Tomato,2932.52,2785.89,3079.14,470.7,Rs/quintal,SYNTHETIC_DEMO
2023-04-04,Andhra Pradesh,Guntur,Guntur,Tomato,2923.53,2777.35,3069.71,366.7,Rs/quintal,SYNTHETIC_DEMO
2023-04-05,Andhra Pradesh,Guntur,Guntur,Tomato,2907.05,2761.7,3052.4,572.0,Rs/quintal,SYNTHETIC_DEMO
2023-04-06,Andhra Pradesh,Guntur,Guntur,Tomato,2918.49,2772.57,3064.42,441.8,Rs/quintal,SYNTHETIC_DEMO
2023-04-07,Andhra Pradesh,Guntur,Guntur,Tomato,2911.24,2765.68,3056.8,603.9,Rs/quintal,SYNTHETIC_DEMO
2023-04-08,Andhra Pradesh,Guntur,Guntur,Tomato,2910.99,2765.44,3056.54,477.4,Rs/quintal,SYNTHETIC_DEMO
2023-04-09,Andhra Pradesh,Guntur,Guntur,Tomato,2905.66,2760.38,3050.94,449.5,Rs/quintal,SYNTHETIC_DEMO
2023-04-10,Andhra Pradesh,Guntur,Guntur,Tomato,2907.75,2762.37,3053.14,485.8,Rs/quintal,SYNTHETIC_DEMO
2023-04-11,Andhra Pradesh,Guntur,Guntur,Tomato,2899.02,2754.07,3043.98,560.6,Rs/quintal,SYNTHETIC_DEMO
2023-04-12,Andhra Pradesh,Guntur,Guntur,Tomato,2896.98,2752.13,3041.83,481.8,Rs/quintal,SYNTHETIC_DEMO
2023-04-13,Andhra Pradesh,Guntur,Guntur,Tomato,2900.38,2755.36,3045.4,460.3,Rs/quintal,SYNTHETIC_DEMO
2023-04-14,Andhra Pradesh,Guntur,Guntur,Tomato,2890.86,2746.31,3035.4,484.1,Rs/quintal,SYNTHETIC_DEMO
2023-04-15,Andhra Pradesh,Guntur,Guntur,Tomato,2883.95,2739.75,3028.14,398.3,Rs/quintal,SYNTHETIC_DEMO
2023-04-16,Andhra Pradesh,Guntur,Guntur,Tomato,2880.04,2736.04,3024.05,531.8,Rs/quintal,SYNTHETIC_DEMO
2023-04-17,Andhra Pradesh,Guntur,Guntur,Tomato,2866.53,2723.2,3009.86,357.1,Rs/quintal,SYNTHETIC_DEMO
2023-04-18,Andhra Pradesh,Guntur,Guntur,Tomato,2861.78,2718.69,3004.87,464.5,Rs/quintal,SYNTHETIC_DEMO
2023-04-19,Andhra Pradesh,Guntur,Guntur,Tomato,2861.7,2718.61,3004.78,560.8,Rs/quintal,SYNTHETIC_DEMO
2023-04-20,Andhra Pradesh,Guntur,Guntur,Tomato,2856.96,2714.11,2999.8,524.2,Rs/quintal,SYNTHETIC_DEMO
2023-04-21,Andhra Pradesh,Guntur,Guntur,Tomato,2853.25,2710.59,2995.92,547.2,Rs/quintal,SYNTHETIC_DEMO
2023-04-22,Andhra Pradesh,Guntur,Guntur,Tomato,2851.67,2709.09,2994.25,494.8,Rs/quintal,SYNTHETIC_DEMO
2023-04-23,Andhra Pradesh,Guntur,Guntur,Tomato,2844.4,2702.18,2986.62,593.6,Rs/quintal,SYNTHETIC_DEMO
2023-04-24,Andhra Pradesh,Guntur,Guntur,Tomato,2848.89,2706.44,2991.33,574.0,Rs/quintal,SYNTHETIC_DEMO
2023-04-25,Andhra Pradesh,Guntur,Guntur,Tomato,2859.84,2716.85,3002.83,535.7,Rs/quintal,SYNTHETIC_DEMO
2023-04-26,Andhra Pradesh,Guntur,Guntur,Tomato,2853.98,2711.28,2996.68,574.2,Rs/quintal,SYNTHETIC_DEMO
2023-04-27,Andhra Pradesh,Guntur,Guntur,Tomato,2856.39,2713.57,2999.21,560.0,Rs/quintal,SYNTHETIC_DEMO
2023-04-28,Andhra Pradesh,Guntur,Guntur,Tomato,2852.33,2709.71,2994.94,464.8,Rs/quintal,SYNTHETIC_DEMO
2023-04-29,Andhra Pradesh,Guntur,Guntur,Tomato,2853.5,2710.83,2996.18,392.5,Rs/quintal,SYNTHETIC_DEMO
2023-04-30,Andhra Pradesh,Guntur,Guntur,Tomato,2865.16,2721.9,3008.41,533.6,Rs/quintal,SYNTHETIC_DEMO
2023-05-01,Andhra Pradesh,Guntur,Guntur,Tomato,2867.42,2724.05,3010.79,543.7,Rs/quintal,SYNTHETIC_DEMO
2023-05-02,Andhra Pradesh,Guntur,Guntur,Tomato,2849.51,2707.03,2991.98,587.2,Rs/quintal,SYNTHETIC_DEMO
2023-05-03,Andhra Pradesh,Guntur,Guntur,Tomato,2851.12,2708.56,2993.67,425.1,Rs/quintal,SYNTHETIC_DEMO
2023-05-04,Andhra Pradesh,Guntur,Guntur,Tomato,2859.5,2716.52,3002.47,427.5,Rs/quintal,SYNTHETIC_DEMO
2023-05-05,Andhra Pradesh,Guntur,Guntur,Tomato,2854.99,2712.24,2997.74,536.8,Rs/quintal,SYNTHETIC_DEMO
2023-05-06,Andhra Pradesh,Guntur,Guntur,Tomato,2861.12,2718.06,3004.17,494.3,Rs/quintal,SYNTHETIC_DEMO
2023-05-07,Andhra Pradesh,Guntur,Guntur,Tomato,2852.33,2709.71,2994.94,349.1,Rs/quintal,SYNTHETIC_DEMO
2023-05-08,Andhra Pradesh,Guntur,Guntur,Tomato,2836.45,2694.63,2978.28,530.0,Rs/quintal,SYNTHETIC_DEMO
2023-05-09,Andhra Pradesh,Guntur,Guntur,Tomato,2834.82,2693.08,2976.56,351.8,Rs/quintal,SYNTHETIC_DEMO
2023-05-10,Andhra Pradesh,Guntur,Guntur,Tomato,2816.4,2675.58,2957.22,424.4,Rs/quintal,SYNTHETIC_DEMO
2023-05-11,Andhra Pradesh,Guntur,Guntur,Tomato,2811.26,2670.69,2951.82,608.1,Rs/quintal,SYNTHETIC_DEMO
2023-05-12,Andhra Pradesh,Guntur,Guntur,Tomato,2819.47,2678.49,2960.44,646.0,Rs/quintal,SYNTHETIC_DEMO
2023-05-13,Andhra Pradesh,Guntur,Guntur,Tomato,2799.47,2659.5,2939.45,402.7,Rs/quintal,SYNTHETIC_DEMO
2023-05-14,Andhra Pradesh,Guntur,Guntur,Tomato,2784.95,2645.7,2924.2,473.6,Rs/quintal,SYNTHETIC_DEMO
2023-05-15,Andhra Pradesh,Guntur,Guntur,Tomato,2772.53,2633.91,2911.16,503.4,Rs/quintal,SYNTHETIC_DEMO
2023-05-16,Andhra Pradesh,Guntur,Guntur,Tomato,2768.57,2630.14,2906.99,642.5,Rs/quintal,SYNTHETIC_DEMO
2023-05-17,Andhra Pradesh,Guntur,Guntur,Tomato,2761.87,2623.77,2899.96,460.6,Rs/quintal,SYNTHETIC_DEMO
2023-05-18,Andhra Pradesh,Guntur,Guntur,Tomato,2770.63,2632.1,2909.16,461.8,Rs/quintal,SYNTHETIC_DEMO
2023-05-19,Andhra Pradesh,Guntur,Guntur,Tomato,2775.41,2636.64,2914.18,623.9,Rs/quintal,SYNTHETIC_DEMO
2023-05-20,Andhra Pradesh,Guntur,Guntur,Tomato,2776.08,2637.27,2914.88,470.0,Rs/quintal,SYNTHETIC_DEMO
2023-05-21,Andhra Pradesh,Guntur,Guntur,Tomato,2773.6,2634.92,2912.29,557.8,Rs/quintal,SYNTHETIC_DEMO
2023-05-22,Andhra Pradesh,Guntur,Guntur,Tomato,2773.25,2634.58,2911.91,381.8,Rs/quintal,SYNTHETIC_DEMO
2023-05-23,Andhra Pradesh,Guntur,Guntur,Tomato,2761.78,2623.69,2899.87,486.3,Rs/quintal,SYNTHETIC_DEMO
2023-05-24,Andhra Pradesh,Guntur,Guntur,Tomato,2765.37,2627.11,2903.64,367.2,Rs/quintal,SYNTHETIC_DEMO
2023-05-25,Andhra Pradesh,Guntur,Guntur,Tomato,2751.58,2614.0,2889.16,415.6,Rs/quintal,SYNTHETIC_DEMO
2023-05-26,Andhra Pradesh,Guntur,Guntur,Tomato,2754.86,2617.12,2892.61,567.1,Rs/quintal,SYNTHETIC_DEMO
2023-05-27,Andhra Pradesh,Guntur,Guntur,Tomato,2761.17,2623.12,2899.23,496.0,Rs/quintal,SYNTHETIC_DEMO
2023-05-28,Andhra Pradesh,Guntur,Guntur,Tomato,2758.85,2620.9,2896.79,474.5,Rs/quintal,SYNTHETIC_DEMO
2023-05-29,Andhra Pradesh,Guntur,Guntur,Tomato,2753.05,2615.4,2890.71,440.1,Rs/quintal,SYNTHETIC_DEMO
2023-05-30,Andhra Pradesh,Guntur,Guntur,Tomato,2752.28,2614.67,2889.9,482.3,Rs/quintal,SYNTHETIC_DEMO
2023-05-31,Andhra Pradesh,Guntur,Guntur,Tomato,2722.75,2586.62,2858.89,524.1,Rs/quintal,SYNTHETIC_DEMO
2023-06-01,Andhra Pradesh,Guntur,Guntur,Tomato,2721.01,2584.96,2857.06,578.6,Rs/quintal,SYNTHETIC_DEMO
2023-06-02,Andhra Pradesh,Guntur,Guntur,Tomato,2715.56,2579.79,2851.34,290.0,Rs/quintal,SYNTHETIC_DEMO
2023-06-03,Andhra Pradesh,Guntur,Guntur,Tomato,2710.62,2575.09,2846.15,433.5,Rs/quintal,SYNTHETIC_DEMO
2023-06-04,Andhra Pradesh,Guntur,Guntur,Tomato,2712.29,2576.67,2847.9,512.7,Rs/quintal,SYNTHETIC_DEMO
2023-06-05,Andhra Pradesh,Guntur,Guntur,Tomato,2707.04,2571.69,2842.39,492.1,Rs/quintal,SYNTHETIC_DEMO
2023-06-06,Andhra Pradesh,Guntur,Guntur,Tomato,2692.37,2557.75,2826.98,532.3,Rs/quintal,SYNTHETIC_DEMO
2023-06-07,Andhra Pradesh,Guntur,Guntur,Tomato,2686.44,2552.12,2820.76,521.4,Rs/quintal,SYNTHETIC_DEMO
2023-06-08,Andhra Pradesh,Guntur,Guntur,Tomato,2682.31,2548.2,2816.43,475.6,Rs/quintal,SYNTHETIC_DEMO
2023-06-09,Andhra Pradesh,Guntur,Guntur,Tomato,2678.56,2544.63,2812.49,457.9,Rs/quintal,SYNTHETIC_DEMO
2023-06-10,Andhra Pradesh,Guntur,Guntur,Tomato,2675.18,2541.43,2808.94,480.4,Rs/quintal,SYNTHETIC_DEMO
2023-06-11,Andhra Pradesh,Guntur,Guntur,Tomato,2679.49,2545.52,2813.47,591.9,Rs/quintal,SYNTHETIC_DEMO
2023-06-12,Andhra Pradesh,Guntur,Guntur,Tomato,2665.06,2531.81,2798.32,441.4,Rs/quintal,SYNTHETIC_DEMO
2023-06-13,Andhra Pradesh,Guntur,Guntur,Tomato,2661.7,2528.62,2794.79,495.0,Rs/quintal,SYNTHETIC_DEMO
2023-06-14,Andhra Pradesh,Guntur,Guntur,Tomato,2668.11,2534.71,2801.52,514.7,Rs/quintal,SYNTHETIC_DEMO
2023-06-15,Andhra Pradesh,Guntur,Guntur,Tomato,2647.88,2515.48,2780.27,624.8,Rs/quintal,SYNTHETIC_DEMO
2023-06-16,Andhra Pradesh,Guntur,Guntur,Tomato,2644.46,2512.24,2776.68,476.0,Rs/quintal,SYNTHETIC_DEMO
2023-06-17,Andhra Pradesh,Guntur,Guntur,Tomato,2634.28,2502.57,2766.0,576.7,Rs/quintal,SYNTHETIC_DEMO
2023-06-18,Andhra Pradesh,Guntur,Guntur,Tomato,2625.97,2494.67,2757.27,598.6,Rs/quintal,SYNTHETIC_DEMO
2023-06-19,Andhra Pradesh,Guntur,Guntur,Tomato,2612.93,2482.28,2743.58,494.9,Rs/quintal,SYNTHETIC_DEMO
2023-06-20,Andhra Pradesh,Guntur,Guntur,Tomato,2606.34,2476.02,2736.65,483.1,Rs/quintal,SYNTHETIC_DEMO
2023-06-21,Andhra Pradesh,Guntur,Guntur,Tomato,2617.42,2486.55,2748.29,473.7,Rs/quintal,SYNTHETIC_DEMO
2023-06-22,Andhra Pradesh,Guntur,Guntur,Tomato,2601.16,2471.1,2731.21,479.5,Rs/quintal,SYNTHETIC_DEMO
2023-06-23,Andhra Pradesh,Guntur,Guntur,Tomato,2585.71,2456.42,2714.99,568.3,Rs/quintal,SYNTHETIC_DEMO
2023-06-24,Andhra Pradesh,Guntur,Guntur,Tomato,2569.08,2440.62,2697.53,518.5,Rs/quintal,SYNTHETIC_DEMO
2023-06-25,Andhra Pradesh,Guntur,Guntur,Tomato,2579.09,2450.14,2708.05,518.8,Rs/quintal,SYNTHETIC_DEMO
2023-06-26,Andhra Pradesh,Guntur,Guntur,Tomato,2569.82,2441.33,2698.31,410.0,Rs/quintal,SYNTHETIC_DEMO
2023-06-27,Andhra Pradesh,Guntur,Guntur,Tomato,2564.39,2436.17,2692.61,422.6,Rs/quintal,SYNTHETIC_DEMO
2023-06-28,Andhra Pradesh,Guntur,Guntur,Tomato,2555.62,2427.84,2683.4,671.5,Rs/quintal,SYNTHETIC_DEMO
2023-06-29,Andhra Pradesh,Guntur,Guntur,Tomato,2542.08,2414.98,2669.19,485.8,Rs/quintal,SYNTHETIC_DEMO
2023-06-30,Andhra Pradesh,Guntur,Guntur,Tomato,2534.78,2408.04,2661.52,438.0,Rs/quintal,SYNTHETIC_DEMO
2023-07-01,Andhra Pradesh,Guntur,Guntur,Tomato,2551.18,2423.62,2678.74,614.5,Rs/quintal,SYNTHETIC_DEMO
2023-07-02,Andhra Pradesh,Guntur,Guntur,Tomato,2558.19,2430.28,2686.1,522.5,Rs/quintal,SYNTHETIC_DEMO
2023-07-03,Andhra Pradesh,Guntur,Guntur,Tomato,2545.44,2418.17,2672.71,546.3,Rs/quintal,SYNTHETIC_DEMO
2023-07-04,Andhra Pradesh,Guntur,Guntur,Tomato,2545.9,2418.61,2673.2,489.0,Rs/quintal,SYNTHETIC_DEMO
2023-07-05,Andhra Pradesh,Guntur,Guntur,Tomato,2533.35,2406.68,2660.01,474.5,Rs/quintal,SYNTHETIC_DEMO
2023-07-06,Andhra Pradesh,Guntur,Guntur,Tomato,2512.48,2386.86,2638.1,486.4,Rs/quintal,SYNTHETIC_DEMO
2023-07-07,Andhra Pradesh,Guntur,Guntur,Tomato,2516.23,2390.41,2642.04,389.4,Rs/quintal,SYNTHETIC_DEMO
2023-07-08,Andhra Pradesh,Guntur,Guntur,Tomato,2521.21,2395.15,2647.28,493.0,Rs/quintal,SYNTHETIC_DEMO
2023-07-09,Andhra Pradesh,Guntur,Guntur,Tomato,2525.21,2398.95,2651.47,523.7,Rs/quintal,SYNTHETIC_DEMO
2023-07-10,Andhra Pradesh,Guntur,Guntur,Tomato,2515.88,2390.08,2641.67,648.0,Rs/quintal,SYNTHETIC_DEMO
2023-07-11,Andhra Pradesh,Guntur,Guntur,Tomato,2509.22,2383.76,2634.68,506.9,Rs/quintal,SYNTHETIC_DEMO
2023-07-12,Andhra Pradesh,Guntur,Guntur,Tomato,2510.65,2385.11,2636.18,313.3,Rs/quintal,SYNTHETIC_DEMO
2023-07-13,Andhra Pradesh,Guntur,Guntur,Tomato,2508.93,2383.49,2634.38,492.5,Rs/quintal,SYNTHETIC_DEMO
2023-07-14,Andhra Pradesh,Guntur,Guntur,Tomato,2500.33,2375.31,2625.35,719.2,Rs/quintal,SYNTHETIC_DEMO
2023-07-15,Andhra Pradesh,Guntur,Guntur,Tomato,2480.96,2356.92,2605.01,569.3,Rs/quintal,SYNTHETIC_DEMO
2023-07-16,Andhra Pradesh,Guntur,Guntur,Tomato,2476.87,2353.02,2600.71,435.1,Rs/quintal,SYNTHETIC_DEMO
2023-07-17,Andhra Pradesh,Guntur,Guntur,Tomato,2481.29,2357.22,2605.35,547.3,Rs/quintal,SYNTHETIC_DEMO
2023-07-18,Andhra Pradesh,Guntur,Guntur,Tomato,2465.69,2342.41,2588.98,440.6,Rs/quintal,SYNTHETIC_DEMO
2023-07-19,Andhra Pradesh,Guntur,Guntur,Tomato,2466.29,2342.97,2589.6,391.7,Rs/quintal,SYNTHETIC_DEMO
2023-07-20,Andhra Pradesh,Guntur,Guntur,Tomato,2464.21,2341.0,2587.42,472.1,Rs/quintal,SYNTHETIC_DEMO
2023-07-21,Andhra Pradesh,Guntur,Guntur,Tomato,2465.84,2342.55,2589.13,507.3,Rs/quintal,SYNTHETIC_DEMO
2023-07-22,Andhra Pradesh,Guntur,Guntur,Tomato,2468.57,2345.14,2592.0,350.2,Rs/quintal,SYNTHETIC_DEMO
2023-07-23,Andhra Pradesh,Guntur,Guntur,Tomato,2457.55,2334.68,2580.43,408.1,Rs/quintal,SYNTHETIC_DEMO
2023-07-24,Andhra Pradesh,Guntur,Guntur,Tomato,2438.45,2316.53,2560.37,500.8,Rs/quintal,SYNTHETIC_DEMO
2023-07-25,Andhra Pradesh,Guntur,Guntur,Tomato,2428.92,2307.47,2550.36,467.3,Rs/quintal,SYNTHETIC_DEMO
2023-07-26,Andhra Pradesh,Guntur,Guntur,Tomato,2431.94,2310.34,2553.54,531.6,Rs/quintal,SYNTHETIC_DEMO
2023-07-27,Andhra Pradesh,Guntur,Guntur,Tomato,2422.41,2301.29,2543.53,402.8,Rs/quintal,SYNTHETIC_DEMO
2023-07-28,Andhra Pradesh,Guntur,Guntur,Tomato,2411.58,2291.0,2532.16,557.1,Rs/quintal,SYNTHETIC_DEMO
2023-07-29,Andhra Pradesh,Guntur,Guntur,Tomato,2390.87,2271.33,2510.41,405.3,Rs/quintal,SYNTHETIC_DEMO
2023-07-30,Andhra Pradesh,Guntur,Guntur,Tomato,2401.66,2281.57,2521.74,631.4,Rs/quintal,SYNTHETIC_DEMO
2023-07-31,Andhra Pradesh,Guntur,Guntur,Tomato,2404.33,2284.11,2524.54,362.7,Rs/quintal,SYNTHETIC_DEMO
2023-08-01,Andhra Pradesh,Guntur,Guntur,Tomato,2406.56,2286.23,2526.88,412.6,Rs/quintal,SYNTHETIC_DEMO
2023-08-02,Andhra Pradesh,Guntur,Guntur,Tomato,2410.57,2290.04,2531.1,533.4,Rs/quintal,SYNTHETIC_DEMO
2023-08-03,Andhra Pradesh,Guntur,Guntur,Tomato,2411.2,2290.64,2531.76,633.1,Rs/quintal,SYNTHETIC_DEMO
2023-08-04,Andhra Pradesh,Guntur,Guntur,Tomato,2404.65,2284.41,2524.88,525.2,Rs/quintal,SYNTHETIC_DEMO
2023-08-05,Andhra Pradesh,Guntur,Guntur,Tomato,2398.86,2278.91,2518.8,545.0,Rs/quintal,SYNTHETIC_DEMO
2023-08-06,Andhra Pradesh,Guntur,Guntur,Tomato,2390.8,2271.26,2510.34,501.4,Rs/quintal,SYNTHETIC_DEMO
2023-08-07,Andhra Pradesh,Guntur,Guntur,Tomato,2409.74,2289.26,2530.23,417.9,Rs/quintal,SYNTHETIC_DEMO
2023-08-08,Andhra Pradesh,Guntur,Guntur,Tomato,2410.45,2289.93,2530.97,460.8,Rs/quintal,SYNTHETIC_DEMO
2023-08-09,Andhra Pradesh,Guntur,Guntur,Tomato,2402.24,2282.13,2522.36,403.0,Rs/quintal,SYNTHETIC_DEMO
2023-08-10,Andhra Pradesh,Guntur,Guntur,Tomato,2402.27,2282.16,2522.39,397.7,Rs/quintal,SYNTHETIC_DEMO
2023-08-11,Andhra Pradesh,Guntur,Guntur,Tomato,2389.37,2269.9,2508.84,532.1,Rs/quintal,SYNTHETIC_DEMO
2023-08-12,Andhra Pradesh,Guntur,Guntur,Tomato,2398.66,2278.73,2518.59,410.1,Rs/quintal,SYNTHETIC_DEMO
2023-08-13,Andhra Pradesh,Guntur,Guntur,Tomato,2388.96,2269.51,2508.41,525.6,Rs/quintal,SYNTHETIC_DEMO
2023-08-14,Andhra Pradesh,Guntur,Guntur,Tomato,2389.55,2270.07,2509.03,395.9,Rs/quintal,SYNTHETIC_DEMO
2023-08-15,Andhra Pradesh,Guntur,Guntur,Tomato,2395.18,2275.42,2514.94,523.7,Rs/quintal,SYNTHETIC_DEMO
2023-08-16,Andhra Pradesh,Guntur,Guntur,Tomato,2394.88,2275.13,2514.62,460.9,Rs/quintal,SYNTHETIC_DEMO
2023-08-17,Andhra Pradesh,Guntur,Guntur,Tomato,2392.09,2272.48,2511.69,612.5,Rs/quintal,SYNTHETIC_DEMO
2023-08-18,Andhra Pradesh,Guntur,Guntur,Tomato,2388.63,2269.2,2508.06,525.9,Rs/quintal,SYNTHETIC_DEMO
2023-08-19,Andhra Pradesh,Guntur,Guntur,Tomato,2384.65,2265.42,2503.89,598.9,Rs/quintal,SYNTHETIC_DEMO
2023-08-20,Andhra Pradesh,Guntur,Guntur,Tomato,2376.17,2257.36,2494.98,439.5,Rs/quintal,SYNTHETIC_DEMO
2023-08-21,Andhra Pradesh,Guntur,Guntur,Tomato,2368.88,2250.43,2487.32,504.5,Rs/quintal,SYNTHETIC_DEMO
2023-08-22,Andhra Pradesh,Guntur,Guntur,Tomato,2378.63,2259.7,2497.57,421.5,Rs/quintal,SYNTHETIC_DEMO
2023-08-23,Andhra Pradesh,Guntur,Guntur,Tomato,2374.49,2255.77,2493.22,466.9,Rs/quintal,SYNTHETIC_DEMO
2023-08-24,Andhra Pradesh,Guntur,Guntur,Tomato,2364.46,2246.24,2482.69,479.0,Rs/quintal,SYNTHETIC_DEMO
2023-08-25,Andhra Pradesh,Guntur,Guntur,Tomato,2356.88,2239.04,2474.73,441.9,Rs/quintal,SYNTHETIC_DEMO
2023-08-26,Andhra Pradesh,Guntur,Guntur,Tomato,2363.61,2245.43,2481.79,402.8,Rs/quintal,SYNTHETIC_DEMO
2023-08-27,Andhra Pradesh,Guntur,Guntur,Tomato,2366.68,2248.34,2485.01,386.9,Rs/quintal,SYNTHETIC_DEMO
2023-08-28,Andhra Pradesh,Guntur,Guntur,Tomato,2368.81,2250.37,2487.25,312.8,Rs/quintal,SYNTHETIC_DEMO
2023-08-29,Andhra Pradesh,Guntur,Guntur,Tomato,2363.82,2245.63,2482.01,415.5,Rs/quintal,SYNTHETIC_DEMO
2023-08-30,Andhra Pradesh,Guntur,Guntur,Tomato,2366.23,2247.92,2484.54,550.2,Rs/quintal,SYNTHETIC_DEMO
2023-08-31,Andhra Pradesh,Guntur,Guntur,Tomato,2358.01,2240.11,2475.91,372.1,Rs/quintal,SYNTHETIC_DEMO
2023-09-01,Andhra Pradesh,Guntur,Guntur,Tomato,2353.26,2235.6,2470.92,390.6,Rs/quintal,SYNTHETIC_DEMO
2023-09-02,Andhra Pradesh,Guntur,Guntur,Tomato,2359.41,2241.44,2477.38,643.3,Rs/quintal,SYNTHETIC_DEMO
2023-09-03,Andhra Pradesh,Guntur,Guntur,Tomato,2364.8,2246.56,2483.04,449.1,Rs/quintal,SYNTHETIC_DEMO
2023-09-04,Andhra Pradesh,Guntur,Guntur,Tomato,2353.94,2236.25,2471.64,525.7,Rs/quintal,SYNTHETIC_DEMO
2023-09-05,Andhra Pradesh,Guntur,Guntur,Tomato,2344.29,2227.07,2461.5,551.4,Rs/quintal,SYNTHETIC_DEMO
2023-09-06,Andhra Pradesh,Guntur,Guntur,Tomato,2343.2,2226.04,2460.36,553.0,Rs/quintal,SYNTHETIC_DEMO
2023-09-07,Andhra Pradesh,Guntur,Guntur,Tomato,2356.44,2238.62,2474.26,378.2,Rs/quintal,SYNTHETIC_DEMO
2023-09-08,Andhra Pradesh,Guntur,Guntur,Tomato,2337.72,2220.84,2454.61,481.5,Rs/quintal,SYNTHETIC_DEMO
2023-09-09,Andhra Pradesh,Guntur,Guntur,Tomato,2338.4,2221.48,2455.32,370.5,Rs/quintal,SYNTHETIC_DEMO
2023-09-10,Andhra Pradesh,Guntur,Guntur,Tomato,2324.6,2208.37,2440.84,695.7,Rs/quintal,SYNTHETIC_DEMO
2023-09-11,Andhra Pradesh,Guntur,Guntur,Tomato,2317.43,2201.56,2433.3,372.4,Rs/quintal,SYNTHETIC_DEMO
2023-09-12,Andhra Pradesh,Guntur,Guntur,Tomato,2312.72,2197.09,2428.36,416.2,Rs/quintal,SYNTHETIC_DEMO
2023-09-13,Andhra Pradesh,Guntur,Guntur,Tomato,2307.61,2192.23,2423.0,416.8,Rs/quintal,SYNTHETIC_DEMO
2023-09-14,Andhra Pradesh,Guntur,Guntur,Tomato,2301.6,2186.52,2416.68,380.3,Rs/quintal,SYNTHETIC_DEMO
2023-09-15,Andhra Pradesh,Guntur,Guntur,Tomato,2300.44,2185.42,2415.47,608.2,Rs/quintal,SYNTHETIC_DEMO
2023-09-16,Andhra Pradesh,Guntur,Guntur,Tomato,2294.6,2179.87,2409.34,693.8,Rs/quintal,SYNTHETIC_DEMO
2023-09-17,Andhra Pradesh,Guntur,Guntur,Tomato,2280.7,2166.67,2394.74,461.9,Rs/quintal,SYNTHETIC_DEMO
2023-09-18,Andhra Pradesh,Guntur,Guntur,Tomato,2286.62,2172.29,2400.96,394.4,Rs/quintal,SYNTHETIC_DEMO
2023-09-19,Andhra Pradesh,Guntur,Guntur,Tomato,2292.41,2177.78,2407.03,321.0,Rs/quintal,SYNTHETIC_DEMO
2023-09-20,Andhra Pradesh,Guntur,Guntur,Tomato,2299.08,2184.12,2414.03,480.5,Rs/quintal,SYNTHETIC_DEMO
2023-09-21,Andhra Pradesh,Guntur,Guntur,Tomato,2284.86,2170.62,2399.11,474.7,Rs/quintal,SYNTHETIC_DEMO
2023-09-22,Andhra Pradesh,Guntur,Guntur,Tomato,2286.94,2172.59,2401.28,447.9,Rs/quintal,SYNTHETIC_DEMO
2023-09-23,Andhra Pradesh,Guntur,Guntur,Tomato,2292.43,2177.8,2407.05,517.7,Rs/quintal,SYNTHETIC_DEMO
2023-09-24,Andhra Pradesh,Guntur,Guntur,Tomato,2282.99,2168.84,2397.14,531.6,Rs/quintal,SYNTHETIC_DEMO
2023-09-25,Andhra Pradesh,Guntur,Guntur,Tomato,2282.8,2168.66,2396.94,525.8,Rs/quintal,SYNTHETIC_DEMO
2023-09-26,Andhra Pradesh,Guntur,Guntur,Tomato,2281.61,2167.53,2395.69,474.7,Rs/quintal,SYNTHETIC_DEMO
2023-09-27,Andhra Pradesh,Guntur,Guntur,Tomato,2297.75,2182.86,2412.63,411.9,Rs/quintal,SYNTHETIC_DEMO
2023-09-28,Andhra Pradesh,Guntur,Guntur,Tomato,2314.71,2198.97,2430.44,553.3,Rs/quintal,SYNTHETIC_DEMO
2023-09-29,Andhra Pradesh,Guntur,Guntur,Tomato,2300.18,2185.17,2415.19,501.0,Rs/quintal,SYNTHETIC_DEMO
2023-09-30,Andhra Pradesh,Guntur,Guntur,Tomato,2322.35,2206.23,2438.47,571.1,Rs/quintal,SYNTHETIC_DEMO
2023-10-01,Andhra Pradesh,Guntur,Guntur,Tomato,2314.61,2198.88,2430.34,563.2,Rs/quintal,SYNTHETIC_DEMO
2023-10-02,Andhra Pradesh,Guntur,Guntur,Tomato,2323.66,2207.47,2439.84,386.3,Rs/quintal,SYNTHETIC_DEMO
2023-10-03,Andhra Pradesh,Guntur,Guntur,Tomato,2332.71,2216.08,2449.35,385.3,Rs/quintal,SYNTHETIC_DEMO
2023-10-04,Andhra Pradesh,Guntur,Guntur,Tomato,2324.56,2208.33,2440.79,439.6,Rs/quintal,SYNTHETIC_DEMO
2023-10-05,Andhra Pradesh,Guntur,Guntur,Tomato,2329.61,2213.13,2446.09,415.5,Rs/quintal,SYNTHETIC_DEMO
2023-10-06,Andhra Pradesh,Guntur,Guntur,Tomato,2329.47,2213.0,2445.94,560.4,Rs/quintal,SYNTHETIC_DEMO
2023-10-07,Andhra Pradesh,Guntur,Guntur,Tomato,2335.25,2218.49,2452.01,528.1,Rs/quintal,SYNTHETIC_DEMO
2023-10-08,Andhra Pradesh,Guntur,Guntur,Tomato,2338.28,2221.37,2455.2,587.9,Rs/quintal,SYNTHETIC_DEMO
2023-10-09,Andhra Pradesh,Guntur,Guntur,Tomato,2349.91,2232.41,2467.41,531.7,Rs/quintal,SYNTHETIC_DEMO
2023-10-10,Andhra Pradesh,Guntur,Guntur,Tomato,2351.77,2234.18,2469.36,516.7,Rs/quintal,SYNTHETIC_DEMO
2023-10-11,Andhra Pradesh,Guntur,Guntur,Tomato,2351.58,2234.01,2469.16,596.0,Rs/quintal,SYNTHETIC_DEMO
2023-10-12,Andhra Pradesh,Guntur,Guntur,Tomato,2362.62,2244.49,2480.75,537.6,Rs/quintal,SYNTHETIC_DEMO
2023-10-13,Andhra Pradesh,Guntur,Guntur,Tomato,2369.21,2250.75,2487.67,505.4,Rs/quintal,SYNTHETIC_DEMO
2023-10-14,Andhra Pradesh,Guntur,Guntur,Tomato,2377.23,2258.37,2496.09,618.4,Rs/quintal,SYNTHETIC_DEMO
2023-10-15,Andhra Pradesh,Guntur,Guntur,Tomato,2373.06,2254.41,2491.71,509.2,Rs/quintal,SYNTHETIC_DEMO
2023-10-16,Andhra Pradesh,Guntur,Guntur,Tomato,2365.63,2247.35,2483.92,475.7,Rs/quintal,SYNTHETIC_DEMO
2023-10-17,Andhra Pradesh,Guntur,Guntur,Tomato,2362.51,2244.38,2480.63,433.0,Rs/quintal,SYNTHETIC_DEMO
2023-10-18,Andhra Pradesh,Guntur,Guntur,Tomato,2359.0,2241.05,2476.95,556.2,Rs/quintal,SYNTHETIC_DEMO
2023-10-19,Andhra Pradesh,Guntur,Guntur,Tomato,2367.98,2249.58,2486.38,599.0,Rs/quintal,SYNTHETIC_DEMO
2023-10-20,Andhra Pradesh,Guntur,Guntur,Tomato,2378.72,2259.78,2497.65,496.0,Rs/quintal,SYNTHETIC_DEMO
2023-10-21,Andhra Pradesh,Guntur,Guntur,Tomato,2379.59,2260.61,2498.57,604.6,Rs/quintal,SYNTHETIC_DEMO
2023-10-22,Andhra Pradesh,Guntur,Guntur,Tomato,2394.52,2274.79,2514.24,342.4,Rs/quintal,SYNTHETIC_DEMO
2023-10-23,Andhra Pradesh,Guntur,Guntur,Tomato,2408.99,2288.54,2529.44,495.6,Rs/quintal,SYNTHETIC_DEMO
2023-10-24,Andhra Pradesh,Guntur,Guntur,Tomato,2413.65,2292.96,2534.33,496.8,Rs/quintal,SYNTHETIC_DEMO
2023-10-25,Andhra Pradesh,Guntur,Guntur,Tomato,2409.02,2288.57,2529.47,441.8,Rs/quintal,SYNTHETIC_DEMO
2023-10-26,Andhra Pradesh,Guntur,Guntur,Tomato,2425.58,2304.3,2546.86,690.7,Rs/quintal,SYNTHETIC_DEMO
2023-10-27,Andhra Pradesh,Guntur,Guntur,Tomato,2427.83,2306.44,2549.23,494.7,Rs/quintal,SYNTHETIC_DEMO
2023-10-28,Andhra Pradesh,Guntur,Guntur,Tomato,2431.82,2310.23,2553.41,467.4,Rs/quintal,SYNTHETIC_DEMO
2023-10-29,Andhra Pradesh,Guntur,Guntur,Tomato,2431.8,2310.21,2553.39,502.1,Rs/quintal,SYNTHETIC_DEMO
2023-10-30,Andhra Pradesh,Guntur,Guntur,Tomato,2427.02,2305.67,2548.37,339.8,Rs/quintal,SYNTHETIC_DEMO
2023-10-31,Andhra Pradesh,Guntur,Guntur,Tomato,2417.23,2296.37,2538.09,439.2,Rs/quintal,SYNTHETIC_DEMO
2023-11-01,Andhra Pradesh,Guntur,Guntur,Tomato,2426.03,2304.72,2547.33,578.7,Rs/quintal,SYNTHETIC_DEMO
2023-11-02,Andhra Pradesh,Guntur,Guntur,Tomato,2422.44,2301.32,2543.56,449.7,Rs/quintal,SYNTHETIC_DEMO
2023-11-03,Andhra Pradesh,Guntur,Guntur,Tomato,2452.76,2330.12,2575.39,433.7,Rs/quintal,SYNTHETIC_DEMO
2023-11-04,Andhra Pradesh,Guntur,Guntur,Tomato,2446.67,2324.34,2569.01,604.8,Rs/quintal,SYNTHETIC_DEMO
2023-11-05,Andhra Pradesh,Guntur,Guntur,Tomato,2439.17,2317.21,2561.13,607.2,Rs/quintal,SYNTHETIC_DEMO
2023-11-06,Andhra Pradesh,Guntur,Guntur,Tomato,2447.3,2324.93,2569.66,541.4,Rs/quintal,SYNTHETIC_DEMO
2023-11-07,Andhra Pradesh,Guntur,Guntur,Tomato,2464.47,2341.25,2587.7,463.6,Rs/quintal,SYNTHETIC_DEMO
2023-11-08,Andhra Pradesh,Guntur,Guntur,Tomato,2468.84,2345.4,2592.28,480.8,Rs/quintal,SYNTHETIC_DEMO
2023-11-09,Andhra Pradesh,Guntur,Guntur,Tomato,2477.75,2353.86,2601.64,435.7,Rs/quintal,SYNTHETIC_DEMO
2023-11-10,Andhra Pradesh,Guntur,Guntur,Tomato,2465.48,2342.21,2588.76,420.4,Rs/quintal,SYNTHETIC_DEMO
2023-11-11,Andhra Pradesh,Guntur,Guntur,Tomato,2463.55,2340.37,2586.73,416.4,Rs/quintal,SYNTHETIC_DEMO
2023-11-12,Andhra Pradesh,Guntur,Guntur,Tomato,2458.21,2335.3,2581.12,450.6,Rs/quintal,SYNTHETIC_DEMO
2023-11-13,Andhra Pradesh,Guntur,Guntur,Tomato,2445.71,2323.43,2568.0,417.2,Rs/quintal,SYNTHETIC_DEMO
2023-11-14,Andhra Pradesh,Guntur,Guntur,Tomato,2451.0,2328.45,2573.55,374.9,Rs/quintal,SYNTHETIC_DEMO
2023-11-15,Andhra Pradesh,Guntur,Guntur,Tomato,2435.58,2313.81,2557.36,517.6,Rs/quintal,SYNTHETIC_DEMO
2023-11-16,Andhra Pradesh,Guntur,Guntur,Tomato,2428.35,2306.93,2549.76,518.8,Rs/quintal,SYNTHETIC_DEMO
2023-11-17,Andhra Pradesh,Guntur,Guntur,Tomato,2428.08,2306.68,2549.49,636.1,Rs/quintal,SYNTHETIC_DEMO
2023-11-18,Andhra Pradesh,Guntur,Guntur,Tomato,2425.3,2304.04,2546.57,446.5,Rs/quintal,SYNTHETIC_DEMO
2023-11-19,Andhra Pradesh,Guntur,Guntur,Tomato,2433.39,2311.72,2555.06,523.7,Rs/quintal,SYNTHETIC_DEMO
2023-11-20,Andhra Pradesh,Guntur,Guntur,Tomato,2440.75,2318.71,2562.78,525.0,Rs/quintal,SYNTHETIC_DEMO
2023-11-21,Andhra Pradesh,Guntur,Guntur,Tomato,2453.34,2330.68,2576.01,479.7,Rs/quintal,SYNTHETIC_DEMO
2023-11-22,Andhra Pradesh,Guntur,Guntur,Tomato,2464.76,2341.52,2588.0,559.5,Rs/quintal,SYNTHETIC_DEMO
2023-11-23,Andhra Pradesh,Guntur,Guntur,Tomato,2479.66,2355.67,2603.64,562.0,Rs/quintal,SYNTHETIC_DEMO
2023-11-24,Andhra Pradesh,Guntur,Guntur,Tomato,2484.56,2360.33,2608.79,526.2,Rs/quintal,SYNTHETIC_DEMO
2023-11-25,Andhra Pradesh,Guntur,Guntur,Tomato,2492.21,2367.6,2616.82,479.5,Rs/quintal,SYNTHETIC_DEMO
2023-11-26,Andhra Pradesh,Guntur,Guntur,Tomato,2501.74,2376.66,2626.83,471.4,Rs/quintal,SYNTHETIC_DEMO
2023-11-27,Andhra Pradesh,Guntur,Guntur,Tomato,2508.08,2382.68,2633.49,390.6,Rs/quintal,SYNTHETIC_DEMO
2023-11-28,Andhra Pradesh,Guntur,Guntur,Tomato,2509.74,2384.25,2635.22,435.5,Rs/quintal,SYNTHETIC_DEMO
2023-11-29,Andhra Pradesh,Guntur,Guntur,Tomato,2512.01,2386.41,2637.61,450.2,Rs/quintal,SYNTHETIC_DEMO
2023-11-30,Andhra Pradesh,Guntur,Guntur,Tomato,2510.07,2384.57,2635.58,410.1,Rs/quintal,SYNTHETIC_DEMO
2023-12-01,Andhra Pradesh,Guntur,Guntur,Tomato,2519.09,2393.13,2645.04,535.2,Rs/quintal,SYNTHETIC_DEMO
2023-12-02,Andhra Pradesh,Guntur,Guntur,Tomato,2523.62,2397.43,2649.8,595.7,Rs/quintal,SYNTHETIC_DEMO
2023-12-03,Andhra Pradesh,Guntur,Guntur,Tomato,2523.18,2397.02,2649.34,427.4,Rs/quintal,SYNTHETIC_DEMO
2023-12-04,Andhra Pradesh,Guntur,Guntur,Tomato,2522.81,2396.67,2648.95,522.7,Rs/quintal,SYNTHETIC_DEMO
2023-12-05,Andhra Pradesh,Guntur,Guntur,Tomato,2517.65,2391.77,2643.53,417.3,Rs/quintal,SYNTHETIC_DEMO
2023-12-06,Andhra Pradesh,Guntur,Guntur,Tomato,2531.8,2405.21,2658.39,475.6,Rs/quintal,SYNTHETIC_DEMO
2023-12-07,Andhra Pradesh,Guntur,Guntur,Tomato,2538.08,2411.17,2664.98,444.8,Rs/quintal,SYNTHETIC_DEMO
2023-12-08,Andhra Pradesh,Guntur,Guntur,Tomato,2536.11,2409.3,2662.91,548.2,Rs/quintal,SYNTHETIC_DEMO
2023-12-09,Andhra Pradesh,Guntur,Guntur,Tomato,2548.89,2421.44,2676.33,445.7,Rs/quintal,SYNTHETIC_DEMO
2023-12-10,Andhra Pradesh,Guntur,Guntur,Tomato,2549.65,2422.17,2677.14,580.9,Rs/quintal,SYNTHETIC_DEMO
2023-12-11,Andhra Pradesh,Guntur,Guntur,Tomato,2543.01,2415.86,2670.16,480.3,Rs/quintal,SYNTHETIC_DEMO
2023-12-12,Andhra Pradesh,Guntur,Guntur,Tomato,2557.77,2429.88,2685.66,448.0,Rs/quintal,SYNTHETIC_DEMO
2023-12-13,Andhra Pradesh,Guntur,Guntur,Tomato,2558.85,2430.9,2686.79,399.7,Rs/quintal,SYNTHETIC_DEMO
2023-12-14,Andhra Pradesh,Guntur,Guntur,Tomato,2561.08,2433.03,2689.14,520.3,Rs/quintal,SYNTHETIC_DEMO
2023-12-15,Andhra Pradesh,Guntur,Guntur,Tomato,2567.31,2438.95,2695.68,571.6,Rs/quintal,SYNTHETIC_DEMO
2023-12-16,Andhra Pradesh,Guntur,Guntur,Tomato,2583.26,2454.1,2712.42,521.9,Rs/quintal,SYNTHETIC_DEMO
2023-12-17,Andhra Pradesh,Guntur,Guntur,Tomato,2589.35,2459.89,2718.82,679.1,Rs/quintal,SYNTHETIC_DEMO
2023-12-18,Andhra Pradesh,Guntur,Guntur,Tomato,2584.75,2455.51,2713.98,614.4,Rs/quintal,SYNTHETIC_DEMO
2023-12-19,Andhra Pradesh,Guntur,Guntur,Tomato,2595.5,2465.73,2725.28,475.4,Rs/quintal,SYNTHETIC_DEMO
2023-12-20,Andhra Pradesh,Guntur,Guntur,Tomato,2597.22,2467.36,2727.08,474.6,Rs/quintal,SYNTHETIC_DEMO
2023-12-21,Andhra Pradesh,Guntur,Guntur,Tomato,2619.85,2488.85,2750.84,537.6,Rs/quintal,SYNTHETIC_DEMO
2023-12-22,Andhra Pradesh,Guntur,Guntur,Tomato,2625.86,2494.57,2757.16,433.0,Rs/quintal,SYNTHETIC_DEMO
2023-12-23,Andhra Pradesh,Guntur,Guntur,Tomato,2612.24,2481.63,2742.85,593.3,Rs/quintal,SYNTHETIC_DEMO
2023-12-24,Andhra Pradesh,Guntur,Guntur,Tomato,2621.45,2490.37,2752.52,528.9,Rs/quintal,SYNTHETIC_DEMO
2023-12-25,Andhra Pradesh,Guntur,Guntur,Tomato,2644.63,2512.4,2776.86,520.5,Rs/quintal,SYNTHETIC_DEMO
2023-12-26,Andhra Pradesh,Guntur,Guntur,Tomato,2664.58,2531.36,2797.81,555.0,Rs/quintal,SYNTHETIC_DEMO
2023-12-27,Andhra Pradesh,Guntur,Guntur,Tomato,2686.79,2552.45,2821.13,637.8,Rs/quintal,SYNTHETIC_DEMO
2023-12-28,Andhra Pradesh,Guntur,Guntur,Tomato,2683.92,2549.73,2818.12,513.7,Rs/quintal,SYNTHETIC_DEMO
2023-12-29,Andhra Pradesh,Guntur,Guntur,Tomato,2698.06,2563.16,2832.96,491.0,Rs/quintal,SYNTHETIC_DEMO
2023-12-30,Andhra Pradesh,Guntur,Guntur,Tomato,2697.82,2562.93,2832.71,620.7,Rs/quintal,SYNTHETIC_DEMO
2023-12-31,Andhra Pradesh,Guntur,Guntur,Tomato,2705.91,2570.62,2841.21,577.4,Rs/quintal,SYNTHETIC_DEMO
2024-01-01,Andhra Pradesh,Guntur,Guntur,Tomato,2700.83,2565.79,2835.87,474.3,Rs/quintal,SYNTHETIC_DEMO
2024-01-02,Andhra Pradesh,Guntur,Guntur,Tomato,2701.28,2566.22,2836.34,500.4,Rs/quintal,SYNTHETIC_DEMO
2024-01-03,Andhra Pradesh,Guntur,Guntur,Tomato,2701.45,2566.38,2836.52,515.6,Rs/quintal,SYNTHETIC_DEMO
2024-01-04,Andhra Pradesh,Guntur,Guntur,Tomato,2715.47,2579.7,2851.24,528.9,Rs/quintal,SYNTHETIC_DEMO
2024-01-05,Andhra Pradesh,Guntur,Guntur,Tomato,2728.63,2592.2,2865.06,391.5,Rs/quintal,SYNTHETIC_DEMO
2024-01-06,Andhra Pradesh,Guntur,Guntur,Tomato,2737.17,2600.31,2874.03,376.6,Rs/quintal,SYNTHETIC_DEMO
2024-01-07,Andhra Pradesh,Guntur,Guntur,Tomato,2731.38,2594.81,2867.95,429.0,Rs/quintal,SYNTHETIC_DEMO
2024-01-08,Andhra Pradesh,Guntur,Guntur,Tomato,2734.72,2597.99,2871.46,422.8,Rs/quintal,SYNTHETIC_DEMO
2024-01-09,Andhra Pradesh,Guntur,Guntur,Tomato,2734.23,2597.52,2870.94,448.5,Rs/quintal,SYNTHETIC_DEMO
2024-01-10,Andhra Pradesh,Guntur,Guntur,Tomato,2747.94,2610.55,2885.34,550.8,Rs/quintal,SYNTHETIC_DEMO
2024-01-11,Andhra Pradesh,Guntur,Guntur,Tomato,2764.36,2626.14,2902.57,486.5,Rs/quintal,SYNTHETIC_DEMO
2024-01-12,Andhra Pradesh,Guntur,Guntur,Tomato,2779.68,2640.7,2918.66,515.7,Rs/quintal,SYNTHETIC_DEMO
2024-01-13,Andhra Pradesh,Guntur,Guntur,Tomato,2779.04,2640.09,2918.0,402.1,Rs/quintal,SYNTHETIC_DEMO
2024-01-14,Andhra Pradesh,Guntur,Guntur,Tomato,2760.92,2622.88,2898.97,463.1,Rs/quintal,SYNTHETIC_DEMO
2024-01-15,Andhra Pradesh,Guntur,Guntur,Tomato,2751.34,2613.78,2888.91,547.0,Rs/quintal,SYNTHETIC_DEMO
2024-01-16,Andhra Pradesh,Guntur,Guntur,Tomato,2769.8,2631.31,2908.29,547.6,Rs/quintal,SYNTHETIC_DEMO
2024-01-17,Andhra Pradesh,Guntur,Guntur,Tomato,2772.19,2633.58,2910.8,442.0,Rs/quintal,SYNTHETIC_DEMO
2024-01-18,Andhra Pradesh,Guntur,Guntur,Tomato,2771.47,2632.9,2910.05,512.9,Rs/quintal,SYNTHETIC_DEMO
2024-01-19,Andhra Pradesh,Guntur,Guntur,Tomato,2791.79,2652.2,2931.38,675.9,Rs/quintal,SYNTHETIC_DEMO
2024-01-20,Andhra Pradesh,Guntur,Guntur,Tomato,2808.76,2668.32,2949.2,498.6,Rs/quintal,SYNTHETIC_DEMO
2024-01-21,Andhra Pradesh,Guntur,Guntur,Tomato,2814.78,2674.04,2955.52,444.5,Rs/quintal,SYNTHETIC_DEMO
2024-01-22,Andhra Pradesh,Guntur,Guntur,Tomato,2817.97,2677.07,2958.87,486.1,Rs/quintal,SYNTHETIC_DEMO
2024-01-23,Andhra Pradesh,Guntur,Guntur,Tomato,2822.54,2681.42,2963.67,507.4,Rs/quintal,SYNTHETIC_DEMO
2024-01-24,Andhra Pradesh,Guntur,Guntur,Tomato,2830.24,2688.73,2971.75,487.9,Rs/quintal,SYNTHETIC_DEMO
2024-01-25,Andhra Pradesh,Guntur,Guntur,Tomato,2849.98,2707.49,2992.48,497.5,Rs/quintal,SYNTHETIC_DEMO
2024-01-26,Andhra Pradesh,Guntur,Guntur,Tomato,2859.32,2716.36,3002.29,384.5,Rs/quintal,SYNTHETIC_DEMO
2024-01-27,Andhra Pradesh,Guntur,Guntur,Tomato,2871.3,2727.73,3014.86,423.0,Rs/quintal,SYNTHETIC_DEMO
2024-01-28,Andhra Pradesh,Guntur,Guntur,Tomato,2887.13,2742.77,3031.48,488.1,Rs/quintal,SYNTHETIC_DEMO
2024-01-29,Andhra Pradesh,Guntur,Guntur,Tomato,2882.33,2738.21,3026.44,486.8,Rs/quintal,SYNTHETIC_DEMO
2024-01-30,Andhra Pradesh,Guntur,Guntur,Tomato,2894.42,2749.7,3039.14,454.7,Rs/quintal,SYNTHETIC_DEMO
2024-01-31,Andhra Pradesh,Guntur,Guntur,Tomato,2897.23,2752.37,3042.09,485.8,Rs/quintal,SYNTHETIC_DEMO
2024-02-01,Andhra Pradesh,Guntur,Guntur,Tomato,2880.45,2736.42,3024.47,504.9,Rs/quintal,SYNTHETIC_DEMO
2024-02-02,Andhra Pradesh,Guntur,Guntur,Tomato,2867.02,2723.67,3010.38,571.2,Rs/quintal,SYNTHETIC_DEMO
2024-02-03,Andhra Pradesh,Guntur,Guntur,Tomato,2863.32,2720.15,3006.49,492.1,Rs/quintal,SYNTHETIC_DEMO
2024-02-04,Andhra Pradesh,Guntur,Guntur,Tomato,2873.2,2729.54,3016.86,531.9,Rs/quintal,SYNTHETIC_DEMO
2024-02-05,Andhra Pradesh,Guntur,Guntur,Tomato,2879.35,2735.38,3023.31,456.7,Rs/quintal,SYNTHETIC_DEMO
2024-02-06,Andhra Pradesh,Guntur,Guntur,Tomato,2886.06,2741.76,3030.36,545.8,Rs/quintal,SYNTHETIC_DEMO
2024-02-07,Andhra Pradesh,Guntur,Guntur,Tomato,2908.26,2762.85,3053.68,530.1,Rs/quintal,SYNTHETIC_DEMO
2024-02-08,Andhra Pradesh,Guntur,Guntur,Tomato,2902.07,2756.97,3047.18,569.3,Rs/quintal,SYNTHETIC_DEMO
2024-02-09,Andhra Pradesh,Guntur,Guntur,Tomato,2906.75,2761.41,3052.09,557.1,Rs/quintal,SYNTHETIC_DEMO
2024-02-10,Andhra Pradesh,Guntur,Guntur,Tomato,2914.29,2768.57,3060.0,547.1,Rs/quintal,SYNTHETIC_DEMO
2024-02-11,Andhra Pradesh,Guntur,Guntur,Tomato,2912.6,2766.97,3058.23,492.1,Rs/quintal,SYNTHETIC_DEMO
2024-02-12,Andhra Pradesh,Guntur,Guntur,Tomato,2917.58,2771.7,3063.46,519.6,Rs/quintal,SYNTHETIC_DEMO
2024-02-13,Andhra Pradesh,Guntur,Guntur,Tomato,2908.17,2762.76,3053.58,585.1,Rs/quintal,SYNTHETIC_DEMO
2024-02-14,Andhra Pradesh,Guntur,Guntur,Tomato,2925.18,2778.92,3071.44,447.8,Rs/quintal,SYNTHETIC_DEMO
2024-02-15,Andhra Pradesh,Guntur,Guntur,Tomato,2923.72,2777.53,3069.9,449.7,Rs/quintal,SYNTHETIC_DEMO
2024-02-16,Andhra Pradesh,Guntur,Guntur,Tomato,2946.06,2798.75,3093.36,514.5,Rs/quintal,SYNTHETIC_DEMO
2024-02-17,Andhra Pradesh,Guntur,Guntur,Tomato,2950.17,2802.66,3097.68,533.2,Rs/quintal,SYNTHETIC_DEMO
2024-02-18,Andhra Pradesh,Guntur,Guntur,Tomato,2963.54,2815.36,3111.72,434.1,Rs/quintal,SYNTHETIC_DEMO
2024-02-19,Andhra Pradesh,Guntur,Guntur,Tomato,2967.32,2818.96,3115.69,494.0,Rs/quintal,SYNTHETIC_DEMO
2024-02-20,Andhra Pradesh,Guntur,Guntur,Tomato,2971.23,2822.67,3119.79,492.5,Rs/quintal,SYNTHETIC_DEMO
2024-02-21,Andhra Pradesh,Guntur,Guntur,Tomato,2970.2,2821.69,3118.71,322.8,Rs/quintal,SYNTHETIC_DEMO
2024-02-22,Andhra Pradesh,Guntur,Guntur,Tomato,2975.28,2826.51,3124.04,482.4,Rs/quintal,SYNTHETIC_DEMO
2024-02-23,Andhra Pradesh,Guntur,Guntur,Tomato,2982.03,2832.93,3131.13,487.4,Rs/quintal,SYNTHETIC_DEMO
2024-02-24,Andhra Pradesh,Guntur,Guntur,Tomato,2979.01,2830.06,3127.96,487.2,Rs/quintal,SYNTHETIC_DEMO
2024-02-25,Andhra Pradesh,Guntur,Guntur,Tomato,2981.71,2832.62,3130.79,613.3,Rs/quintal,SYNTHETIC_DEMO
2024-02-26,Andhra Pradesh,Guntur,Guntur,Tomato,2980.06,2831.05,3129.06,402.7,Rs/quintal,SYNTHETIC_DEMO
2024-02-27,Andhra Pradesh,Guntur,Guntur,Tomato,3003.93,2853.74,3154.13,434.0,Rs/quintal,SYNTHETIC_DEMO
2024-02-28,Andhra Pradesh,Guntur,Guntur,Tomato,3006.7,2856.36,3157.03,291.0,Rs/quintal,SYNTHETIC_DEMO
2024-02-29,Andhra Pradesh,Guntur,Guntur,Tomato,3023.77,2872.58,3174.96,461.5,Rs/quintal,SYNTHETIC_DEMO
2024-03-01,Andhra Pradesh,Guntur,Guntur,Tomato,3025.44,2874.17,3176.72,468.3,Rs/quintal,SYNTHETIC_DEMO
2024-03-02,Andhra Pradesh,Guntur,Guntur,Tomato,3031.03,2879.48,3182.59,459.2,Rs/quintal,SYNTHETIC_DEMO
2024-03-03,Andhra Pradesh,Guntur,Guntur,Tomato,3022.63,2871.5,3173.76,588.6,Rs/quintal,SYNTHETIC_DEMO
2024-03-04,Andhra Pradesh,Guntur,Guntur,Tomato,3021.83,2870.74,3172.93,568.8,Rs/quintal,SYNTHETIC_DEMO
2024-03-05,Andhra Pradesh,Guntur,Guntur,Tomato,3026.74,2875.4,3178.08,506.2,Rs/quintal,SYNTHETIC_DEMO
2024-03-06,Andhra Pradesh,Guntur,Guntur,Tomato,3043.66,2891.48,3195.84,470.4,Rs/quintal,SYNTHETIC_DEMO
2024-03-07,Andhra Pradesh,Guntur,Guntur,Tomato,3048.49,2896.06,3200.91,582.1,Rs/quintal,SYNTHETIC_DEMO
2024-03-08,Andhra Pradesh,Guntur,Guntur,Tomato,3063.45,2910.28,3216.63,498.4,Rs/quintal,SYNTHETIC_DEMO
2024-03-09,Andhra Pradesh,Guntur,Guntur,Tomato,3071.79,2918.2,3225.38,434.5,Rs/quintal,SYNTHETIC_DEMO
2024-03-10,Andhra Pradesh,Guntur,Guntur,Tomato,3088.72,2934.28,3243.16,362.7,Rs/quintal,SYNTHETIC_DEMO
2024-03-11,Andhra Pradesh,Guntur,Guntur,Tomato,3090.72,2936.18,3245.25,464.7,Rs/quintal,SYNTHETIC_DEMO
2024-03-12,Andhra Pradesh,Guntur,Guntur,Tomato,3114.18,2958.47,3269.89,560.4,Rs/quintal,SYNTHETIC_DEMO
2024-03-13,Andhra Pradesh,Guntur,Guntur,Tomato,3112.24,2956.63,3267.85,682.1,Rs/quintal,SYNTHETIC_DEMO
2024-03-14,Andhra Pradesh,Guntur,Guntur,Tomato,3107.74,2952.35,3263.12,504.9,Rs/quintal,SYNTHETIC_DEMO
2024-03-15,Andhra Pradesh,Guntur,Guntur,Tomato,3099.24,2944.28,3254.2,438.8,Rs/quintal,SYNTHETIC_DEMO
2024-03-16,Andhra Pradesh,Guntur,Guntur,Tomato,3121.81,2965.72,3277.9,405.2,Rs/quintal,SYNTHETIC_DEMO
2024-03-17,Andhra Pradesh,Guntur,Guntur,Tomato,3130.98,2974.43,3287.53,544.2,Rs/quintal,SYNTHETIC_DEMO
2024-03-18,Andhra Pradesh,Guntur,Guntur,Tomato,3129.91,2973.41,3286.4,358.8,Rs/quintal,SYNTHETIC_DEMO
2024-03-19,Andhra Pradesh,Guntur,Guntur,Tomato,3142.67,2985.54,3299.8,544.0,Rs/quintal,SYNTHETIC_DEMO
2024-03-20,Andhra Pradesh,Guntur,Guntur,Tomato,3150.4,2992.88,3307.92,565.4,Rs/quintal,SYNTHETIC_DEMO
2024-03-21,Andhra Pradesh,Guntur,Guntur,Tomato,3169.28,3010.82,3327.74,534.9,Rs/quintal,SYNTHETIC_DEMO
2024-03-22,Andhra Pradesh,Guntur,Guntur,Tomato,3157.15,2999.29,3315.0,482.4,Rs/quintal,SYNTHETIC_DEMO
2024-03-23,Andhra Pradesh,Guntur,Guntur,Tomato,3156.2,2998.39,3314.01,545.2,Rs/quintal,SYNTHETIC_DEMO
2024-03-24,Andhra Pradesh,Guntur,Guntur,Tomato,3153.42,2995.75,3311.09,513.7,Rs/quintal,SYNTHETIC_DEMO
2024-03-25,Andhra Pradesh,Guntur,Guntur,Tomato,3137.25,2980.39,3294.11,437.8,Rs/quintal,SYNTHETIC_DEMO
2024-03-26,Andhra Pradesh,Guntur,Guntur,Tomato,3147.68,2990.29,3305.06,648.0,Rs/quintal,SYNTHETIC_DEMO
2024-03-27,Andhra Pradesh,Guntur,Guntur,Tomato,3146.3,2988.98,3303.61,471.9,Rs/quintal,SYNTHETIC_DEMO
2024-03-28,Andhra Pradesh,Guntur,Guntur,Tomato,3153.71,2996.03,3311.4,562.1,Rs/quintal,SYNTHETIC_DEMO
2024-03-29,Andhra Pradesh,Guntur,Guntur,Tomato,3175.28,3016.52,3334.05,306.5,Rs/quintal,SYNTHETIC_DEMO
2024-03-30,Andhra Pradesh,Guntur,Guntur,Tomato,3172.89,3014.24,3331.53,602.1,Rs/quintal,SYNTHETIC_DEMO
2024-03-31,Andhra Pradesh,Guntur,Guntur,Tomato,3169.79,3011.3,3328.28,617.5,Rs/quintal,SYNTHETIC_DEMO
2024-04-01,Andhra Pradesh,Guntur,Guntur,Tomato,3171.35,3012.78,3329.91,502.4,Rs/quintal,SYNTHETIC_DEMO
2024-04-02,Andhra Pradesh,Guntur,Guntur,Tomato,3180.45,3021.43,3339.47,544.7,Rs/quintal,SYNTHETIC_DEMO
2024-04-03,Andhra Pradesh,Guntur,Guntur,Tomato,3175.78,3016.99,3334.57,544.7,Rs/quintal,SYNTHETIC_DEMO
2024-04-04,Andhra Pradesh,Guntur,Guntur,Tomato,3170.45,3011.93,3328.97,448.6,Rs/quintal,SYNTHETIC_DEMO
2024-04-05,Andhra Pradesh,Guntur,Guntur,Tomato,3179.87,3020.88,3338.87,543.8,Rs/quintal,SYNTHETIC_DEMO
2024-04-06,Andhra Pradesh,Guntur,Guntur,Tomato,3183.23,3024.07,3342.39,435.3,Rs/quintal,SYNTHETIC_DEMO
2024-04-07,Andhra Pradesh,Guntur,Guntur,Tomato,3165.17,3006.91,3323.42,451.3,Rs/quintal,SYNTHETIC_DEMO
2024-04-08,Andhra Pradesh,Guntur,Guntur,Tomato,3154.21,2996.5,3311.92,590.2,Rs/quintal,SYNTHETIC_DEMO
2024-04-09,Andhra Pradesh,Guntur,Guntur,Tomato,3167.16,3008.8,3325.51,578.0,Rs/quintal,SYNTHETIC_DEMO
2024-04-10,Andhra Pradesh,Guntur,Guntur,Tomato,3170.33,3011.81,3328.84,443.5,Rs/quintal,SYNTHETIC_DEMO
2024-04-11,Andhra Pradesh,Guntur,Guntur,Tomato,3163.16,3005.0,3321.32,441.3,Rs/quintal,SYNTHETIC_DEMO
2024-04-12,Andhra Pradesh,Guntur,Guntur,Tomato,3161.1,3003.05,3319.16,448.4,Rs/quintal,SYNTHETIC_DEMO
2024-04-13,Andhra Pradesh,Guntur,Guntur,Tomato,3160.57,3002.54,3318.6,558.6,Rs/quintal,SYNTHETIC_DEMO
2024-04-14,Andhra Pradesh,Guntur,Guntur,Tomato,3166.29,3007.98,3324.61,420.0,Rs/quintal,SYNTHETIC_DEMO
2024-04-15,Andhra Pradesh,Guntur,Guntur,Tomato,3153.5,2995.82,3311.17,528.5,Rs/quintal,SYNTHETIC_DEMO
2024-04-16,Andhra Pradesh,Guntur,Guntur,Tomato,3145.16,2987.9,3302.41,559.7,Rs/quintal,SYNTHETIC_DEMO
2024-04-17,Andhra Pradesh,Guntur,Guntur,Tomato,3146.52,2989.2,3303.85,492.9,Rs/quintal,SYNTHETIC_DEMO
2024-04-18,Andhra Pradesh,Guntur,Guntur,Tomato,3144.52,2987.29,3301.74,580.8,Rs/quintal,SYNTHETIC_DEMO
2024-04-19,Andhra Pradesh,Guntur,Guntur,Tomato,3148.33,2990.91,3305.74,475.7,Rs/quintal,SYNTHETIC_DEMO
2024-04-20,Andhra Pradesh,Guntur,Guntur,Tomato,3136.19,2979.38,3293.0,482.9,Rs/quintal,SYNTHETIC_DEMO
2024-04-21,Andhra Pradesh,Guntur,Guntur,Tomato,3137.93,2981.03,3294.82,421.8,Rs/quintal,SYNTHETIC_DEMO
2024-04-22,Andhra Pradesh,Guntur,Guntur,Tomato,3146.03,2988.73,3303.33,581.4,Rs/quintal,SYNTHETIC_DEMO
2024-04-23,Andhra Pradesh,Guntur,Guntur,Tomato,3148.72,2991.29,3306.16,438.7,Rs/quintal,SYNTHETIC_DEMO
2024-04-24,Andhra Pradesh,Guntur,Guntur,Tomato,3148.26,2990.85,3305.68,528.0,Rs/quintal,SYNTHETIC_DEMO
2024-04-25,Andhra Pradesh,Guntur,Guntur,Tomato,3145.65,2988.37,3302.93,494.3,Rs/quintal,SYNTHETIC_DEMO
2024-04-26,Andhra Pradesh,Guntur,Guntur,Tomato,3136.44,2979.62,3293.26,415.8,Rs/quintal,SYNTHETIC_DEMO
2024-04-27,Andhra Pradesh,Guntur,Guntur,Tomato,3133.85,2977.16,3290.54,451.3,Rs/quintal,SYNTHETIC_DEMO
2024-04-28,Andhra Pradesh,Guntur,Guntur,Tomato,3142.9,2985.75,3300.04,610.6,Rs/quintal,SYNTHETIC_DEMO
2024-04-29,Andhra Pradesh,Guntur,Guntur,Tomato,3139.72,2982.74,3296.71,516.1,Rs/quintal,SYNTHETIC_DEMO
2024-04-30,Andhra Pradesh,Guntur,Guntur,Tomato,3129.68,2973.19,3286.16,419.3,Rs/quintal,SYNTHETIC_DEMO
2024-05-01,Andhra Pradesh,Guntur,Guntur,Tomato,3123.04,2966.89,3279.2,524.4,Rs/quintal,SYNTHETIC_DEMO
2024-05-02,Andhra Pradesh,Guntur,Guntur,Tomato,3122.43,2966.3,3278.55,488.3,Rs/quintal,SYNTHETIC_DEMO
2024-05-03,Andhra Pradesh,Guntur,Guntur,Tomato,3116.67,2960.83,3272.5,776.3,Rs/quintal,SYNTHETIC_DEMO
2024-05-04,Andhra Pradesh,Guntur,Guntur,Tomato,3118.38,2962.46,3274.3,522.8,Rs/quintal,SYNTHETIC_DEMO
2024-05-05,Andhra Pradesh,Guntur,Guntur,Tomato,3120.35,2964.33,3276.37,469.6,Rs/quintal,SYNTHETIC_DEMO
2024-05-06,Andhra Pradesh,Guntur,Guntur,Tomato,3125.45,2969.18,3281.73,613.6,Rs/quintal,SYNTHETIC_DEMO
2024-05-07,Andhra Pradesh,Guntur,Guntur,Tomato,3135.18,2978.42,3291.94,352.7,Rs/quintal,SYNTHETIC_DEMO
2024-05-08,Andhra Pradesh,Guntur,Guntur,Tomato,3141.07,2984.01,3298.12,507.5,Rs/quintal,SYNTHETIC_DEMO
2024-05-09,Andhra Pradesh,Guntur,Guntur,Tomato,3129.89,2973.39,3286.38,659.6,Rs/quintal,SYNTHETIC_DEMO
2024-05-10,Andhra Pradesh,Guntur,Guntur,Tomato,3118.9,2962.95,3274.84,490.7,Rs/quintal,SYNTHETIC_DEMO
2024-05-11,Andhra Pradesh,Guntur,Guntur,Tomato,3115.12,2959.36,3270.88,361.3,Rs/quintal,SYNTHETIC_DEMO
2024-05-12,Andhra Pradesh,Guntur,Guntur,Tomato,3107.96,2952.56,3263.36,468.3,Rs/quintal,SYNTHETIC_DEMO
2024-05-13,Andhra Pradesh,Guntur,Guntur,Tomato,3094.68,2939.95,3249.41,616.4,Rs/quintal,SYNTHETIC_DEMO
2024-05-14,Andhra Pradesh,Guntur,Guntur,Tomato,3087.46,2933.08,3241.83,530.1,Rs/quintal,SYNTHETIC_DEMO
2024-05-15,Andhra Pradesh,Guntur,Guntur,Tomato,3079.87,2925.88,3233.87,432.9,Rs/quintal,SYNTHETIC_DEMO
2024-05-16,Andhra Pradesh,Guntur,Guntur,Tomato,3070.48,2916.95,3224.0,445.2,Rs/quintal,SYNTHETIC_DEMO
2024-05-17,Andhra Pradesh,Guntur,Guntur,Tomato,3064.15,2910.94,3217.36,455.2,Rs/quintal,SYNTHETIC_DEMO
2024-05-18,Andhra Pradesh,Guntur,Guntur,Tomato,3070.9,2917.35,3224.44,528.9,Rs/quintal,SYNTHETIC_DEMO
2024-05-19,Andhra Pradesh,Guntur,Guntur,Tomato,3068.97,2915.52,3222.41,607.1,Rs/quintal,SYNTHETIC_DEMO
2024-05-20,Andhra Pradesh,Guntur,Guntur,Tomato,3086.96,2932.61,3241.31,584.2,Rs/quintal,SYNTHETIC_DEMO
2024-05-21,Andhra Pradesh,Guntur,Guntur,Tomato,3084.64,2930.41,3238.88,536.5,Rs/quintal,SYNTHETIC_DEMO
2024-05-22,Andhra Pradesh,Guntur,Guntur,Tomato,3078.21,2924.3,3232.12,393.5,Rs/quintal,SYNTHETIC_DEMO
2024-05-23,Andhra Pradesh,Guntur,Guntur,Tomato,3074.3,2920.58,3228.01,393.8,Rs/quintal,SYNTHETIC_DEMO
2024-05-24,Andhra Pradesh,Guntur,Guntur,Tomato,3072.55,2918.92,3226.17,542.7,Rs/quintal,SYNTHETIC_DEMO
2024-05-25,Andhra Pradesh,Guntur,Guntur,Tomato,3072.31,2918.69,3225.92,392.4,Rs/quintal,SYNTHETIC_DEMO
2024-05-26,Andhra Pradesh,Guntur,Guntur,Tomato,3086.46,2932.13,3240.78,482.0,Rs/quintal,SYNTHETIC_DEMO
2024-05-27,Andhra Pradesh,Guntur,Guntur,Tomato,3074.83,2921.09,3228.58,524.3,Rs/quintal,SYNTHETIC_DEMO
2024-05-28,Andhra Pradesh,Guntur,Guntur,Tomato,3078.15,2924.25,3232.06,409.0,Rs/quintal,SYNTHETIC_DEMO
2024-05-29,Andhra Pradesh,Guntur,Guntur,Tomato,3075.69,2921.9,3229.47,418.1,Rs/quintal,SYNTHETIC_DEMO
2024-05-30,Andhra Pradesh,Guntur,Guntur,Tomato,3057.51,2904.64,3210.39,492.5,Rs/quintal,SYNTHETIC_DEMO
2024-05-31,Andhra Pradesh,Guntur,Guntur,Tomato,3059.89,2906.9,3212.89,540.3,Rs/quintal,SYNTHETIC_DEMO
2024-06-01,Andhra Pradesh,Guntur,Guntur,Tomato,3066.6,2913.27,3219.93,584.9,Rs/quintal,SYNTHETIC_DEMO
2024-06-02,Andhra Pradesh,Guntur,Guntur,Tomato,3054.56,2901.83,3207.28,548.6,Rs/quintal,SYNTHETIC_DEMO
2024-06-03,Andhra Pradesh,Guntur,Guntur,Tomato,3049.93,2897.43,3202.43,505.9,Rs/quintal,SYNTHETIC_DEMO
2024-06-04,Andhra Pradesh,Guntur,Guntur,Tomato,3030.15,2878.65,3181.66,440.3,Rs/quintal,SYNTHETIC_DEMO
2024-06-05,Andhra Pradesh,Guntur,Guntur,Tomato,3014.44,2863.72,3165.16,414.3,Rs/quintal,SYNTHETIC_DEMO
2024-06-06,Andhra Pradesh,Guntur,Guntur,Tomato,3018.98,2868.03,3169.93,459.1,Rs/quintal,SYNTHETIC_DEMO
2024-06-07,Andhra Pradesh,Guntur,Guntur,Tomato,3010.15,2859.64,3160.66,532.8,Rs/quintal,SYNTHETIC_DEMO
2024-06-08,Andhra Pradesh,Guntur,Guntur,Tomato,2995.63,2845.85,3145.41,526.9,Rs/quintal,SYNTHETIC_DEMO
2024-06-09,Andhra Pradesh,Guntur,Guntur,Tomato,2992.85,2843.21,3142.49,332.0,Rs/quintal,SYNTHETIC_DEMO
2024-06-10,Andhra Pradesh,Guntur,Guntur,Tomato,2983.42,2834.24,3132.59,437.1,Rs/quintal,SYNTHETIC_DEMO
2024-06-11,Andhra Pradesh,Guntur,Guntur,Tomato,2974.4,2825.68,3123.12,596.4,Rs/quintal,SYNTHETIC_DEMO
2024-06-12,Andhra Pradesh,Guntur,Guntur,Tomato,2976.0,2827.2,3124.8,506.3,Rs/quintal,SYNTHETIC_DEMO
2024-06-13,Andhra Pradesh,Guntur,Guntur,Tomato,2960.83,2812.79,3108.88,386.6,Rs/quintal,SYNTHETIC_DEMO
2024-06-14,Andhra Pradesh,Guntur,Guntur,Tomato,2947.9,2800.5,3095.29,688.5,Rs/quintal,SYNTHETIC_DEMO
2024-06-15,Andhra Pradesh,Guntur,Guntur,Tomato,2944.25,2797.04,3091.47,497.7,Rs/quintal,SYNTHETIC_DEMO
2024-06-16,Andhra Pradesh,Guntur,Guntur,Tomato,2947.76,2800.37,3095.15,530.7,Rs/quintal,SYNTHETIC_DEMO
2024-06-17,Andhra Pradesh,Guntur,Guntur,Tomato,2953.6,2805.92,3101.28,532.0,Rs/quintal,SYNTHETIC_DEMO
2024-06-18,Andhra Pradesh,Guntur,Guntur,Tomato,2942.67,2795.54,3089.81,470.6,Rs/quintal,SYNTHETIC_DEMO
2024-06-19,Andhra Pradesh,Guntur,Guntur,Tomato,2945.82,2798.53,3093.11,441.8,Rs/quintal,SYNTHETIC_DEMO
2024-06-20,Andhra Pradesh,Guntur,Guntur,Tomato,2933.8,2787.11,3080.49,669.7,Rs/quintal,SYNTHETIC_DEMO
2024-06-21,Andhra Pradesh,Guntur,Guntur,Tomato,2944.73,2797.5,3091.97,580.3,Rs/quintal,SYNTHETIC_DEMO
2024-06-22,Andhra Pradesh,Guntur,Guntur,Tomato,2929.6,2783.12,3076.08,565.8,Rs/quintal,SYNTHETIC_DEMO
2024-06-23,Andhra Pradesh,Guntur,Guntur,Tomato,2936.12,2789.31,3082.92,546.1,Rs/quintal,SYNTHETIC_DEMO
2024-06-24,Andhra Pradesh,Guntur,Guntur,Tomato,2925.15,2778.9,3071.41,419.7,Rs/quintal,SYNTHETIC_DEMO
2024-06-25,Andhra Pradesh,Guntur,Guntur,Tomato,2937.67,2790.79,3084.55,602.2,Rs/quintal,SYNTHETIC_DEMO
2024-06-26,Andhra Pradesh,Guntur,Guntur,Tomato,2937.66,2790.78,3084.55,432.5,Rs/quintal,SYNTHETIC_DEMO
2024-06-27,Andhra Pradesh,Guntur,Guntur,Tomato,2923.5,2777.33,3069.68,522.7,Rs/quintal,SYNTHETIC_DEMO
2024-06-28,Andhra Pradesh,Guntur,Guntur,Tomato,2913.68,2768.0,3059.37,368.8,Rs/quintal,SYNTHETIC_DEMO
2024-06-29,Andhra Pradesh,Guntur,Guntur,Tomato,2915.32,2769.56,3061.09,336.7,Rs/quintal,SYNTHETIC_DEMO
2024-06-30,Andhra Pradesh,Guntur,Guntur,Tomato,2919.35,2773.38,3065.32,525.5,Rs/quintal,SYNTHETIC_DEMO
2024-07-01,Andhra Pradesh,Guntur,Guntur,Tomato,2913.49,2767.81,3059.16,435.3,Rs/quintal,SYNTHETIC_DEMO
2024-07-02,Andhra Pradesh,Guntur,Guntur,Tomato,2908.64,2763.21,3054.07,340.9,Rs/quintal,SYNTHETIC_DEMO
2024-07-03,Andhra Pradesh,Guntur,Guntur,Tomato,2910.07,2764.57,3055.58,543.2,Rs/quintal,SYNTHETIC_DEMO
2024-07-04,Andhra Pradesh,Guntur,Guntur,Tomato,2906.0,2760.7,3051.29,669.6,Rs/quintal,SYNTHETIC_DEMO
2024-07-05,Andhra Pradesh,Guntur,Guntur,Tomato,2889.38,2744.91,3033.85,611.2,Rs/quintal,SYNTHETIC_DEMO
2024-07-06,Andhra Pradesh,Guntur,Guntur,Tomato,2877.0,2733.15,3020.85,479.4,Rs/quintal,SYNTHETIC_DEMO
2024-07-07,Andhra Pradesh,Guntur,Guntur,Tomato,2873.85,2730.16,3017.54,500.7,Rs/quintal,SYNTHETIC_DEMO
2024-07-08,Andhra Pradesh,Guntur,Guntur,Tomato,2879.33,2735.37,3023.3,571.0,Rs/quintal,SYNTHETIC_DEMO
2024-07-09,Andhra Pradesh,Guntur,Guntur,Tomato,2888.35,2743.94,3032.77,589.8,Rs/quintal,SYNTHETIC_DEMO
2024-07-10,Andhra Pradesh,Guntur,Guntur,Tomato,2890.03,2745.53,3034.53,472.5,Rs/quintal,SYNTHETIC_DEMO
2024-07-11,Andhra Pradesh,Guntur,Guntur,Tomato,2887.38,2743.01,3031.75,502.7,Rs/quintal,SYNTHETIC_DEMO
2024-07-12,Andhra Pradesh,Guntur,Guntur,Tomato,2888.82,2744.38,3033.26,524.0,Rs/quintal,SYNTHETIC_DEMO
2024-07-13,Andhra Pradesh,Guntur,Guntur,Tomato,2877.81,2733.92,3021.7,544.3,Rs/quintal,SYNTHETIC_DEMO
2024-07-14,Andhra Pradesh,Guntur,Guntur,Tomato,2871.34,2727.77,3014.91,489.4,Rs/quintal,SYNTHETIC_DEMO
2024-07-15,Andhra Pradesh,Guntur,Guntur,Tomato,2858.99,2716.04,3001.94,490.4,Rs/quintal,SYNTHETIC_DEMO
2024-07-16,Andhra Pradesh,Guntur,Guntur,Tomato,2842.92,2700.78,2985.07,610.4,Rs/quintal,SYNTHETIC_DEMO
2024-07-17,Andhra Pradesh,Guntur,Guntur,Tomato,2840.81,2698.77,2982.85,596.8,Rs/quintal,SYNTHETIC_DEMO
2024-07-18,Andhra Pradesh,Guntur,Guntur,Tomato,2837.41,2695.54,2979.28,538.2,Rs/quintal,SYNTHETIC_DEMO
2024-07-19,Andhra Pradesh,Guntur,Guntur,Tomato,2838.47,2696.54,2980.39,637.5,Rs/quintal,SYNTHETIC_DEMO
2024-07-20,Andhra Pradesh,Guntur,Guntur,Tomato,2838.3,2696.39,2980.22,469.1,Rs/quintal,SYNTHETIC_DEMO
2024-07-21,Andhra Pradesh,Guntur,Guntur,Tomato,2835.5,2693.72,2977.27,629.8,Rs/quintal,SYNTHETIC_DEMO
2024-07-22,Andhra Pradesh,Guntur,Guntur,Tomato,2835.49,2693.71,2977.26,543.4,Rs/quintal,SYNTHETIC_DEMO
2024-07-23,Andhra Pradesh,Guntur,Guntur,Tomato,2830.24,2688.73,2971.75,761.7,Rs/quintal,SYNTHETIC_DEMO
2024-07-24,Andhra Pradesh,Guntur,Guntur,Tomato,2829.03,2687.58,2970.49,404.6,Rs/quintal,SYNTHETIC_DEMO
2024-07-25,Andhra Pradesh,Guntur,Guntur,Tomato,2817.84,2676.95,2958.74,444.9,Rs/quintal,SYNTHETIC_DEMO
2024-07-26,Andhra Pradesh,Guntur,Guntur,Tomato,2816.33,2675.52,2957.15,533.5,Rs/quintal,SYNTHETIC_DEMO
2024-07-27,Andhra Pradesh,Guntur,Guntur,Tomato,2817.49,2676.62,2958.37,531.8,Rs/quintal,SYNTHETIC_DEMO
2024-07-28,Andhra Pradesh,Guntur,Guntur,Tomato,2806.92,2666.57,2947.27,656.0,Rs/quintal,SYNTHETIC_DEMO
2024-07-29,Andhra Pradesh,Guntur,Guntur,Tomato,2802.74,2662.6,2942.87,446.5,Rs/quintal,SYNTHETIC_DEMO
2024-07-30,Andhra Pradesh,Guntur,Guntur,Tomato,2792.66,2653.02,2932.29,572.4,Rs/quintal,SYNTHETIC_DEMO
2024-07-31,Andhra Pradesh,Guntur,Guntur,Tomato,2783.48,2644.3,2922.65,593.0,Rs/quintal,SYNTHETIC_DEMO
2024-08-01,Andhra Pradesh,Guntur,Guntur,Tomato,2769.08,2630.62,2907.53,556.4,Rs/quintal,SYNTHETIC_DEMO
2024-08-02,Andhra Pradesh,Guntur,Guntur,Tomato,2775.76,2636.98,2914.55,423.1,Rs/quintal,SYNTHETIC_DEMO
2024-08-03,Andhra Pradesh,Guntur,Guntur,Tomato,2780.74,2641.7,2919.78,612.6,Rs/quintal,SYNTHETIC_DEMO
2024-08-04,Andhra Pradesh,Guntur,Guntur,Tomato,2781.12,2642.07,2920.18,598.3,Rs/quintal,SYNTHETIC_DEMO
2024-08-05,Andhra Pradesh,Guntur,Guntur,Tomato,2794.18,2654.47,2933.89,548.0,Rs/quintal,SYNTHETIC_DEMO
2024-08-06,Andhra Pradesh,Guntur,Guntur,Tomato,2788.28,2648.86,2927.69,516.3,Rs/quintal,SYNTHETIC_DEMO
2024-08-07,Andhra Pradesh,Guntur,Guntur,Tomato,2810.77,2670.23,2951.31,518.1,Rs/quintal,SYNTHETIC_DEMO
2024-08-08,Andhra Pradesh,Guntur,Guntur,Tomato,2804.64,2664.41,2944.88,493.7,Rs/quintal,SYNTHETIC_DEMO
2024-08-09,Andhra Pradesh,Guntur,Guntur,Tomato,2802.82,2662.68,2942.96,551.3,Rs/quintal,SYNTHETIC_DEMO
2024-08-10,Andhra Pradesh,Guntur,Guntur,Tomato,2795.31,2655.55,2935.08,502.5,Rs/quintal,SYNTHETIC_DEMO
2024-08-11,Andhra Pradesh,Guntur,Guntur,Tomato,2794.64,2654.91,2934.38,432.1,Rs/quintal,SYNTHETIC_DEMO
2024-08-12,Andhra Pradesh,Guntur,Guntur,Tomato,2798.11,2658.21,2938.02,416.1,Rs/quintal,SYNTHETIC_DEMO
2024-08-13,Andhra Pradesh,Guntur,Guntur,Tomato,2793.29,2653.63,2932.96,439.8,Rs/quintal,SYNTHETIC_DEMO
2024-08-14,Andhra Pradesh,Guntur,Guntur,Tomato,2805.17,2664.91,2945.43,517.8,Rs/quintal,SYNTHETIC_DEMO
2024-08-15,Andhra Pradesh,Guntur,Guntur,Tomato,2803.59,2663.41,2943.77,497.8,Rs/quintal,SYNTHETIC_DEMO
2024-08-16,Andhra Pradesh,Guntur,Guntur,Tomato,2802.35,2662.23,2942.47,517.2,Rs/quintal,SYNTHETIC_DEMO
2024-08-17,Andhra Pradesh,Guntur,Guntur,Tomato,2790.8,2651.26,2930.34,540.1,Rs/quintal,SYNTHETIC_DEMO
2024-08-18,Andhra Pradesh,Guntur,Guntur,Tomato,2791.0,2651.45,2930.55,449.8,Rs/quintal,SYNTHETIC_DEMO
2024-08-19,Andhra Pradesh,Guntur,Guntur,Tomato,2786.41,2647.09,2925.73,617.3,Rs/quintal,SYNTHETIC_DEMO
2024-08-20,Andhra Pradesh,Guntur,Guntur,Tomato,2777.72,2638.84,2916.61,478.6,Rs/quintal,SYNTHETIC_DEMO
2024-08-21,Andhra Pradesh,Guntur,Guntur,Tomato,2767.63,2629.25,2906.01,465.3,Rs/quintal,SYNTHETIC_DEMO
2024-08-22,Andhra Pradesh,Guntur,Guntur,Tomato,2787.95,2648.55,2927.35,538.6,Rs/quintal,SYNTHETIC_DEMO
2024-08-23,Andhra Pradesh,Guntur,Guntur,Tomato,2782.52,2643.39,2921.65,353.1,Rs/quintal,SYNTHETIC_DEMO
2024-08-24,Andhra Pradesh,Guntur,Guntur,Tomato,2766.66,2628.33,2905.0,436.8,Rs/quintal,SYNTHETIC_DEMO
2024-08-25,Andhra Pradesh,Guntur,Guntur,Tomato,2757.56,2619.68,2895.44,578.5,Rs/quintal,SYNTHETIC_DEMO
2024-08-26,Andhra Pradesh,Guntur,Guntur,Tomato,2754.23,2616.52,2891.94,361.0,Rs/quintal,SYNTHETIC_DEMO
2024-08-27,Andhra Pradesh,Guntur,Guntur,Tomato,2756.24,2618.43,2894.05,589.4,Rs/quintal,SYNTHETIC_DEMO
2024-08-28,Andhra Pradesh,Guntur,Guntur,Tomato,2758.4,2620.48,2896.32,620.9,Rs/quintal,SYNTHETIC_DEMO
2024-08-29,Andhra Pradesh,Guntur,Guntur,Tomato,2761.72,2623.63,2899.81,470.4,Rs/quintal,SYNTHETIC_DEMO
2024-08-30,Andhra Pradesh,Guntur,Guntur,Tomato,2753.49,2615.82,2891.16,523.3,Rs/quintal,SYNTHETIC_DEMO
2024-08-31,Andhra Pradesh,Guntur,Guntur,Tomato,2754.02,2616.31,2891.72,589.5,Rs/quintal,SYNTHETIC_DEMO
2024-09-01,Andhra Pradesh,Guntur,Guntur,Tomato,2743.92,2606.72,2881.12,462.7,Rs/quintal,SYNTHETIC_DEMO
2024-09-02,Andhra Pradesh,Guntur,Guntur,Tomato,2736.17,2599.36,2872.97,569.4,Rs/quintal,SYNTHETIC_DEMO
2024-09-03,Andhra Pradesh,Guntur,Guntur,Tomato,2725.88,2589.58,2862.17,446.3,Rs/quintal,SYNTHETIC_DEMO
2024-09-04,Andhra Pradesh,Guntur,Guntur,Tomato,2713.29,2577.63,2848.95,461.8,Rs/quintal,SYNTHETIC_DEMO
2024-09-05,Andhra Pradesh,Guntur,Guntur,Tomato,2720.61,2584.58,2856.64,436.1,Rs/quintal,SYNTHETIC_DEMO
2024-09-06,Andhra Pradesh,Guntur,Guntur,Tomato,2724.72,2588.49,2860.96,527.4,Rs/quintal,SYNTHETIC_DEMO
2024-09-07,Andhra Pradesh,Guntur,Guntur,Tomato,2731.45,2594.88,2868.03,592.6,Rs/quintal,SYNTHETIC_DEMO
2024-09-08,Andhra Pradesh,Guntur,Guntur,Tomato,2730.03,2593.52,2866.53,485.3,Rs/quintal,SYNTHETIC_DEMO
2024-09-09,Andhra Pradesh,Guntur,Guntur,Tomato,2735.18,2598.42,2871.94,398.3,Rs/quintal,SYNTHETIC_DEMO
2024-09-10,Andhra Pradesh,Guntur,Guntur,Tomato,2718.09,2582.18,2853.99,413.4,Rs/quintal,SYNTHETIC_DEMO
2024-09-11,Andhra Pradesh,Guntur,Guntur,Tomato,2724.18,2587.97,2860.39,531.6,Rs/quintal,SYNTHETIC_DEMO
2024-09-12,Andhra Pradesh,Guntur,Guntur,Tomato,2724.33,2588.12,2860.55,647.5,Rs/quintal,SYNTHETIC_DEMO
2024-09-13,Andhra Pradesh,Guntur,Guntur,Tomato,2728.54,2592.11,2864.96,531.5,Rs/quintal,SYNTHETIC_DEMO
2024-09-14,Andhra Pradesh,Guntur,Guntur,Tomato,2730.66,2594.13,2867.19,469.0,Rs/quintal,SYNTHETIC_DEMO
2024-09-15,Andhra Pradesh,Guntur,Guntur,Tomato,2720.84,2584.8,2856.89,561.3,Rs/quintal,SYNTHETIC_DEMO
2024-09-16,Andhra Pradesh,Guntur,Guntur,Tomato,2706.63,2571.3,2841.96,480.8,Rs/quintal,SYNTHETIC_DEMO
2024-09-17,Andhra Pradesh,Guntur,Guntur,Tomato,2699.42,2564.45,2834.39,469.7,Rs/quintal,SYNTHETIC_DEMO
2024-09-18,Andhra Pradesh,Guntur,Guntur,Tomato,2703.55,2568.37,2838.73,423.3,Rs/quintal,SYNTHETIC_DEMO
2024-09-19,Andhra Pradesh,Guntur,Guntur,Tomato,2708.87,2573.43,2844.32,612.7,Rs/quintal,SYNTHETIC_DEMO
2024-09-20,Andhra Pradesh,Guntur,Guntur,Tomato,2696.18,2561.37,2830.99,296.9,Rs/quintal,SYNTHETIC_DEMO
2024-09-21,Andhra Pradesh,Guntur,Guntur,Tomato,2686.99,2552.64,2821.34,563.8,Rs/quintal,SYNTHETIC_DEMO
2024-09-22,Andhra Pradesh,Guntur,Guntur,Tomato,2680.16,2546.16,2814.17,462.9,Rs/quintal,SYNTHETIC_DEMO
2024-09-23,Andhra Pradesh,Guntur,Guntur,Tomato,2676.66,2542.82,2810.49,467.2,Rs/quintal,SYNTHETIC_DEMO
2024-09-24,Andhra Pradesh,Guntur,Guntur,Tomato,2664.4,2531.18,2797.62,635.4,Rs/quintal,SYNTHETIC_DEMO
2024-09-25,Andhra Pradesh,Guntur,Guntur,Tomato,2651.72,2519.13,2784.31,442.9,Rs/quintal,SYNTHETIC_DEMO
2024-09-26,Andhra Pradesh,Guntur,Guntur,Tomato,2644.41,2512.19,2776.64,445.6,Rs/quintal,SYNTHETIC_DEMO
2024-09-27,Andhra Pradesh,Guntur,Guntur,Tomato,2645.2,2512.94,2777.46,489.6,Rs/quintal,SYNTHETIC_DEMO
2024-09-28,Andhra Pradesh,Guntur,Guntur,Tomato,2634.93,2503.18,2766.68,533.1,Rs/quintal,SYNTHETIC_DEMO
2024-09-29,Andhra Pradesh,Guntur,Guntur,Tomato,2634.13,2502.43,2765.84,464.7,Rs/quintal,SYNTHETIC_DEMO
2024-09-30,Andhra Pradesh,Guntur,Guntur,Tomato,2643.77,2511.58,2775.95,374.1,Rs/quintal,SYNTHETIC_DEMO
2024-10-01,Andhra Pradesh,Guntur,Guntur,Tomato,2632.73,2501.09,2764.36,430.7,Rs/quintal,SYNTHETIC_DEMO
2024-10-02,Andhra Pradesh,Guntur,Guntur,Tomato,2631.42,2499.85,2762.99,602.5,Rs/quintal,SYNTHETIC_DEMO
2024-10-03,Andhra Pradesh,Guntur,Guntur,Tomato,2641.05,2509.0,2773.1,506.0,Rs/quintal,SYNTHETIC_DEMO
2024-10-04,Andhra Pradesh,Guntur,Guntur,Tomato,2638.08,2506.17,2769.98,536.1,Rs/quintal,SYNTHETIC_DEMO
2024-10-05,Andhra Pradesh,Guntur,Guntur,Tomato,2633.84,2502.15,2765.53,479.1,Rs/quintal,SYNTHETIC_DEMO
2024-10-06,Andhra Pradesh,Guntur,Guntur,Tomato,2644.98,2512.73,2777.23,447.2,Rs/quintal,SYNTHETIC_DEMO
2024-10-07,Andhra Pradesh,Guntur,Guntur,Tomato,2643.29,2511.12,2775.45,634.2,Rs/quintal,SYNTHETIC_DEMO
2024-10-08,Andhra Pradesh,Guntur,Guntur,Tomato,2654.1,2521.4,2786.81,484.9,Rs/quintal,SYNTHETIC_DEMO
2024-10-09,Andhra Pradesh,Guntur,Guntur,Tomato,2659.08,2526.12,2792.03,464.5,Rs/quintal,SYNTHETIC_DEMO
2024-10-10,Andhra Pradesh,Guntur,Guntur,Tomato,2657.35,2524.48,2790.22,587.7,Rs/quintal,SYNTHETIC_DEMO
2024-10-11,Andhra Pradesh,Guntur,Guntur,Tomato,2662.96,2529.81,2796.11,442.2,Rs/quintal,SYNTHETIC_DEMO
2024-10-12,Andhra Pradesh,Guntur,Guntur,Tomato,2667.27,2533.9,2800.63,452.4,Rs/quintal,SYNTHETIC_DEMO
2024-10-13,Andhra Pradesh,Guntur,Guntur,Tomato,2677.83,2543.94,2811.72,500.8,Rs/quintal,SYNTHETIC_DEMO
2024-10-14,Andhra Pradesh,Guntur,Guntur,Tomato,2674.68,2540.95,2808.42,500.0,Rs/quintal,SYNTHETIC_DEMO
2024-10-15,Andhra Pradesh,Guntur,Guntur,Tomato,2676.82,2542.98,2810.66,520.8,Rs/quintal,SYNTHETIC_DEMO
2024-10-16,Andhra Pradesh,Guntur,Guntur,Tomato,2678.14,2544.24,2812.05,667.3,Rs/quintal,SYNTHETIC_DEMO
2024-10-17,Andhra Pradesh,Guntur,Guntur,Tomato,2686.3,2551.99,2820.62,526.9,Rs/quintal,SYNTHETIC_DEMO
2024-10-18,Andhra Pradesh,Guntur,Guntur,Tomato,2679.33,2545.37,2813.3,309.8,Rs/quintal,SYNTHETIC_DEMO
2024-10-19,Andhra Pradesh,Guntur,Guntur,Tomato,2690.43,2555.91,2824.95,526.1,Rs/quintal,SYNTHETIC_DEMO
2024-10-20,Andhra Pradesh,Guntur,Guntur,Tomato,2696.78,2561.94,2831.62,503.0,Rs/quintal,SYNTHETIC_DEMO
2024-10-21,Andhra Pradesh,Guntur,Guntur,Tomato,2687.52,2553.15,2821.9,503.5,Rs/quintal,SYNTHETIC_DEMO
2024-10-22,Andhra Pradesh,Guntur,Guntur,Tomato,2700.58,2565.55,2835.61,519.7,Rs/quintal,SYNTHETIC_DEMO
2024-10-23,Andhra Pradesh,Guntur,Guntur,Tomato,2722.76,2586.62,2858.9,497.7,Rs/quintal,SYNTHETIC_DEMO
2024-10-24,Andhra Pradesh,Guntur,Guntur,Tomato,2734.18,2597.47,2870.89,495.8,Rs/quintal,SYNTHETIC_DEMO
2024-10-25,Andhra Pradesh,Guntur,Guntur,Tomato,2749.44,2611.97,2886.91,549.0,Rs/quintal,SYNTHETIC_DEMO
2024-10-26,Andhra Pradesh,Guntur,Guntur,Tomato,2752.98,2615.33,2890.63,456.6,Rs/quintal,SYNTHETIC_DEMO
2024-10-27,Andhra Pradesh,Guntur,Guntur,Tomato,2741.23,2604.17,2878.3,424.2,Rs/quintal,SYNTHETIC_DEMO
2024-10-28,Andhra Pradesh,Guntur,Guntur,Tomato,2727.97,2591.57,2864.37,741.9,Rs/quintal,SYNTHETIC_DEMO
2024-10-29,Andhra Pradesh,Guntur,Guntur,Tomato,2733.27,2596.6,2869.93,442.7,Rs/quintal,SYNTHETIC_DEMO
2024-10-30,Andhra Pradesh,Guntur,Guntur,Tomato,2731.19,2594.64,2867.75,508.0,Rs/quintal,SYNTHETIC_DEMO
2024-10-31,Andhra Pradesh,Guntur,Guntur,Tomato,2726.37,2590.05,2862.69,380.3,Rs/quintal,SYNTHETIC_DEMO
2024-11-01,Andhra Pradesh,Guntur,Guntur,Tomato,2729.13,2592.67,2865.58,509.3,Rs/quintal,SYNTHETIC_DEMO
2024-11-02,Andhra Pradesh,Guntur,Guntur,Tomato,2737.94,2601.04,2874.83,425.3,Rs/quintal,SYNTHETIC_DEMO
2024-11-03,Andhra Pradesh,Guntur,Guntur,Tomato,2728.63,2592.2,2865.06,464.6,Rs/quintal,SYNTHETIC_DEMO
2024-11-04,Andhra Pradesh,Guntur,Guntur,Tomato,2728.24,2591.82,2864.65,583.6,Rs/quintal,SYNTHETIC_DEMO
2024-11-05,Andhra Pradesh,Guntur,Guntur,Tomato,2745.16,2607.9,2882.42,537.8,Rs/quintal,SYNTHETIC_DEMO
2024-11-06,Andhra Pradesh,Guntur,Guntur,Tomato,2739.42,2602.45,2876.39,545.5,Rs/quintal,SYNTHETIC_DEMO
2024-11-07,Andhra Pradesh,Guntur,Guntur,Tomato,2750.87,2613.33,2888.41,358.3,Rs/quintal,SYNTHETIC_DEMO
2024-11-08,Andhra Pradesh,Guntur,Guntur,Tomato,2750.48,2612.96,2888.01,647.0,Rs/quintal,SYNTHETIC_DEMO
2024-11-09,Andhra Pradesh,Guntur,Guntur,Tomato,2759.24,2621.28,2897.2,404.6,Rs/quintal,SYNTHETIC_DEMO
2024-11-10,Andhra Pradesh,Guntur,Guntur,Tomato,2772.93,2634.28,2911.57,622.3,Rs/quintal,SYNTHETIC_DEMO
2024-11-11,Andhra Pradesh,Guntur,Guntur,Tomato,2783.56,2644.38,2922.73,581.7,Rs/quintal,SYNTHETIC_DEMO
2024-11-12,Andhra Pradesh,Guntur,Guntur,Tomato,2795.74,2655.95,2935.52,546.2,Rs/quintal,SYNTHETIC_DEMO
2024-11-13,Andhra Pradesh,Guntur,Guntur,Tomato,2789.86,2650.36,2929.35,431.6,Rs/quintal,SYNTHETIC_DEMO
2024-11-14,Andhra Pradesh,Guntur,Guntur,Tomato,2803.98,2663.78,2944.18,512.1,Rs/quintal,SYNTHETIC_DEMO
2024-11-15,Andhra Pradesh,Guntur,Guntur,Tomato,2800.87,2660.83,2940.92,462.3,Rs/quintal,SYNTHETIC_DEMO
2024-11-16,Andhra Pradesh,Guntur,Guntur,Tomato,2807.62,2667.24,2948.0,502.3,Rs/quintal,SYNTHETIC_DEMO
2024-11-17,Andhra Pradesh,Guntur,Guntur,Tomato,2814.43,2673.71,2955.15,480.0,Rs/quintal,SYNTHETIC_DEMO
2024-11-18,Andhra Pradesh,Guntur,Guntur,Tomato,2823.3,2682.13,2964.46,336.9,Rs/quintal,SYNTHETIC_DEMO
2024-11-19,Andhra Pradesh,Guntur,Guntur,Tomato,2830.93,2689.38,2972.48,589.7,Rs/quintal,SYNTHETIC_DEMO
2024-11-20,Andhra Pradesh,Guntur,Guntur,Tomato,2828.24,2686.83,2969.65,493.5,Rs/quintal,SYNTHETIC_DEMO
2024-11-21,Andhra Pradesh,Guntur,Guntur,Tomato,2821.15,2680.1,2962.21,461.2,Rs/quintal,SYNTHETIC_DEMO
2024-11-22,Andhra Pradesh,Guntur,Guntur,Tomato,2833.69,2692.0,2975.37,455.2,Rs/quintal,SYNTHETIC_DEMO
2024-11-23,Andhra Pradesh,Guntur,Guntur,Tomato,2840.24,2698.23,2982.25,528.7,Rs/quintal,SYNTHETIC_DEMO
2024-11-24,Andhra Pradesh,Guntur,Guntur,Tomato,2855.33,2712.57,2998.1,428.5,Rs/quintal,SYNTHETIC_DEMO
2024-11-25,Andhra Pradesh,Guntur,Guntur,Tomato,2859.98,2716.98,3002.97,319.6,Rs/quintal,SYNTHETIC_DEMO
2024-11-26,Andhra Pradesh,Guntur,Guntur,Tomato,2852.7,2710.07,2995.34,532.6,Rs/quintal,SYNTHETIC_DEMO
2024-11-27,Andhra Pradesh,Guntur,Guntur,Tomato,2866.35,2723.03,3009.67,541.5,Rs/quintal,SYNTHETIC_DEMO
2024-11-28,Andhra Pradesh,Guntur,Guntur,Tomato,2868.29,2724.88,3011.71,484.0,Rs/quintal,SYNTHETIC_DEMO
2024-11-29,Andhra Pradesh,Guntur,Guntur,Tomato,2876.56,2732.73,3020.39,408.2,Rs/quintal,SYNTHETIC_DEMO
2024-11-30,Andhra Pradesh,Guntur,Guntur,Tomato,2876.17,2732.36,3019.98,507.1,Rs/quintal,SYNTHETIC_DEMO
2024-12-01,Andhra Pradesh,Guntur,Guntur,Tomato,2895.99,2751.19,3040.79,382.8,Rs/quintal,SYNTHETIC_DEMO
2024-12-02,Andhra Pradesh,Guntur,Guntur,Tomato,2893.68,2749.0,3038.37,417.8,Rs/quintal,SYNTHETIC_DEMO
2024-12-03,Andhra Pradesh,Guntur,Guntur,Tomato,2896.16,2751.36,3040.97,439.9,Rs/quintal,SYNTHETIC_DEMO
2024-12-04,Andhra Pradesh,Guntur,Guntur,Tomato,2902.6,2757.47,3047.74,567.5,Rs/quintal,SYNTHETIC_DEMO
2024-12-05,Andhra Pradesh,Guntur,Guntur,Tomato,2898.53,2753.61,3043.46,471.0,Rs/quintal,SYNTHETIC_DEMO
2024-12-06,Andhra Pradesh,Guntur,Guntur,Tomato,2907.02,2761.67,3052.38,464.2,Rs/quintal,SYNTHETIC_DEMO
2024-12-07,Andhra Pradesh,Guntur,Guntur,Tomato,2926.83,2780.49,3073.17,656.4,Rs/quintal,SYNTHETIC_DEMO
2024-12-08,Andhra Pradesh,Guntur,Guntur,Tomato,2928.18,2781.77,3074.59,528.2,Rs/quintal,SYNTHETIC_DEMO
2024-12-09,Andhra Pradesh,Guntur,Guntur,Tomato,2937.35,2790.49,3084.22,527.1,Rs/quintal,SYNTHETIC_DEMO
2024-12-10,Andhra Pradesh,Guntur,Guntur,Tomato,2918.9,2772.95,3064.84,470.4,Rs/quintal,SYNTHETIC_DEMO
2024-12-11,Andhra Pradesh,Guntur,Guntur,Tomato,2924.32,2778.11,3070.54,452.3,Rs/quintal,SYNTHETIC_DEMO
2024-12-12,Andhra Pradesh,Guntur,Guntur,Tomato,2927.37,2781.0,3073.74,325.1,Rs/quintal,SYNTHETIC_DEMO
2024-12-13,Andhra Pradesh,Guntur,Guntur,Tomato,2926.0,2779.7,3072.31,577.5,Rs/quintal,SYNTHETIC_DEMO
2024-12-14,Andhra Pradesh,Guntur,Guntur,Tomato,2941.39,2794.32,3088.46,535.9,Rs/quintal,SYNTHETIC_DEMO
2024-12-15,Andhra Pradesh,Guntur,Guntur,Tomato,2944.41,2797.19,3091.63,485.7,Rs/quintal,SYNTHETIC_DEMO
2024-12-16,Andhra Pradesh,Guntur,Guntur,Tomato,2948.77,2801.33,3096.2,489.0,Rs/quintal,SYNTHETIC_DEMO
2024-12-17,Andhra Pradesh,Guntur,Guntur,Tomato,2951.39,2803.82,3098.96,558.9,Rs/quintal,SYNTHETIC_DEMO
2024-12-18,Andhra Pradesh,Guntur,Guntur,Tomato,2940.49,2793.47,3087.52,375.6,Rs/quintal,SYNTHETIC_DEMO
2024-12-19,Andhra Pradesh,Guntur,Guntur,Tomato,2936.52,2789.69,3083.35,452.8,Rs/quintal,SYNTHETIC_DEMO
2024-12-20,Andhra Pradesh,Guntur,Guntur,Tomato,2950.99,2803.44,3098.54,409.1,Rs/quintal,SYNTHETIC_DEMO
2024-12-21,Andhra Pradesh,Guntur,Guntur,Tomato,2938.45,2791.53,3085.37,641.7,Rs/quintal,SYNTHETIC_DEMO
2024-12-22,Andhra Pradesh,Guntur,Guntur,Tomato,2937.75,2790.86,3084.64,570.1,Rs/quintal,SYNTHETIC_DEMO
2024-12-23,Andhra Pradesh,Guntur,Guntur,Tomato,2940.29,2793.28,3087.31,323.8,Rs/quintal,SYNTHETIC_DEMO
2024-12-24,Andhra Pradesh,Guntur,Guntur,Tomato,2961.71,2813.62,3109.79,378.9,Rs/quintal,SYNTHETIC_DEMO
2024-12-25,Andhra Pradesh,Guntur,Guntur,Tomato,2974.56,2825.83,3123.28,489.4,Rs/quintal,SYNTHETIC_DEMO
2024-12-26,Andhra Pradesh,Guntur,Guntur,Tomato,2975.75,2826.96,3124.54,462.2,Rs/quintal,SYNTHETIC_DEMO
2024-12-27,Andhra Pradesh,Guntur,Guntur,Tomato,2993.33,2843.67,3143.0,394.0,Rs/quintal,SYNTHETIC_DEMO
2024-12-28,Andhra Pradesh,Guntur,Guntur,Tomato,2992.93,2843.28,3142.57,655.6,Rs/quintal,SYNTHETIC_DEMO
2024-12-29,Andhra Pradesh,Guntur,Guntur,Tomato,3007.92,2857.53,3158.32,525.0,Rs/quintal,SYNTHETIC_DEMO
2024-12-30,Andhra Pradesh,Guntur,Guntur,Tomato,3002.08,2851.98,3152.19,538.0,Rs/quintal,SYNTHETIC_DEMO
2024-12-31,Andhra Pradesh,Guntur,Guntur,Tomato,3017.65,2866.76,3168.53,444.6,Rs/quintal,SYNTHETIC_DEMO
2022-01-01,Andhra Pradesh,Guntur,Guntur,Onion,1805.2,1714.94,1895.46,553.6,Rs/quintal,SYNTHETIC_DEMO
2022-01-02,Andhra Pradesh,Guntur,Guntur,Onion,1807.47,1717.1,1897.84,457.4,Rs/quintal,SYNTHETIC_DEMO
2022-01-03,Andhra Pradesh,Guntur,Guntur,Onion,1810.44,1719.91,1900.96,501.3,Rs/quintal,SYNTHETIC_DEMO
2022-01-04,Andhra Pradesh,Guntur,Guntur,Onion,1819.84,1728.85,1910.83,613.4,Rs/quintal,SYNTHETIC_DEMO
2022-01-05,Andhra Pradesh,Guntur,Guntur,Onion,1813.11,1722.45,1903.76,564.6,Rs/quintal,SYNTHETIC_DEMO
2022-01-06,Andhra Pradesh,Guntur,Guntur,Onion,1829.6,1738.12,1921.08,563.7,Rs/quintal,SYNTHETIC_DEMO
2022-01-07,Andhra Pradesh,Guntur,Guntur,Onion,1835.9,1744.11,1927.7,652.7,Rs/quintal,SYNTHETIC_DEMO
2022-01-08,Andhra Pradesh,Guntur,Guntur,Onion,1850.1,1757.6,1942.61,443.7,Rs/quintal,SYNTHETIC_DEMO
2022-01-09,Andhra Pradesh,Guntur,Guntur,Onion,1847.33,1754.96,1939.69,421.1,Rs/quintal,SYNTHETIC_DEMO
2022-01-10,Andhra Pradesh,Guntur,Guntur,Onion,1845.64,1753.36,1937.92,442.2,Rs/quintal,SYNTHETIC_DEMO
2022-01-11,Andhra Pradesh,Guntur,Guntur,Onion,1842.22,1750.11,1934.33,479.6,Rs/quintal,SYNTHETIC_DEMO
2022-01-12,Andhra Pradesh,Guntur,Guntur,Onion,1848.95,1756.51,1941.4,311.6,Rs/quintal,SYNTHETIC_DEMO
2022-01-13,Andhra Pradesh,Guntur,Guntur,Onion,1854.35,1761.63,1947.06,483.4,Rs/quintal,SYNTHETIC_DEMO
2022-01-14,Andhra Pradesh,Guntur,Guntur,Onion,1855.9,1763.11,1948.7,456.4,Rs/quintal,SYNTHETIC_DEMO
2022-01-15,Andhra Pradesh,Guntur,Guntur,Onion,1853.48,1760.81,1946.16,562.7,Rs/quintal,SYNTHETIC_DEMO
2022-01-16,Andhra Pradesh,Guntur,Guntur,Onion,1849.23,1756.77,1941.69,528.2,Rs/quintal,SYNTHETIC_DEMO
2022-01-17,Andhra Pradesh,Guntur,Guntur,Onion,1853.72,1761.04,1946.41,451.9,Rs/quintal,SYNTHETIC_DEMO
2022-01-18,Andhra Pradesh,Guntur,Guntur,Onion,1855.19,1762.43,1947.95,547.2,Rs/quintal,SYNTHETIC_DEMO
2022-01-19,Andhra Pradesh,Guntur,Guntur,Onion,1855.05,1762.3,1947.81,557.9,Rs/quintal,SYNTHETIC_DEMO
2022-01-20,Andhra Pradesh,Guntur,Guntur,Onion,1870.97,1777.42,1964.52,438.5,Rs/quintal,SYNTHETIC_DEMO
2022-01-21,Andhra Pradesh,Guntur,Guntur,Onion,1875.12,1781.37,1968.88,460.6,Rs/quintal,SYNTHETIC_DEMO
2022-01-22,Andhra Pradesh,Guntur,Guntur,Onion,1888.99,1794.54,1983.44,322.0,Rs/quintal,SYNTHETIC_DEMO
2022-01-23,Andhra Pradesh,Guntur,Guntur,Onion,1889.84,1795.35,1984.33,412.7,Rs/quintal,SYNTHETIC_DEMO
2022-01-24,Andhra Pradesh,Guntur,Guntur,Onion,1896.27,1801.45,1991.08,440.6,Rs/quintal,SYNTHETIC_DEMO
2022-01-25,Andhra Pradesh,Guntur,Guntur,Onion,1900.5,1805.48,1995.53,505.9,Rs/quintal,SYNTHETIC_DEMO
2022-01-26,Andhra Pradesh,Guntur,Guntur,Onion,1892.88,1798.24,1987.52,424.4,Rs/quintal,SYNTHETIC_DEMO
2022-01-27,Andhra Pradesh,Guntur,Guntur,Onion,1907.73,1812.34,2003.12,458.9,Rs/quintal,SYNTHETIC_DEMO
2022-01-28,Andhra Pradesh,Guntur,Guntur,Onion,1911.29,1815.73,2006.85,402.0,Rs/quintal,SYNTHETIC_DEMO
2022-01-29,Andhra Pradesh,Guntur,Guntur,Onion,1921.16,1825.1,2017.22,513.7,Rs/quintal,SYNTHETIC_DEMO
2022-01-30,Andhra Pradesh,Guntur,Guntur,Onion,1920.21,1824.2,2016.22,534.1,Rs/quintal,SYNTHETIC_DEMO
2022-01-31,Andhra Pradesh,Guntur,Guntur,Onion,1923.44,1827.27,2019.61,532.2,Rs/quintal,SYNTHETIC_DEMO
2022-02-01,Andhra Pradesh,Guntur,Guntur,Onion,1921.58,1825.5,2017.66,501.0,Rs/quintal,SYNTHETIC_DEMO
2022-02-02,Andhra Pradesh,Guntur,Guntur,Onion,1934.82,1838.08,2031.56,376.7,Rs/quintal,SYNTHETIC_DEMO
2022-02-03,Andhra Pradesh,Guntur,Guntur,Onion,1941.36,1844.29,2038.43,450.4,Rs/quintal,SYNTHETIC_DEMO
2022-02-04,Andhra Pradesh,Guntur,Guntur,Onion,1948.26,1850.85,2045.67,467.4,Rs/quintal,SYNTHETIC_DEMO
2022-02-05,Andhra Pradesh,Guntur,Guntur,Onion,1962.25,1864.14,2060.36,467.7,Rs/quintal,SYNTHETIC_DEMO
2022-02-06,Andhra Pradesh,Guntur,Guntur,Onion,1974.74,1876.01,2073.48,506.0,Rs/quintal,SYNTHETIC_DEMO
2022-02-07,Andhra Pradesh,Guntur,Guntur,Onion,1984.37,1885.16,2083.59,614.0,Rs/quintal,SYNTHETIC_DEMO
2022-02-08,Andhra Pradesh,Guntur,Guntur,Onion,1978.21,1879.3,2077.12,565.0,Rs/quintal,SYNTHETIC_DEMO
2022-02-09,Andhra Pradesh,Guntur,Guntur,Onion,1977.23,1878.36,2076.09,421.0,Rs/quintal,SYNTHETIC_DEMO
2022-02-10,Andhra Pradesh,Guntur,Guntur,Onion,1973.97,1875.27,2072.67,554.3,Rs/quintal,SYNTHETIC_DEMO
2022-02-11,Andhra Pradesh,Guntur,Guntur,Onion,1983.13,1883.98,2082.29,551.2,Rs/quintal,SYNTHETIC_DEMO
2022-02-12,Andhra Pradesh,Guntur,Guntur,Onion,1988.23,1888.82,2087.65,435.5,Rs/quintal,SYNTHETIC_DEMO
2022-02-13,Andhra Pradesh,Guntur,Guntur,Onion,1982.04,1882.94,2081.14,567.9,Rs/quintal,SYNTHETIC_DEMO
2022-02-14,Andhra Pradesh,Guntur,Guntur,Onion,1984.45,1885.22,2083.67,487.2,Rs/quintal,SYNTHETIC_DEMO
2022-02-15,Andhra Pradesh,Guntur,Guntur,Onion,1977.4,1878.53,2076.27,387.2,Rs/quintal,SYNTHETIC_DEMO
2022-02-16,Andhra Pradesh,Guntur,Guntur,Onion,1980.67,1881.63,2079.7,536.4,Rs/quintal,SYNTHETIC_DEMO
2022-02-17,Andhra Pradesh,Guntur,Guntur,Onion,1972.35,1873.73,2070.96,517.4,Rs/quintal,SYNTHETIC_DEMO
2022-02-18,Andhra Pradesh,Guntur,Guntur,Onion,1979.69,1880.71,2078.68,481.8,Rs/quintal,SYNTHETIC_DEMO
2022-02-19,Andhra Pradesh,Guntur,Guntur,Onion,1985.89,1886.6,2085.19,497.0,Rs/quintal,SYNTHETIC_DEMO
2022-02-20,Andhra Pradesh,Guntur,Guntur,Onion,2003.05,1902.9,2103.2,442.5,Rs/quintal,SYNTHETIC_DEMO
2022-02-21,Andhra Pradesh,Guntur,Guntur,Onion,2012.52,1911.89,2113.14,548.8,Rs/quintal,SYNTHETIC_DEMO
2022-02-22,Andhra Pradesh,Guntur,Guntur,Onion,2012.77,1912.13,2113.41,496.5,Rs/quintal,SYNTHETIC_DEMO
2022-02-23,Andhra Pradesh,Guntur,Guntur,Onion,2021.89,1920.8,2122.99,513.3,Rs/quintal,SYNTHETIC_DEMO
2022-02-24,Andhra Pradesh,Guntur,Guntur,Onion,2015.0,1914.25,2115.75,528.6,Rs/quintal,SYNTHETIC_DEMO
2022-02-25,Andhra Pradesh,Guntur,Guntur,Onion,2011.18,1910.62,2111.74,407.6,Rs/quintal,SYNTHETIC_DEMO
2022-02-26,Andhra Pradesh,Guntur,Guntur,Onion,2016.62,1915.79,2117.45,428.5,Rs/quintal,SYNTHETIC_DEMO
2022-02-27,Andhra Pradesh,Guntur,Guntur,Onion,2004.06,1903.86,2104.26,323.2,Rs/quintal,SYNTHETIC_DEMO
2022-02-28,Andhra Pradesh,Guntur,Guntur,Onion,2006.7,1906.37,2107.04,545.2,Rs/quintal,SYNTHETIC_DEMO
2022-03-01,Andhra Pradesh,Guntur,Guntur,Onion,2002.2,1902.09,2102.31,403.0,Rs/quintal,SYNTHETIC_DEMO
2022-03-02,Andhra Pradesh,Guntur,Guntur,Onion,2005.71,1905.42,2105.99,510.6,Rs/quintal,SYNTHETIC_DEMO
2022-03-03,Andhra Pradesh,Guntur,Guntur,Onion,2000.65,1900.62,2100.69,529.7,Rs/quintal,SYNTHETIC_DEMO
2022-03-04,Andhra Pradesh,Guntur,Guntur,Onion,2006.35,1906.03,2106.66,548.2,Rs/quintal,SYNTHETIC_DEMO
2022-03-05,Andhra Pradesh,Guntur,Guntur,Onion,2009.05,1908.6,2109.51,403.7,Rs/quintal,SYNTHETIC_DEMO
2022-03-06,Andhra Pradesh,Guntur,Guntur,Onion,2021.63,1920.55,2122.71,494.8,Rs/quintal,SYNTHETIC_DEMO
2022-03-07,Andhra Pradesh,Guntur,Guntur,Onion,2024.11,1922.9,2125.31,633.6,Rs/quintal,SYNTHETIC_DEMO
2022-03-08,Andhra Pradesh,Guntur,Guntur,Onion,2020.93,1919.88,2121.97,637.1,Rs/quintal,SYNTHETIC_DEMO
2022-03-09,Andhra Pradesh,Guntur,Guntur,Onion,2021.43,1920.36,2122.5,579.0,Rs/quintal,SYNTHETIC_DEMO
2022-03-10,Andhra Pradesh,Guntur,Guntur,Onion,2013.96,1913.26,2114.66,527.0,Rs/quintal,SYNTHETIC_DEMO
2022-03-11,Andhra Pradesh,Guntur,Guntur,Onion,2019.02,1918.07,2119.97,419.6,Rs/quintal,SYNTHETIC_DEMO
2022-03-12,Andhra Pradesh,Guntur,Guntur,Onion,2025.32,1924.06,2126.59,557.5,Rs/quintal,SYNTHETIC_DEMO
2022-03-13,Andhra Pradesh,Guntur,Guntur,Onion,2045.09,1942.83,2147.34,487.4,Rs/quintal,SYNTHETIC_DEMO
2022-03-14,Andhra Pradesh,Guntur,Guntur,Onion,2042.52,1940.39,2144.64,544.8,Rs/quintal,SYNTHETIC_DEMO
2022-03-15,Andhra Pradesh,Guntur,Guntur,Onion,2042.42,1940.3,2144.55,449.4,Rs/quintal,SYNTHETIC_DEMO
2022-03-16,Andhra Pradesh,Guntur,Guntur,Onion,2040.04,1938.04,2142.04,486.2,Rs/quintal,SYNTHETIC_DEMO
2022-03-17,Andhra Pradesh,Guntur,Guntur,Onion,2043.25,1941.08,2145.41,513.1,Rs/quintal,SYNTHETIC_DEMO
2022-03-18,Andhra Pradesh,Guntur,Guntur,Onion,2047.6,1945.22,2149.98,519.7,Rs/quintal,SYNTHETIC_DEMO
2022-03-19,Andhra Pradesh,Guntur,Guntur,Onion,2048.74,1946.31,2151.18,539.5,Rs/quintal,SYNTHETIC_DEMO
2022-03-20,Andhra Pradesh,Guntur,Guntur,Onion,2058.01,1955.11,2160.91,453.7,Rs/quintal,SYNTHETIC_DEMO
2022-03-21,Andhra Pradesh,Guntur,Guntur,Onion,2054.94,1952.2,2157.69,392.5,Rs/quintal,SYNTHETIC_DEMO
2022-03-22,Andhra Pradesh,Guntur,Guntur,Onion,2063.34,1960.17,2166.5,630.0,Rs/quintal,SYNTHETIC_DEMO
2022-03-23,Andhra Pradesh,Guntur,Guntur,Onion,2068.43,1965.01,2171.85,699.1,Rs/quintal,SYNTHETIC_DEMO
2022-03-24,Andhra Pradesh,Guntur,Guntur,Onion,2069.48,1966.01,2172.95,535.8,Rs/quintal,SYNTHETIC_DEMO
2022-03-25,Andhra Pradesh,Guntur,Guntur,Onion,2068.27,1964.86,2171.68,394.1,Rs/quintal,SYNTHETIC_DEMO
2022-03-26,Andhra Pradesh,Guntur,Guntur,Onion,2086.72,1982.38,2191.06,438.1,Rs/quintal,SYNTHETIC_DEMO
2022-03-27,Andhra Pradesh,Guntur,Guntur,Onion,2081.74,1977.65,2185.82,540.7,Rs/quintal,SYNTHETIC_DEMO
2022-03-28,Andhra Pradesh,Guntur,Guntur,Onion,2084.7,1980.47,2188.94,607.3,Rs/quintal,SYNTHETIC_DEMO
2022-03-29,Andhra Pradesh,Guntur,Guntur,Onion,2080.04,1976.04,2184.04,403.0,Rs/quintal,SYNTHETIC_DEMO
2022-03-30,Andhra Pradesh,Guntur,Guntur,Onion,2093.55,1988.88,2198.23,490.1,Rs/quintal,SYNTHETIC_DEMO
2022-03-31,Andhra Pradesh,Guntur,Guntur,Onion,2100.52,1995.49,2205.55,515.7,Rs/quintal,SYNTHETIC_DEMO
2022-04-01,Andhra Pradesh,Guntur,Guntur,Onion,2096.14,1991.33,2200.94,569.2,Rs/quintal,SYNTHETIC_DEMO
2022-04-02,Andhra Pradesh,Guntur,Guntur,Onion,2100.25,1995.23,2205.26,472.5,Rs/quintal,SYNTHETIC_DEMO
2022-04-03,Andhra Pradesh,Guntur,Guntur,Onion,2102.44,1997.32,2207.56,374.9,Rs/quintal,SYNTHETIC_DEMO
2022-04-04,Andhra Pradesh,Guntur,Guntur,Onion,2098.98,1994.03,2203.93,549.7,Rs/quintal,SYNTHETIC_DEMO
2022-04-05,Andhra Pradesh,Guntur,Guntur,Onion,2104.62,1999.39,2209.85,590.0,Rs/quintal,SYNTHETIC_DEMO
2022-04-06,Andhra Pradesh,Guntur,Guntur,Onion,2107.52,2002.15,2212.9,493.4,Rs/quintal,SYNTHETIC_DEMO
2022-04-07,Andhra Pradesh,Guntur,Guntur,Onion,2109.1,2003.64,2214.55,532.4,Rs/quintal,SYNTHETIC_DEMO
2022-04-08,Andhra Pradesh,Guntur,Guntur,Onion,2108.74,2003.3,2214.17,462.0,Rs/quintal,SYNTHETIC_DEMO
2022-04-09,Andhra Pradesh,Guntur,Guntur,Onion,2111.7,2006.12,2217.29,432.3,Rs/quintal,SYNTHETIC_DEMO
2022-04-10,Andhra Pradesh,Guntur,Guntur,Onion,2113.13,2007.48,2218.79,582.1,Rs/quintal,SYNTHETIC_DEMO
2022-04-11,Andhra Pradesh,Guntur,Guntur,Onion,2113.26,2007.6,2218.92,531.0,Rs/quintal,SYNTHETIC_DEMO
2022-04-12,Andhra Pradesh,Guntur,Guntur,Onion,2108.27,2002.86,2213.68,539.2,Rs/quintal,SYNTHETIC_DEMO
2022-04-13,Andhra Pradesh,Guntur,Guntur,Onion,2120.01,2014.01,2226.01,620.2,Rs/quintal,SYNTHETIC_DEMO
2022-04-14,Andhra Pradesh,Guntur,Guntur,Onion,2111.91,2006.32,2217.51,415.6,Rs/quintal,SYNTHETIC_DEMO
2022-04-15,Andhra Pradesh,Guntur,Guntur,Onion,2114.38,2008.66,2220.1,455.8,Rs/quintal,SYNTHETIC_DEMO
2022-04-16,Andhra Pradesh,Guntur,Guntur,Onion,2111.38,2005.81,2216.95,512.6,Rs/quintal,SYNTHETIC_DEMO
2022-04-17,Andhra Pradesh,Guntur,Guntur,Onion,2123.28,2017.12,2229.44,454.9,Rs/quintal,SYNTHETIC_DEMO
2022-04-18,Andhra Pradesh,Guntur,Guntur,Onion,2115.93,2010.13,2221.73,562.7,Rs/quintal,SYNTHETIC_DEMO
2022-04-19,Andhra Pradesh,Guntur,Guntur,Onion,2109.71,2004.23,2215.2,485.0,Rs/quintal,SYNTHETIC_DEMO
2022-04-20,Andhra Pradesh,Guntur,Guntur,Onion,2101.73,1996.64,2206.82,420.6,Rs/quintal,SYNTHETIC_DEMO
2022-04-21,Andhra Pradesh,Guntur,Guntur,Onion,2102.98,1997.83,2208.13,505.3,Rs/quintal,SYNTHETIC_DEMO
2022-04-22,Andhra Pradesh,Guntur,Guntur,Onion,2091.94,1987.35,2196.54,513.6,Rs/quintal,SYNTHETIC_DEMO
2022-04-23,Andhra Pradesh,Guntur,Guntur,Onion,2087.27,1982.91,2191.63,574.8,Rs/quintal,SYNTHETIC_DEMO
2022-04-24,Andhra Pradesh,Guntur,Guntur,Onion,2070.47,1966.95,2174.0,531.5,Rs/quintal,SYNTHETIC_DEMO
2022-04-25,Andhra Pradesh,Guntur,Guntur,Onion,2070.83,1967.28,2174.37,536.9,Rs/quintal,SYNTHETIC_DEMO
2022-04-26,Andhra Pradesh,Guntur,Guntur,Onion,2065.77,1962.48,2169.06,525.6,Rs/quintal,SYNTHETIC_DEMO
2022-04-27,Andhra Pradesh,Guntur,Guntur,Onion,2053.53,1950.86,2156.21,484.9,Rs/quintal,SYNTHETIC_DEMO
2022-04-28,Andhra Pradesh,Guntur,Guntur,Onion,2059.75,1956.77,2162.74,442.7,Rs/quintal,SYNTHETIC_DEMO
2022-04-29,Andhra Pradesh,Guntur,Guntur,Onion,2048.67,1946.24,2151.1,523.1,Rs/quintal,SYNTHETIC_DEMO
2022-04-30,Andhra Pradesh,Guntur,Guntur,Onion,2052.67,1950.03,2155.3,473.4,Rs/quintal,SYNTHETIC_DEMO
2022-05-01,Andhra Pradesh,Guntur,Guntur,Onion,2045.81,1943.52,2148.1,635.2,Rs/quintal,SYNTHETIC_DEMO
2022-05-02,Andhra Pradesh,Guntur,Guntur,Onion,2055.46,1952.68,2158.23,607.4,Rs/quintal,SYNTHETIC_DEMO
2022-05-03,Andhra Pradesh,Guntur,Guntur,Onion,2058.9,1955.95,2161.84,550.6,Rs/quintal,SYNTHETIC_DEMO
2022-05-04,Andhra Pradesh,Guntur,Guntur,Onion,2049.62,1947.14,2152.1,530.3,Rs/quintal,SYNTHETIC_DEMO
2022-05-05,Andhra Pradesh,Guntur,Guntur,Onion,2040.93,1938.88,2142.97,493.0,Rs/quintal,SYNTHETIC_DEMO
2022-05-06,Andhra Pradesh,Guntur,Guntur,Onion,2043.13,1940.97,2145.29,399.1,Rs/quintal,SYNTHETIC_DEMO
2022-05-07,Andhra Pradesh,Guntur,Guntur,Onion,2039.02,1937.07,2140.97,482.7,Rs/quintal,SYNTHETIC_DEMO
2022-05-08,Andhra Pradesh,Guntur,Guntur,Onion,2035.51,1933.73,2137.28,508.1,Rs/quintal,SYNTHETIC_DEMO
2022-05-09,Andhra Pradesh,Guntur,Guntur,Onion,2042.31,1940.2,2144.43,518.4,Rs/quintal,SYNTHETIC_DEMO
2022-05-10,Andhra Pradesh,Guntur,Guntur,Onion,2034.5,1932.78,2136.23,537.6,Rs/quintal,SYNTHETIC_DEMO
2022-05-11,Andhra Pradesh,Guntur,Guntur,Onion,2032.67,1931.04,2134.31,573.7,Rs/quintal,SYNTHETIC_DEMO
2022-05-12,Andhra Pradesh,Guntur,Guntur,Onion,2037.0,1935.15,2138.85,444.6,Rs/quintal,SYNTHETIC_DEMO
2022-05-13,Andhra Pradesh,Guntur,Guntur,Onion,2040.22,1938.21,2142.23,445.4,Rs/quintal,SYNTHETIC_DEMO
2022-05-14,Andhra Pradesh,Guntur,Guntur,Onion,2036.4,1934.58,2138.22,616.1,Rs/quintal,SYNTHETIC_DEMO
2022-05-15,Andhra Pradesh,Guntur,Guntur,Onion,2031.59,1930.01,2133.17,561.7,Rs/quintal,SYNTHETIC_DEMO
2022-05-16,Andhra Pradesh,Guntur,Guntur,Onion,2016.28,1915.47,2117.09,468.7,Rs/quintal,SYNTHETIC_DEMO
2022-05-17,Andhra Pradesh,Guntur,Guntur,Onion,2005.83,1905.54,2106.12,491.4,Rs/quintal,SYNTHETIC_DEMO
2022-05-18,Andhra Pradesh,Guntur,Guntur,Onion,2005.21,1904.95,2105.47,491.8,Rs/quintal,SYNTHETIC_DEMO
2022-05-19,Andhra Pradesh,Guntur,Guntur,Onion,2001.26,1901.2,2101.32,502.5,Rs/quintal,SYNTHETIC_DEMO
2022-05-20,Andhra Pradesh,Guntur,Guntur,Onion,1998.78,1898.84,2098.72,537.8,Rs/quintal,SYNTHETIC_DEMO
2022-05-21,Andhra Pradesh,Guntur,Guntur,Onion,2003.19,1903.03,2103.35,702.8,Rs/quintal,SYNTHETIC_DEMO
2022-05-22,Andhra Pradesh,Guntur,Guntur,Onion,1991.52,1891.94,2091.09,515.2,Rs/quintal,SYNTHETIC_DEMO
2022-05-23,Andhra Pradesh,Guntur,Guntur,Onion,1986.64,1887.31,2085.97,553.0,Rs/quintal,SYNTHETIC_DEMO
2022-05-24,Andhra Pradesh,Guntur,Guntur,Onion,1984.77,1885.53,2084.01,365.1,Rs/quintal,SYNTHETIC_DEMO
2022-05-25,Andhra Pradesh,Guntur,Guntur,Onion,1976.42,1877.6,2075.24,461.2,Rs/quintal,SYNTHETIC_DEMO
2022-05-26,Andhra Pradesh,Guntur,Guntur,Onion,1983.4,1884.23,2082.57,598.3,Rs/quintal,SYNTHETIC_DEMO
2022-05-27,Andhra Pradesh,Guntur,Guntur,Onion,1986.57,1887.24,2085.89,532.2,Rs/quintal,SYNTHETIC_DEMO
2022-05-28,Andhra Pradesh,Guntur,Guntur,Onion,1985.23,1885.97,2084.49,148.9,Rs/quintal,SYNTHETIC_DEMO
2022-05-29,Andhra Pradesh,Guntur,Guntur,Onion,1994.68,1894.95,2094.41,553.9,Rs/quintal,SYNTHETIC_DEMO
2022-05-30,Andhra Pradesh,Guntur,Guntur,Onion,1980.37,1881.36,2079.39,653.5,Rs/quintal,SYNTHETIC_DEMO
2022-05-31,Andhra Pradesh,Guntur,Guntur,Onion,1976.76,1877.92,2075.6,340.3,Rs/quintal,SYNTHETIC_DEMO
2022-06-01,Andhra Pradesh,Guntur,Guntur,Onion,1975.8,1877.01,2074.59,621.6,Rs/quintal,SYNTHETIC_DEMO
2022-06-02,Andhra Pradesh,Guntur,Guntur,Onion,1965.57,1867.29,2063.85,278.2,Rs/quintal,SYNTHETIC_DEMO
2022-06-03,Andhra Pradesh,Guntur,Guntur,Onion,1964.05,1865.85,2062.26,575.0,Rs/quintal,SYNTHETIC_DEMO
2022-06-04,Andhra Pradesh,Guntur,Guntur,Onion,1952.37,1854.75,2049.99,499.3,Rs/quintal,SYNTHETIC_DEMO
2022-06-05,Andhra Pradesh,Guntur,Guntur,Onion,1953.58,1855.9,2051.26,312.0,Rs/quintal,SYNTHETIC_DEMO
2022-06-06,Andhra Pradesh,Guntur,Guntur,Onion,1957.4,1859.53,2055.27,535.7,Rs/quintal,SYNTHETIC_DEMO
2022-06-07,Andhra Pradesh,Guntur,Guntur,Onion,1955.53,1857.76,2053.31,592.1,Rs/quintal,SYNTHETIC_DEMO
2022-06-08,Andhra Pradesh,Guntur,Guntur,Onion,1938.33,1841.41,2035.25,529.1,Rs/quintal,SYNTHETIC_DEMO
2022-06-09,Andhra Pradesh,Guntur,Guntur,Onion,1927.47,1831.1,2023.84,546.8,Rs/quintal,SYNTHETIC_DEMO
2022-06-10,Andhra Pradesh,Guntur,Guntur,Onion,1927.61,1831.23,2023.99,467.1,Rs/quintal,SYNTHETIC_DEMO
2022-06-11,Andhra Pradesh,Guntur,Guntur,Onion,1923.8,1827.61,2019.99,351.1,Rs/quintal,SYNTHETIC_DEMO
2022-06-12,Andhra Pradesh,Guntur,Guntur,Onion,1900.42,1805.4,1995.44,555.3,Rs/quintal,SYNTHETIC_DEMO
2022-06-13,Andhra Pradesh,Guntur,Guntur,Onion,1905.35,1810.08,2000.62,640.0,Rs/quintal,SYNTHETIC_DEMO
2022-06-14,Andhra Pradesh,Guntur,Guntur,Onion,1902.29,1807.18,1997.41,590.4,Rs/quintal,SYNTHETIC_DEMO
2022-06-15,Andhra Pradesh,Guntur,Guntur,Onion,1892.33,1797.71,1986.95,341.0,Rs/quintal,SYNTHETIC_DEMO
2022-06-16,Andhra Pradesh,Guntur,Guntur,Onion,1895.4,1800.63,1990.17,378.8,Rs/quintal,SYNTHETIC_DEMO
2022-06-17,Andhra Pradesh,Guntur,Guntur,Onion,1886.41,1792.09,1980.73,432.3,Rs/quintal,SYNTHETIC_DEMO
2022-06-18,Andhra Pradesh,Guntur,Guntur,Onion,1877.32,1783.46,1971.19,372.6,Rs/quintal,SYNTHETIC_DEMO
2022-06-19,Andhra Pradesh,Guntur,Guntur,Onion,1875.75,1781.96,1969.54,503.5,Rs/quintal,SYNTHETIC_DEMO
2022-06-20,Andhra Pradesh,Guntur,Guntur,Onion,1884.4,1790.18,1978.62,531.5,Rs/quintal,SYNTHETIC_DEMO
2022-06-21,Andhra Pradesh,Guntur,Guntur,Onion,1891.9,1797.31,1986.5,385.6,Rs/quintal,SYNTHETIC_DEMO
2022-06-22,Andhra Pradesh,Guntur,Guntur,Onion,1890.29,1795.77,1984.8,562.2,Rs/quintal,SYNTHETIC_DEMO
2022-06-23,Andhra Pradesh,Guntur,Guntur,Onion,1889.4,1794.93,1983.87,548.1,Rs/quintal,SYNTHETIC_DEMO
2022-06-24,Andhra Pradesh,Guntur,Guntur,Onion,1890.86,1796.32,1985.41,456.1,Rs/quintal,SYNTHETIC_DEMO
2022-06-25,Andhra Pradesh,Guntur,Guntur,Onion,1877.57,1783.69,1971.45,486.2,Rs/quintal,SYNTHETIC_DEMO
2022-06-26,Andhra Pradesh,Guntur,Guntur,Onion,1877.95,1784.06,1971.85,344.0,Rs/quintal,SYNTHETIC_DEMO
2022-06-27,Andhra Pradesh,Guntur,Guntur,Onion,1868.41,1774.99,1961.83,473.4,Rs/quintal,SYNTHETIC_DEMO
2022-06-28,Andhra Pradesh,Guntur,Guntur,Onion,1866.43,1773.11,1959.75,500.6,Rs/quintal,SYNTHETIC_DEMO
2022-06-29,Andhra Pradesh,Guntur,Guntur,Onion,1860.51,1767.49,1953.54,513.5,Rs/quintal,SYNTHETIC_DEMO
2022-06-30,Andhra Pradesh,Guntur,Guntur,Onion,1859.84,1766.85,1952.83,530.3,Rs/quintal,SYNTHETIC_DEMO
2022-07-01,Andhra Pradesh,Guntur,Guntur,Onion,1856.41,1763.59,1949.23,519.5,Rs/quintal,SYNTHETIC_DEMO
2022-07-02,Andhra Pradesh,Guntur,Guntur,Onion,1829.99,1738.49,1921.49,478.9,Rs/quintal,SYNTHETIC_DEMO
2022-07-03,Andhra Pradesh,Guntur,Guntur,Onion,1826.99,1735.64,1918.34,522.9,Rs/quintal,SYNTHETIC_DEMO
2022-07-04,Andhra Pradesh,Guntur,Guntur,Onion,1827.33,1735.96,1918.7,580.2,Rs/quintal,SYNTHETIC_DEMO
2022-07-05,Andhra Pradesh,Guntur,Guntur,Onion,1826.26,1734.94,1917.57,492.4,Rs/quintal,SYNTHETIC_DEMO
2022-07-06,Andhra Pradesh,Guntur,Guntur,Onion,1821.24,1730.17,1912.3,525.4,Rs/quintal,SYNTHETIC_DEMO
2022-07-07,Andhra Pradesh,Guntur,Guntur,Onion,1828.78,1737.34,1920.22,485.1,Rs/quintal,SYNTHETIC_DEMO
2022-07-08,Andhra Pradesh,Guntur,Guntur,Onion,1826.75,1735.42,1918.09,448.3,Rs/quintal,SYNTHETIC_DEMO
2022-07-09,Andhra Pradesh,Guntur,Guntur,Onion,1825.64,1734.36,1916.92,541.8,Rs/quintal,SYNTHETIC_DEMO
2022-07-10,Andhra Pradesh,Guntur,Guntur,Onion,1828.91,1737.46,1920.35,455.6,Rs/quintal,SYNTHETIC_DEMO
2022-07-11,Andhra Pradesh,Guntur,Guntur,Onion,1827.27,1735.91,1918.64,530.9,Rs/quintal,SYNTHETIC_DEMO
2022-07-12,Andhra Pradesh,Guntur,Guntur,Onion,1816.58,1725.75,1907.41,502.3,Rs/quintal,SYNTHETIC_DEMO
2022-07-13,Andhra Pradesh,Guntur,Guntur,Onion,1794.8,1705.06,1884.54,475.7,Rs/quintal,SYNTHETIC_DEMO
2022-07-14,Andhra Pradesh,Guntur,Guntur,Onion,1787.16,1697.8,1876.52,473.7,Rs/quintal,SYNTHETIC_DEMO
2022-07-15,Andhra Pradesh,Guntur,Guntur,Onion,1788.45,1699.03,1877.87,459.4,Rs/quintal,SYNTHETIC_DEMO
2022-07-16,Andhra Pradesh,Guntur,Guntur,Onion,1781.74,1692.65,1870.82,368.3,Rs/quintal,SYNTHETIC_DEMO
2022-07-17,Andhra Pradesh,Guntur,Guntur,Onion,1783.35,1694.18,1872.52,530.6,Rs/quintal,SYNTHETIC_DEMO
2022-07-18,Andhra Pradesh,Guntur,Guntur,Onion,1780.29,1691.28,1869.3,518.5,Rs/quintal,SYNTHETIC_DEMO
2022-07-19,Andhra Pradesh,Guntur,Guntur,Onion,1785.45,1696.18,1874.72,568.0,Rs/quintal,SYNTHETIC_DEMO
2022-07-20,Andhra Pradesh,Guntur,Guntur,Onion,1779.24,1690.27,1868.2,457.5,Rs/quintal,SYNTHETIC_DEMO
2022-07-21,Andhra Pradesh,Guntur,Guntur,Onion,1778.54,1689.61,1867.46,651.6,Rs/quintal,SYNTHETIC_DEMO
2022-07-22,Andhra Pradesh,Guntur,Guntur,Onion,1778.14,1689.23,1867.04,469.6,Rs/quintal,SYNTHETIC_DEMO
2022-07-23,Andhra Pradesh,Guntur,Guntur,Onion,1784.93,1695.69,1874.18,430.0,Rs/quintal,SYNTHETIC_DEMO
2022-07-24,Andhra Pradesh,Guntur,Guntur,Onion,1768.66,1680.23,1857.09,420.5,Rs/quintal,SYNTHETIC_DEMO
2022-07-25,Andhra Pradesh,Guntur,Guntur,Onion,1761.4,1673.33,1849.47,361.3,Rs/quintal,SYNTHETIC_DEMO
2022-07-26,Andhra Pradesh,Guntur,Guntur,Onion,1763.58,1675.4,1851.76,622.6,Rs/quintal,SYNTHETIC_DEMO
2022-07-27,Andhra Pradesh,Guntur,Guntur,Onion,1770.81,1682.27,1859.35,609.7,Rs/quintal,SYNTHETIC_DEMO
2022-07-28,Andhra Pradesh,Guntur,Guntur,Onion,1768.68,1680.24,1857.11,548.1,Rs/quintal,SYNTHETIC_DEMO
2022-07-29,Andhra Pradesh,Guntur,Guntur,Onion,1762.74,1674.6,1850.88,428.3,Rs/quintal,SYNTHETIC_DEMO
2022-07-30,Andhra Pradesh,Guntur,Guntur,Onion,1764.4,1676.18,1852.62,644.9,Rs/quintal,SYNTHETIC_DEMO
2022-07-31,Andhra Pradesh,Guntur,Guntur,Onion,1766.89,1678.55,1855.24,471.9,Rs/quintal,SYNTHETIC_DEMO
2022-08-01,Andhra Pradesh,Guntur,Guntur,Onion,1760.58,1672.55,1848.61,478.5,Rs/quintal,SYNTHETIC_DEMO
2022-08-02,Andhra Pradesh,Guntur,Guntur,Onion,1759.28,1671.32,1847.24,615.0,Rs/quintal,SYNTHETIC_DEMO
2022-08-03,Andhra Pradesh,Guntur,Guntur,Onion,1764.14,1675.93,1852.35,552.7,Rs/quintal,SYNTHETIC_DEMO
2022-08-04,Andhra Pradesh,Guntur,Guntur,Onion,1774.15,1685.44,1862.86,676.1,Rs/quintal,SYNTHETIC_DEMO
2022-08-05,Andhra Pradesh,Guntur,Guntur,Onion,1775.94,1687.14,1864.74,519.9,Rs/quintal,SYNTHETIC_DEMO
2022-08-06,Andhra Pradesh,Guntur,Guntur,Onion,1772.74,1684.11,1861.38,468.2,Rs/quintal,SYNTHETIC_DEMO
2022-08-07,Andhra Pradesh,Guntur,Guntur,Onion,1768.88,1680.44,1857.33,451.1,Rs/quintal,SYNTHETIC_DEMO
2022-08-08,Andhra Pradesh,Guntur,Guntur,Onion,1769.47,1681.0,1857.95,352.2,Rs/quintal,SYNTHETIC_DEMO
2022-08-09,Andhra Pradesh,Guntur,Guntur,Onion,1765.26,1677.0,1853.53,477.7,Rs/quintal,SYNTHETIC_DEMO
2022-08-10,Andhra Pradesh,Guntur,Guntur,Onion,1763.3,1675.14,1851.47,591.6,Rs/quintal,SYNTHETIC_DEMO
2022-08-11,Andhra Pradesh,Guntur,Guntur,Onion,1752.41,1664.78,1840.03,547.9,Rs/quintal,SYNTHETIC_DEMO
2022-08-12,Andhra Pradesh,Guntur,Guntur,Onion,1758.52,1670.59,1846.44,501.6,Rs/quintal,SYNTHETIC_DEMO
2022-08-13,Andhra Pradesh,Guntur,Guntur,Onion,1747.13,1659.77,1834.48,420.4,Rs/quintal,SYNTHETIC_DEMO
2022-08-14,Andhra Pradesh,Guntur,Guntur,Onion,1740.89,1653.85,1827.94,518.1,Rs/quintal,SYNTHETIC_DEMO
2022-08-15,Andhra Pradesh,Guntur,Guntur,Onion,1738.52,1651.6,1825.45,581.0,Rs/quintal,SYNTHETIC_DEMO
2022-08-16,Andhra Pradesh,Guntur,Guntur,Onion,1749.84,1662.35,1837.33,534.5,Rs/quintal,SYNTHETIC_DEMO
2022-08-17,Andhra Pradesh,Guntur,Guntur,Onion,1743.84,1656.64,1831.03,513.3,Rs/quintal,SYNTHETIC_DEMO
2022-08-18,Andhra Pradesh,Guntur,Guntur,Onion,1736.14,1649.33,1822.94,436.2,Rs/quintal,SYNTHETIC_DEMO
2022-08-19,Andhra Pradesh,Guntur,Guntur,Onion,1729.32,1642.86,1815.79,569.4,Rs/quintal,SYNTHETIC_DEMO
2022-08-20,Andhra Pradesh,Guntur,Guntur,Onion,1738.48,1651.55,1825.4,249.4,Rs/quintal,SYNTHETIC_DEMO
2022-08-21,Andhra Pradesh,Guntur,Guntur,Onion,1715.5,1629.72,1801.27,530.6,Rs/quintal,SYNTHETIC_DEMO
2022-08-22,Andhra Pradesh,Guntur,Guntur,Onion,1705.61,1620.33,1790.89,705.6,Rs/quintal,SYNTHETIC_DEMO
2022-08-23,Andhra Pradesh,Guntur,Guntur,Onion,1722.66,1636.53,1808.8,379.3,Rs/quintal,SYNTHETIC_DEMO
2022-08-24,Andhra Pradesh,Guntur,Guntur,Onion,1724.37,1638.15,1810.59,480.7,Rs/quintal,SYNTHETIC_DEMO
2022-08-25,Andhra Pradesh,Guntur,Guntur,Onion,1713.93,1628.23,1799.62,499.4,Rs/quintal,SYNTHETIC_DEMO
2022-08-26,Andhra Pradesh,Guntur,Guntur,Onion,1711.2,1625.64,1796.76,463.0,Rs/quintal,SYNTHETIC_DEMO
2022-08-27,Andhra Pradesh,Guntur,Guntur,Onion,1709.33,1623.87,1794.8,582.9,Rs/quintal,SYNTHETIC_DEMO
2022-08-28,Andhra Pradesh,Guntur,Guntur,Onion,1713.13,1627.48,1798.79,537.8,Rs/quintal,SYNTHETIC_DEMO
2022-08-29,Andhra Pradesh,Guntur,Guntur,Onion,1724.16,1637.95,1810.36,512.2,Rs/quintal,SYNTHETIC_DEMO
2022-08-30,Andhra Pradesh,Guntur,Guntur,Onion,1724.8,1638.56,1811.04,563.8,Rs/quintal,SYNTHETIC_DEMO
2022-08-31,Andhra Pradesh,Guntur,Guntur,Onion,1718.82,1632.88,1804.76,501.3,Rs/quintal,SYNTHETIC_DEMO
2022-09-01,Andhra Pradesh,Guntur,Guntur,Onion,1722.46,1636.34,1808.59,754.4,Rs/quintal,SYNTHETIC_DEMO
2022-09-02,Andhra Pradesh,Guntur,Guntur,Onion,1715.48,1629.71,1801.26,512.1,Rs/quintal,SYNTHETIC_DEMO
2022-09-03,Andhra Pradesh,Guntur,Guntur,Onion,1706.16,1620.85,1791.47,515.6,Rs/quintal,SYNTHETIC_DEMO
2022-09-04,Andhra Pradesh,Guntur,Guntur,Onion,1691.68,1607.09,1776.26,363.2,Rs/quintal,SYNTHETIC_DEMO
2022-09-05,Andhra Pradesh,Guntur,Guntur,Onion,1678.67,1594.74,1762.6,456.5,Rs/quintal,SYNTHETIC_DEMO
2022-09-06,Andhra Pradesh,Guntur,Guntur,Onion,1670.54,1587.02,1754.07,591.8,Rs/quintal,SYNTHETIC_DEMO
2022-09-07,Andhra Pradesh,Guntur,Guntur,Onion,1660.47,1577.44,1743.49,393.2,Rs/quintal,SYNTHETIC_DEMO
2022-09-08,Andhra Pradesh,Guntur,Guntur,Onion,1661.2,1578.14,1744.26,327.4,Rs/quintal,SYNTHETIC_DEMO
2022-09-09,Andhra Pradesh,Guntur,Guntur,Onion,1651.11,1568.56,1733.67,502.6,Rs/quintal,SYNTHETIC_DEMO
2022-09-10,Andhra Pradesh,Guntur,Guntur,Onion,1627.1,1545.75,1708.46,609.7,Rs/quintal,SYNTHETIC_DEMO
2022-09-11,Andhra Pradesh,Guntur,Guntur,Onion,1618.28,1537.37,1699.2,503.4,Rs/quintal,SYNTHETIC_DEMO
2022-09-12,Andhra Pradesh,Guntur,Guntur,Onion,1613.66,1532.97,1694.34,473.1,Rs/quintal,SYNTHETIC_DEMO
2022-09-13,Andhra Pradesh,Guntur,Guntur,Onion,1608.15,1527.74,1688.55,351.3,Rs/quintal,SYNTHETIC_DEMO
2022-09-14,Andhra Pradesh,Guntur,Guntur,Onion,1618.01,1537.11,1698.91,536.2,Rs/quintal,SYNTHETIC_DEMO
2022-09-15,Andhra Pradesh,Guntur,Guntur,Onion,1612.59,1531.96,1693.22,552.9,Rs/quintal,SYNTHETIC_DEMO
2022-09-16,Andhra Pradesh,Guntur,Guntur,Onion,1618.01,1537.11,1698.91,357.5,Rs/quintal,SYNTHETIC_DEMO
2022-09-17,Andhra Pradesh,Guntur,Guntur,Onion,1617.03,1536.18,1697.88,590.8,Rs/quintal,SYNTHETIC_DEMO
2022-09-18,Andhra Pradesh,Guntur,Guntur,Onion,1615.96,1535.16,1696.75,561.3,Rs/quintal,SYNTHETIC_DEMO
2022-09-19,Andhra Pradesh,Guntur,Guntur,Onion,1609.25,1528.79,1689.71,590.6,Rs/quintal,SYNTHETIC_DEMO
2022-09-20,Andhra Pradesh,Guntur,Guntur,Onion,1608.21,1527.8,1688.62,546.7,Rs/quintal,SYNTHETIC_DEMO
2022-09-21,Andhra Pradesh,Guntur,Guntur,Onion,1602.17,1522.06,1682.28,552.3,Rs/quintal,SYNTHETIC_DEMO
2022-09-22,Andhra Pradesh,Guntur,Guntur,Onion,1602.94,1522.79,1683.09,541.7,Rs/quintal,SYNTHETIC_DEMO
2022-09-23,Andhra Pradesh,Guntur,Guntur,Onion,1600.86,1520.82,1680.9,569.5,Rs/quintal,SYNTHETIC_DEMO
2022-09-24,Andhra Pradesh,Guntur,Guntur,Onion,1593.76,1514.07,1673.45,354.5,Rs/quintal,SYNTHETIC_DEMO
2022-09-25,Andhra Pradesh,Guntur,Guntur,Onion,1600.69,1520.65,1680.72,379.9,Rs/quintal,SYNTHETIC_DEMO
2022-09-26,Andhra Pradesh,Guntur,Guntur,Onion,1603.62,1523.44,1683.8,441.1,Rs/quintal,SYNTHETIC_DEMO
2022-09-27,Andhra Pradesh,Guntur,Guntur,Onion,1600.33,1520.32,1680.35,489.6,Rs/quintal,SYNTHETIC_DEMO
2022-09-28,Andhra Pradesh,Guntur,Guntur,Onion,1601.4,1521.33,1681.47,531.1,Rs/quintal,SYNTHETIC_DEMO
2022-09-29,Andhra Pradesh,Guntur,Guntur,Onion,1600.9,1520.85,1680.94,526.0,Rs/quintal,SYNTHETIC_DEMO
2022-09-30,Andhra Pradesh,Guntur,Guntur,Onion,1594.83,1515.09,1674.57,589.4,Rs/quintal,SYNTHETIC_DEMO
2022-10-01,Andhra Pradesh,Guntur,Guntur,Onion,1595.6,1515.82,1675.38,591.9,Rs/quintal,SYNTHETIC_DEMO
2022-10-02,Andhra Pradesh,Guntur,Guntur,Onion,1591.47,1511.89,1671.04,430.2,Rs/quintal,SYNTHETIC_DEMO
2022-10-03,Andhra Pradesh,Guntur,Guntur,Onion,1585.08,1505.83,1664.34,519.1,Rs/quintal,SYNTHETIC_DEMO
2022-10-04,Andhra Pradesh,Guntur,Guntur,Onion,1573.9,1495.21,1652.6,432.2,Rs/quintal,SYNTHETIC_DEMO
2022-10-05,Andhra Pradesh,Guntur,Guntur,Onion,1571.9,1493.3,1650.49,484.9,Rs/quintal,SYNTHETIC_DEMO
2022-10-06,Andhra Pradesh,Guntur,Guntur,Onion,1576.64,1497.81,1655.47,525.7,Rs/quintal,SYNTHETIC_DEMO
2022-10-07,Andhra Pradesh,Guntur,Guntur,Onion,1572.38,1493.76,1651.0,227.3,Rs/quintal,SYNTHETIC_DEMO
2022-10-08,Andhra Pradesh,Guntur,Guntur,Onion,1591.35,1511.78,1670.91,692.9,Rs/quintal,SYNTHETIC_DEMO
2022-10-09,Andhra Pradesh,Guntur,Guntur,Onion,1598.62,1518.69,1678.55,545.3,Rs/quintal,SYNTHETIC_DEMO
2022-10-10,Andhra Pradesh,Guntur,Guntur,Onion,1608.99,1528.54,1689.44,452.3,Rs/quintal,SYNTHETIC_DEMO
2022-10-11,Andhra Pradesh,Guntur,Guntur,Onion,1615.78,1534.99,1696.56,654.2,Rs/quintal,SYNTHETIC_DEMO
2022-10-12,Andhra Pradesh,Guntur,Guntur,Onion,1630.25,1548.74,1711.76,472.2,Rs/quintal,SYNTHETIC_DEMO
2022-10-13,Andhra Pradesh,Guntur,Guntur,Onion,1625.8,1544.51,1707.09,510.6,Rs/quintal,SYNTHETIC_DEMO
2022-10-14,Andhra Pradesh,Guntur,Guntur,Onion,1608.66,1528.22,1689.09,461.0,Rs/quintal,SYNTHETIC_DEMO
2022-10-15,Andhra Pradesh,Guntur,Guntur,Onion,1606.82,1526.48,1687.16,632.2,Rs/quintal,SYNTHETIC_DEMO
2022-10-16,Andhra Pradesh,Guntur,Guntur,Onion,1612.29,1531.67,1692.9,491.6,Rs/quintal,SYNTHETIC_DEMO
2022-10-17,Andhra Pradesh,Guntur,Guntur,Onion,1614.9,1534.16,1695.65,512.0,Rs/quintal,SYNTHETIC_DEMO
2022-10-18,Andhra Pradesh,Guntur,Guntur,Onion,1618.49,1537.57,1699.42,596.3,Rs/quintal,SYNTHETIC_DEMO
2022-10-19,Andhra Pradesh,Guntur,Guntur,Onion,1629.69,1548.2,1711.17,546.8,Rs/quintal,SYNTHETIC_DEMO
2022-10-20,Andhra Pradesh,Guntur,Guntur,Onion,1634.19,1552.48,1715.9,495.7,Rs/quintal,SYNTHETIC_DEMO
2022-10-21,Andhra Pradesh,Guntur,Guntur,Onion,1641.78,1559.69,1723.87,588.8,Rs/quintal,SYNTHETIC_DEMO
2022-10-22,Andhra Pradesh,Guntur,Guntur,Onion,1636.93,1555.08,1718.77,703.1,Rs/quintal,SYNTHETIC_DEMO
2022-10-23,Andhra Pradesh,Guntur,Guntur,Onion,1631.02,1549.47,1712.57,525.4,Rs/quintal,SYNTHETIC_DEMO
2022-10-24,Andhra Pradesh,Guntur,Guntur,Onion,1644.71,1562.47,1726.94,509.3,Rs/quintal,SYNTHETIC_DEMO
2022-10-25,Andhra Pradesh,Guntur,Guntur,Onion,1647.57,1565.19,1729.94,513.7,Rs/quintal,SYNTHETIC_DEMO
2022-10-26,Andhra Pradesh,Guntur,Guntur,Onion,1645.29,1563.02,1727.55,604.8,Rs/quintal,SYNTHETIC_DEMO
2022-10-27,Andhra Pradesh,Guntur,Guntur,Onion,1643.09,1560.94,1725.25,452.1,Rs/quintal,SYNTHETIC_DEMO
2022-10-28,Andhra Pradesh,Guntur,Guntur,Onion,1640.77,1558.73,1722.81,477.7,Rs/quintal,SYNTHETIC_DEMO
2022-10-29,Andhra Pradesh,Guntur,Guntur,Onion,1638.09,1556.19,1720.0,377.0,Rs/quintal,SYNTHETIC_DEMO
2022-10-30,Andhra Pradesh,Guntur,Guntur,Onion,1631.35,1549.78,1712.92,405.3,Rs/quintal,SYNTHETIC_DEMO
2022-10-31,Andhra Pradesh,Guntur,Guntur,Onion,1623.12,1541.96,1704.27,458.6,Rs/quintal,SYNTHETIC_DEMO
2022-11-01,Andhra Pradesh,Guntur,Guntur,Onion,1624.35,1543.13,1705.57,495.5,Rs/quintal,SYNTHETIC_DEMO
2022-11-02,Andhra Pradesh,Guntur,Guntur,Onion,1622.79,1541.65,1703.93,641.5,Rs/quintal,SYNTHETIC_DEMO
2022-11-03,Andhra Pradesh,Guntur,Guntur,Onion,1633.53,1551.86,1715.21,542.9,Rs/quintal,SYNTHETIC_DEMO
2022-11-04,Andhra Pradesh,Guntur,Guntur,Onion,1638.49,1556.56,1720.41,427.0,Rs/quintal,SYNTHETIC_DEMO
2022-11-05,Andhra Pradesh,Guntur,Guntur,Onion,1643.31,1561.14,1725.47,441.8,Rs/quintal,SYNTHETIC_DEMO
2022-11-06,Andhra Pradesh,Guntur,Guntur,Onion,1640.94,1558.89,1722.98,610.0,Rs/quintal,SYNTHETIC_DEMO
2022-11-07,Andhra Pradesh,Guntur,Guntur,Onion,1643.11,1560.95,1725.26,590.1,Rs/quintal,SYNTHETIC_DEMO
2022-11-08,Andhra Pradesh,Guntur,Guntur,Onion,1648.82,1566.37,1731.26,502.3,Rs/quintal,SYNTHETIC_DEMO
2022-11-09,Andhra Pradesh,Guntur,Guntur,Onion,1657.14,1574.29,1740.0,464.6,Rs/quintal,SYNTHETIC_DEMO
2022-11-10,Andhra Pradesh,Guntur,Guntur,Onion,1659.7,1576.72,1742.69,590.0,Rs/quintal,SYNTHETIC_DEMO
2022-11-11,Andhra Pradesh,Guntur,Guntur,Onion,1670.77,1587.23,1754.31,420.5,Rs/quintal,SYNTHETIC_DEMO
2022-11-12,Andhra Pradesh,Guntur,Guntur,Onion,1674.19,1590.48,1757.9,531.4,Rs/quintal,SYNTHETIC_DEMO
2022-11-13,Andhra Pradesh,Guntur,Guntur,Onion,1683.32,1599.15,1767.48,681.8,Rs/quintal,SYNTHETIC_DEMO
2022-11-14,Andhra Pradesh,Guntur,Guntur,Onion,1683.27,1599.11,1767.43,516.4,Rs/quintal,SYNTHETIC_DEMO
2022-11-15,Andhra Pradesh,Guntur,Guntur,Onion,1673.76,1590.07,1757.45,438.0,Rs/quintal,SYNTHETIC_DEMO
2022-11-16,Andhra Pradesh,Guntur,Guntur,Onion,1679.29,1595.32,1763.25,532.8,Rs/quintal,SYNTHETIC_DEMO
2022-11-17,Andhra Pradesh,Guntur,Guntur,Onion,1688.16,1603.75,1772.57,462.4,Rs/quintal,SYNTHETIC_DEMO
2022-11-18,Andhra Pradesh,Guntur,Guntur,Onion,1696.01,1611.21,1780.82,388.5,Rs/quintal,SYNTHETIC_DEMO
2022-11-19,Andhra Pradesh,Guntur,Guntur,Onion,1702.82,1617.68,1787.96,556.1,Rs/quintal,SYNTHETIC_DEMO
2022-11-20,Andhra Pradesh,Guntur,Guntur,Onion,1704.13,1618.92,1789.33,589.4,Rs/quintal,SYNTHETIC_DEMO
2022-11-21,Andhra Pradesh,Guntur,Guntur,Onion,1702.19,1617.08,1787.3,475.1,Rs/quintal,SYNTHETIC_DEMO
2022-11-22,Andhra Pradesh,Guntur,Guntur,Onion,1710.09,1624.58,1795.59,469.8,Rs/quintal,SYNTHETIC_DEMO
2022-11-23,Andhra Pradesh,Guntur,Guntur,Onion,1717.13,1631.27,1802.99,423.1,Rs/quintal,SYNTHETIC_DEMO
2022-11-24,Andhra Pradesh,Guntur,Guntur,Onion,1717.12,1631.26,1802.97,488.0,Rs/quintal,SYNTHETIC_DEMO
2022-11-25,Andhra Pradesh,Guntur,Guntur,Onion,1729.18,1642.72,1815.63,455.0,Rs/quintal,SYNTHETIC_DEMO
2022-11-26,Andhra Pradesh,Guntur,Guntur,Onion,1726.94,1640.59,1813.29,419.1,Rs/quintal,SYNTHETIC_DEMO
2022-11-27,Andhra Pradesh,Guntur,Guntur,Onion,1726.9,1640.56,1813.25,651.4,Rs/quintal,SYNTHETIC_DEMO
2022-11-28,Andhra Pradesh,Guntur,Guntur,Onion,1742.9,1655.75,1830.04,537.3,Rs/quintal,SYNTHETIC_DEMO
2022-11-29,Andhra Pradesh,Guntur,Guntur,Onion,1753.41,1665.74,1841.08,545.8,Rs/quintal,SYNTHETIC_DEMO
2022-11-30,Andhra Pradesh,Guntur,Guntur,Onion,1755.13,1667.37,1842.89,570.7,Rs/quintal,SYNTHETIC_DEMO
2022-12-01,Andhra Pradesh,Guntur,Guntur,Onion,1761.54,1673.46,1849.62,561.7,Rs/quintal,SYNTHETIC_DEMO
2022-12-02,Andhra Pradesh,Guntur,Guntur,Onion,1767.04,1678.69,1855.39,467.0,Rs/quintal,SYNTHETIC_DEMO
2022-12-03,Andhra Pradesh,Guntur,Guntur,Onion,1751.69,1664.11,1839.27,521.8,Rs/quintal,SYNTHETIC_DEMO
2022-12-04,Andhra Pradesh,Guntur,Guntur,Onion,1749.62,1662.14,1837.1,478.5,Rs/quintal,SYNTHETIC_DEMO
2022-12-05,Andhra Pradesh,Guntur,Guntur,Onion,1753.75,1666.07,1841.44,535.1,Rs/quintal,SYNTHETIC_DEMO
2022-12-06,Andhra Pradesh,Guntur,Guntur,Onion,1755.72,1667.93,1843.5,527.3,Rs/quintal,SYNTHETIC_DEMO
2022-12-07,Andhra Pradesh,Guntur,Guntur,Onion,1762.06,1673.96,1850.17,469.4,Rs/quintal,SYNTHETIC_DEMO
2022-12-08,Andhra Pradesh,Guntur,Guntur,Onion,1774.8,1686.06,1863.54,393.7,Rs/quintal,SYNTHETIC_DEMO
2022-12-09,Andhra Pradesh,Guntur,Guntur,Onion,1777.11,1688.26,1865.97,511.7,Rs/quintal,SYNTHETIC_DEMO
2022-12-10,Andhra Pradesh,Guntur,Guntur,Onion,1774.16,1685.46,1862.87,483.7,Rs/quintal,SYNTHETIC_DEMO
2022-12-11,Andhra Pradesh,Guntur,Guntur,Onion,1781.2,1692.14,1870.25,348.8,Rs/quintal,SYNTHETIC_DEMO
2022-12-12,Andhra Pradesh,Guntur,Guntur,Onion,1783.56,1694.39,1872.74,540.6,Rs/quintal,SYNTHETIC_DEMO
2022-12-13,Andhra Pradesh,Guntur,Guntur,Onion,1787.19,1697.83,1876.55,577.2,Rs/quintal,SYNTHETIC_DEMO
2022-12-14,Andhra Pradesh,Guntur,Guntur,Onion,1789.86,1700.37,1879.36,702.3,Rs/quintal,SYNTHETIC_DEMO
2022-12-15,Andhra Pradesh,Guntur,Guntur,Onion,1810.8,1720.26,1901.34,468.7,Rs/quintal,SYNTHETIC_DEMO
2022-12-16,Andhra Pradesh,Guntur,Guntur,Onion,1799.49,1709.52,1889.47,456.9,Rs/quintal,SYNTHETIC_DEMO
2022-12-17,Andhra Pradesh,Guntur,Guntur,Onion,1801.54,1711.46,1891.62,411.2,Rs/quintal,SYNTHETIC_DEMO
2022-12-18,Andhra Pradesh,Guntur,Guntur,Onion,1806.38,1716.06,1896.69,516.7,Rs/quintal,SYNTHETIC_DEMO
2022-12-19,Andhra Pradesh,Guntur,Guntur,Onion,1805.63,1715.35,1895.92,516.2,Rs/quintal,SYNTHETIC_DEMO
2022-12-20,Andhra Pradesh,Guntur,Guntur,Onion,1817.01,1726.16,1907.86,435.1,Rs/quintal,SYNTHETIC_DEMO
2022-12-21,Andhra Pradesh,Guntur,Guntur,Onion,1827.79,1736.4,1919.18,486.0,Rs/quintal,SYNTHETIC_DEMO
2022-12-22,Andhra Pradesh,Guntur,Guntur,Onion,1832.37,1740.76,1923.99,341.7,Rs/quintal,SYNTHETIC_DEMO
2022-12-23,Andhra Pradesh,Guntur,Guntur,Onion,1835.37,1743.6,1927.14,574.1,Rs/quintal,SYNTHETIC_DEMO
2022-12-24,Andhra Pradesh,Guntur,Guntur,Onion,1839.52,1747.55,1931.5,438.3,Rs/quintal,SYNTHETIC_DEMO
2022-12-25,Andhra Pradesh,Guntur,Guntur,Onion,1843.74,1751.55,1935.92,497.2,Rs/quintal,SYNTHETIC_DEMO
2022-12-26,Andhra Pradesh,Guntur,Guntur,Onion,1848.15,1755.74,1940.56,385.9,Rs/quintal,SYNTHETIC_DEMO
2022-12-27,Andhra Pradesh,Guntur,Guntur,Onion,1851.79,1759.2,1944.37,453.4,Rs/quintal,SYNTHETIC_DEMO
2022-12-28,Andhra Pradesh,Guntur,Guntur,Onion,1858.6,1765.67,1951.53,477.6,Rs/quintal,SYNTHETIC_DEMO
2022-12-29,Andhra Pradesh,Guntur,Guntur,Onion,1869.02,1775.57,1962.47,499.1,Rs/quintal,SYNTHETIC_DEMO
2022-12-30,Andhra Pradesh,Guntur,Guntur,Onion,1865.17,1771.91,1958.42,538.4,Rs/quintal,SYNTHETIC_DEMO
2022-12-31,Andhra Pradesh,Guntur,Guntur,Onion,1862.61,1769.48,1955.74,615.1,Rs/quintal,SYNTHETIC_DEMO
2023-01-01,Andhra Pradesh,Guntur,Guntur,Onion,1855.02,1762.27,1947.78,558.6,Rs/quintal,SYNTHETIC_DEMO
2023-01-02,Andhra Pradesh,Guntur,Guntur,Onion,1866.27,1772.96,1959.58,577.0,Rs/quintal,SYNTHETIC_DEMO
2023-01-03,Andhra Pradesh,Guntur,Guntur,Onion,1873.08,1779.43,1966.73,615.7,Rs/quintal,SYNTHETIC_DEMO
2023-01-04,Andhra Pradesh,Guntur,Guntur,Onion,1881.72,1787.63,1975.81,545.6,Rs/quintal,SYNTHETIC_DEMO
2023-01-05,Andhra Pradesh,Guntur,Guntur,Onion,1876.43,1782.61,1970.25,497.1,Rs/quintal,SYNTHETIC_DEMO
2023-01-06,Andhra Pradesh,Guntur,Guntur,Onion,1894.27,1799.56,1988.99,580.7,Rs/quintal,SYNTHETIC_DEMO
2023-01-07,Andhra Pradesh,Guntur,Guntur,Onion,1894.88,1800.13,1989.62,585.8,Rs/quintal,SYNTHETIC_DEMO
2023-01-08,Andhra Pradesh,Guntur,Guntur,Onion,1901.07,1806.01,1996.12,551.9,Rs/quintal,SYNTHETIC_DEMO
2023-01-09,Andhra Pradesh,Guntur,Guntur,Onion,1912.19,1816.58,2007.8,383.6,Rs/quintal,SYNTHETIC_DEMO
2023-01-10,Andhra Pradesh,Guntur,Guntur,Onion,1910.04,1814.54,2005.54,432.7,Rs/quintal,SYNTHETIC_DEMO
2023-01-11,Andhra Pradesh,Guntur,Guntur,Onion,1911.05,1815.5,2006.6,478.0,Rs/quintal,SYNTHETIC_DEMO
2023-01-12,Andhra Pradesh,Guntur,Guntur,Onion,1917.27,1821.41,2013.14,562.4,Rs/quintal,SYNTHETIC_DEMO
2023-01-13,Andhra Pradesh,Guntur,Guntur,Onion,1942.76,1845.63,2039.9,498.3,Rs/quintal,SYNTHETIC_DEMO
2023-01-14,Andhra Pradesh,Guntur,Guntur,Onion,1949.83,1852.34,2047.32,590.9,Rs/quintal,SYNTHETIC_DEMO
2023-01-15,Andhra Pradesh,Guntur,Guntur,Onion,1966.28,1867.97,2064.59,605.2,Rs/quintal,SYNTHETIC_DEMO
2023-01-16,Andhra Pradesh,Guntur,Guntur,Onion,1979.83,1880.83,2078.82,595.9,Rs/quintal,SYNTHETIC_DEMO
2023-01-17,Andhra Pradesh,Guntur,Guntur,Onion,1987.32,1887.95,2086.68,596.4,Rs/quintal,SYNTHETIC_DEMO
2023-01-18,Andhra Pradesh,Guntur,Guntur,Onion,1985.02,1885.77,2084.27,417.0,Rs/quintal,SYNTHETIC_DEMO
2023-01-19,Andhra Pradesh,Guntur,Guntur,Onion,1997.45,1897.57,2097.32,538.6,Rs/quintal,SYNTHETIC_DEMO
2023-01-20,Andhra Pradesh,Guntur,Guntur,Onion,1991.43,1891.86,2091.01,451.4,Rs/quintal,SYNTHETIC_DEMO
2023-01-21,Andhra Pradesh,Guntur,Guntur,Onion,2007.71,1907.32,2108.09,368.1,Rs/quintal,SYNTHETIC_DEMO
2023-01-22,Andhra Pradesh,Guntur,Guntur,Onion,2013.87,1913.18,2114.56,477.0,Rs/quintal,SYNTHETIC_DEMO
2023-01-23,Andhra Pradesh,Guntur,Guntur,Onion,1999.48,1899.51,2099.46,606.0,Rs/quintal,SYNTHETIC_DEMO
2023-01-24,Andhra Pradesh,Guntur,Guntur,Onion,2001.69,1901.61,2101.78,536.9,Rs/quintal,SYNTHETIC_DEMO
2023-01-25,Andhra Pradesh,Guntur,Guntur,Onion,2011.03,1910.48,2111.59,661.4,Rs/quintal,SYNTHETIC_DEMO
2023-01-26,Andhra Pradesh,Guntur,Guntur,Onion,2013.93,1913.23,2114.63,514.2,Rs/quintal,SYNTHETIC_DEMO
2023-01-27,Andhra Pradesh,Guntur,Guntur,Onion,2023.64,1922.46,2124.83,695.8,Rs/quintal,SYNTHETIC_DEMO
2023-01-28,Andhra Pradesh,Guntur,Guntur,Onion,2022.06,1920.95,2123.16,514.2,Rs/quintal,SYNTHETIC_DEMO
2023-01-29,Andhra Pradesh,Guntur,Guntur,Onion,2017.15,1916.29,2118.01,501.8,Rs/quintal,SYNTHETIC_DEMO
2023-01-30,Andhra Pradesh,Guntur,Guntur,Onion,2021.09,1920.04,2122.15,397.6,Rs/quintal,SYNTHETIC_DEMO
2023-01-31,Andhra Pradesh,Guntur,Guntur,Onion,2025.74,1924.46,2127.03,588.8,Rs/quintal,SYNTHETIC_DEMO
2023-02-01,Andhra Pradesh,Guntur,Guntur,Onion,2027.62,1926.24,2129.0,459.8,Rs/quintal,SYNTHETIC_DEMO
2023-02-02,Andhra Pradesh,Guntur,Guntur,Onion,2040.79,1938.75,2142.83,448.2,Rs/quintal,SYNTHETIC_DEMO
2023-02-03,Andhra Pradesh,Guntur,Guntur,Onion,2038.97,1937.02,2140.92,602.5,Rs/quintal,SYNTHETIC_DEMO
2023-02-04,Andhra Pradesh,Guntur,Guntur,Onion,2045.48,1943.21,2147.76,592.7,Rs/quintal,SYNTHETIC_DEMO
2023-02-05,Andhra Pradesh,Guntur,Guntur,Onion,2050.18,1947.68,2152.69,590.6,Rs/quintal,SYNTHETIC_DEMO
2023-02-06,Andhra Pradesh,Guntur,Guntur,Onion,2043.14,1940.99,2145.3,471.0,Rs/quintal,SYNTHETIC_DEMO
2023-02-07,Andhra Pradesh,Guntur,Guntur,Onion,2037.77,1935.88,2139.65,495.9,Rs/quintal,SYNTHETIC_DEMO
2023-02-08,Andhra Pradesh,Guntur,Guntur,Onion,2041.92,1939.83,2144.02,495.2,Rs/quintal,SYNTHETIC_DEMO
2023-02-09,Andhra Pradesh,Guntur,Guntur,Onion,2060.21,1957.2,2163.22,562.6,Rs/quintal,SYNTHETIC_DEMO
2023-02-10,Andhra Pradesh,Guntur,Guntur,Onion,2068.36,1964.94,2171.78,624.3,Rs/quintal,SYNTHETIC_DEMO
2023-02-11,Andhra Pradesh,Guntur,Guntur,Onion,2059.86,1956.86,2162.85,529.5,Rs/quintal,SYNTHETIC_DEMO
2023-02-12,Andhra Pradesh,Guntur,Guntur,Onion,2041.33,1939.27,2143.4,658.0,Rs/quintal,SYNTHETIC_DEMO
2023-02-13,Andhra Pradesh,Guntur,Guntur,Onion,2050.43,1947.91,2152.95,571.8,Rs/quintal,SYNTHETIC_DEMO
2023-02-14,Andhra Pradesh,Guntur,Guntur,Onion,2053.5,1950.83,2156.18,481.2,Rs/quintal,SYNTHETIC_DEMO
2023-02-15,Andhra Pradesh,Guntur,Guntur,Onion,2065.43,1962.16,2168.7,566.3,Rs/quintal,SYNTHETIC_DEMO
2023-02-16,Andhra Pradesh,Guntur,Guntur,Onion,2062.74,1959.6,2165.88,636.5,Rs/quintal,SYNTHETIC_DEMO
2023-02-17,Andhra Pradesh,Guntur,Guntur,Onion,2068.86,1965.41,2172.3,659.9,Rs/quintal,SYNTHETIC_DEMO
2023-02-18,Andhra Pradesh,Guntur,Guntur,Onion,2078.49,1974.56,2182.41,595.0,Rs/quintal,SYNTHETIC_DEMO
2023-02-19,Andhra Pradesh,Guntur,Guntur,Onion,2078.75,1974.81,2182.68,502.1,Rs/quintal,SYNTHETIC_DEMO
2023-02-20,Andhra Pradesh,Guntur,Guntur,Onion,2079.1,1975.14,2183.05,482.7,Rs/quintal,SYNTHETIC_DEMO
2023-02-21,Andhra Pradesh,Guntur,Guntur,Onion,2082.64,1978.51,2186.77,546.1,Rs/quintal,SYNTHETIC_DEMO
2023-02-22,Andhra Pradesh,Guntur,Guntur,Onion,2089.85,1985.35,2194.34,633.9,Rs/quintal,SYNTHETIC_DEMO
2023-02-23,Andhra Pradesh,Guntur,Guntur,Onion,2092.98,1988.33,2197.63,534.7,Rs/quintal,SYNTHETIC_DEMO
2023-02-24,Andhra Pradesh,Guntur,Guntur,Onion,2103.16,1998.0,2208.32,536.4,Rs/quintal,SYNTHETIC_DEMO
2023-02-25,Andhra Pradesh,Guntur,Guntur,Onion,2102.94,1997.8,2208.09,504.1,Rs/quintal,SYNTHETIC_DEMO
2023-02-26,Andhra Pradesh,Guntur,Guntur,Onion,2096.42,1991.6,2201.24,473.8,Rs/quintal,SYNTHETIC_DEMO
2023-02-27,Andhra Pradesh,Guntur,Guntur,Onion,2113.63,2007.95,2219.32,487.0,Rs/quintal,SYNTHETIC_DEMO
2023-02-28,Andhra Pradesh,Guntur,Guntur,Onion,2112.19,2006.58,2217.8,510.8,Rs/quintal,SYNTHETIC_DEMO
2023-03-01,Andhra Pradesh,Guntur,Guntur,Onion,2110.94,2005.4,2216.49,637.4,Rs/quintal,SYNTHETIC_DEMO
2023-03-02,Andhra Pradesh,Guntur,Guntur,Onion,2113.25,2007.58,2218.91,480.8,Rs/quintal,SYNTHETIC_DEMO
2023-03-03,Andhra Pradesh,Guntur,Guntur,Onion,2116.44,2010.61,2222.26,504.2,Rs/quintal,SYNTHETIC_DEMO
2023-03-04,Andhra Pradesh,Guntur,Guntur,Onion,2116.29,2010.47,2222.1,430.8,Rs/quintal,SYNTHETIC_DEMO
2023-03-05,Andhra Pradesh,Guntur,Guntur,Onion,2118.73,2012.79,2224.67,557.3,Rs/quintal,SYNTHETIC_DEMO
2023-03-06,Andhra Pradesh,Guntur,Guntur,Onion,2120.94,2014.89,2226.99,609.3,Rs/quintal,SYNTHETIC_DEMO
2023-03-07,Andhra Pradesh,Guntur,Guntur,Onion,2124.63,2018.39,2230.86,630.0,Rs/quintal,SYNTHETIC_DEMO
2023-03-08,Andhra Pradesh,Guntur,Guntur,Onion,2110.01,2004.5,2215.51,516.3,Rs/quintal,SYNTHETIC_DEMO
2023-03-09,Andhra Pradesh,Guntur,Guntur,Onion,2125.83,2019.54,2232.12,545.9,Rs/quintal,SYNTHETIC_DEMO
2023-03-10,Andhra Pradesh,Guntur,Guntur,Onion,2126.98,2020.63,2233.32,487.7,Rs/quintal,SYNTHETIC_DEMO
2023-03-11,Andhra Pradesh,Guntur,Guntur,Onion,2133.29,2026.63,2239.95,542.2,Rs/quintal,SYNTHETIC_DEMO
2023-03-12,Andhra Pradesh,Guntur,Guntur,Onion,2125.43,2019.16,2231.7,525.1,Rs/quintal,SYNTHETIC_DEMO
2023-03-13,Andhra Pradesh,Guntur,Guntur,Onion,2124.02,2017.82,2230.22,504.7,Rs/quintal,SYNTHETIC_DEMO
2023-03-14,Andhra Pradesh,Guntur,Guntur,Onion,2121.09,2015.04,2227.14,511.0,Rs/quintal,SYNTHETIC_DEMO
2023-03-15,Andhra Pradesh,Guntur,Guntur,Onion,2133.51,2026.83,2240.18,536.2,Rs/quintal,SYNTHETIC_DEMO
2023-03-16,Andhra Pradesh,Guntur,Guntur,Onion,2131.05,2024.49,2237.6,476.5,Rs/quintal,SYNTHETIC_DEMO
2023-03-17,Andhra Pradesh,Guntur,Guntur,Onion,2138.19,2031.28,2245.1,480.6,Rs/quintal,SYNTHETIC_DEMO
2023-03-18,Andhra Pradesh,Guntur,Guntur,Onion,2135.11,2028.35,2241.86,636.6,Rs/quintal,SYNTHETIC_DEMO
2023-03-19,Andhra Pradesh,Guntur,Guntur,Onion,2133.38,2026.71,2240.05,716.8,Rs/quintal,SYNTHETIC_DEMO
2023-03-20,Andhra Pradesh,Guntur,Guntur,Onion,2133.06,2026.41,2239.71,403.7,Rs/quintal,SYNTHETIC_DEMO
2023-03-21,Andhra Pradesh,Guntur,Guntur,Onion,2143.67,2036.49,2250.86,399.2,Rs/quintal,SYNTHETIC_DEMO
2023-03-22,Andhra Pradesh,Guntur,Guntur,Onion,2131.36,2024.79,2237.93,423.4,Rs/quintal,SYNTHETIC_DEMO
2023-03-23,Andhra Pradesh,Guntur,Guntur,Onion,2123.1,2016.95,2229.26,491.7,Rs/quintal,SYNTHETIC_DEMO
2023-03-24,Andhra Pradesh,Guntur,Guntur,Onion,2110.22,2004.71,2215.73,571.7,Rs/quintal,SYNTHETIC_DEMO
2023-03-25,Andhra Pradesh,Guntur,Guntur,Onion,2103.45,1998.27,2208.62,547.3,Rs/quintal,SYNTHETIC_DEMO
2023-03-26,Andhra Pradesh,Guntur,Guntur,Onion,2098.58,1993.65,2203.51,513.8,Rs/quintal,SYNTHETIC_DEMO
2023-03-27,Andhra Pradesh,Guntur,Guntur,Onion,2087.86,1983.46,2192.25,542.3,Rs/quintal,SYNTHETIC_DEMO
2023-03-28,Andhra Pradesh,Guntur,Guntur,Onion,2083.39,1979.22,2187.56,444.6,Rs/quintal,SYNTHETIC_DEMO
2023-03-29,Andhra Pradesh,Guntur,Guntur,Onion,2069.62,1966.14,2173.1,480.5,Rs/quintal,SYNTHETIC_DEMO
2023-03-30,Andhra Pradesh,Guntur,Guntur,Onion,2062.95,1959.81,2166.1,498.4,Rs/quintal,SYNTHETIC_DEMO
2023-03-31,Andhra Pradesh,Guntur,Guntur,Onion,2072.18,1968.57,2175.79,373.3,Rs/quintal,SYNTHETIC_DEMO
2023-04-01,Andhra Pradesh,Guntur,Guntur,Onion,2075.58,1971.8,2179.36,407.1,Rs/quintal,SYNTHETIC_DEMO
2023-04-02,Andhra Pradesh,Guntur,Guntur,Onion,2077.35,1973.48,2181.22,410.3,Rs/quintal,SYNTHETIC_DEMO
2023-04-03,Andhra Pradesh,Guntur,Guntur,Onion,2070.47,1966.95,2174.0,561.1,Rs/quintal,SYNTHETIC_DEMO
2023-04-04,Andhra Pradesh,Guntur,Guntur,Onion,2059.67,1956.69,2162.66,519.6,Rs/quintal,SYNTHETIC_DEMO
2023-04-05,Andhra Pradesh,Guntur,Guntur,Onion,2051.65,1949.07,2154.23,548.9,Rs/quintal,SYNTHETIC_DEMO
2023-04-06,Andhra Pradesh,Guntur,Guntur,Onion,2051.44,1948.87,2154.01,352.8,Rs/quintal,SYNTHETIC_DEMO
2023-04-07,Andhra Pradesh,Guntur,Guntur,Onion,2057.71,1954.83,2160.6,381.3,Rs/quintal,SYNTHETIC_DEMO
2023-04-08,Andhra Pradesh,Guntur,Guntur,Onion,2064.15,1960.94,2167.36,553.1,Rs/quintal,SYNTHETIC_DEMO
2023-04-09,Andhra Pradesh,Guntur,Guntur,Onion,2068.55,1965.12,2171.98,277.7,Rs/quintal,SYNTHETIC_DEMO
2023-04-10,Andhra Pradesh,Guntur,Guntur,Onion,2063.02,1959.87,2166.17,598.0,Rs/quintal,SYNTHETIC_DEMO
2023-04-11,Andhra Pradesh,Guntur,Guntur,Onion,2062.9,1959.75,2166.04,354.1,Rs/quintal,SYNTHETIC_DEMO
2023-04-12,Andhra Pradesh,Guntur,Guntur,Onion,2060.21,1957.2,2163.22,567.5,Rs/quintal,SYNTHETIC_DEMO
2023-04-13,Andhra Pradesh,Guntur,Guntur,Onion,2058.3,1955.39,2161.22,428.9,Rs/quintal,SYNTHETIC_DEMO
2023-04-14,Andhra Pradesh,Guntur,Guntur,Onion,2072.44,1968.82,2176.06,583.9,Rs/quintal,SYNTHETIC_DEMO
2023-04-15,Andhra Pradesh,Guntur,Guntur,Onion,2059.14,1956.18,2162.1,756.7,Rs/quintal,SYNTHETIC_DEMO
2023-04-16,Andhra Pradesh,Guntur,Guntur,Onion,2056.76,1953.92,2159.6,318.1,Rs/quintal,SYNTHETIC_DEMO
2023-04-17,Andhra Pradesh,Guntur,Guntur,Onion,2064.71,1961.48,2167.95,555.6,Rs/quintal,SYNTHETIC_DEMO
2023-04-18,Andhra Pradesh,Guntur,Guntur,Onion,2053.31,1950.65,2155.98,355.3,Rs/quintal,SYNTHETIC_DEMO
2023-04-19,Andhra Pradesh,Guntur,Guntur,Onion,2047.75,1945.37,2150.14,534.1,Rs/quintal,SYNTHETIC_DEMO
2023-04-20,Andhra Pradesh,Guntur,Guntur,Onion,2042.95,1940.8,2145.09,483.5,Rs/quintal,SYNTHETIC_DEMO
2023-04-21,Andhra Pradesh,Guntur,Guntur,Onion,2040.26,1938.25,2142.27,510.4,Rs/quintal,SYNTHETIC_DEMO
2023-04-22,Andhra Pradesh,Guntur,Guntur,Onion,2027.62,1926.24,2129.0,427.1,Rs/quintal,SYNTHETIC_DEMO
2023-04-23,Andhra Pradesh,Guntur,Guntur,Onion,2030.68,1929.14,2132.21,562.4,Rs/quintal,SYNTHETIC_DEMO
2023-04-24,Andhra Pradesh,Guntur,Guntur,Onion,2034.17,1932.46,2135.88,384.1,Rs/quintal,SYNTHETIC_DEMO
2023-04-25,Andhra Pradesh,Guntur,Guntur,Onion,2036.46,1934.63,2138.28,599.3,Rs/quintal,SYNTHETIC_DEMO
2023-04-26,Andhra Pradesh,Guntur,Guntur,Onion,2028.74,1927.3,2130.17,467.3,Rs/quintal,SYNTHETIC_DEMO
2023-04-27,Andhra Pradesh,Guntur,Guntur,Onion,2027.84,1926.44,2129.23,387.8,Rs/quintal,SYNTHETIC_DEMO
2023-04-28,Andhra Pradesh,Guntur,Guntur,Onion,2019.76,1918.77,2120.75,627.6,Rs/quintal,SYNTHETIC_DEMO
2023-04-29,Andhra Pradesh,Guntur,Guntur,Onion,2015.7,1914.91,2116.48,494.6,Rs/quintal,SYNTHETIC_DEMO
2023-04-30,Andhra Pradesh,Guntur,Guntur,Onion,2029.46,1927.99,2130.94,652.6,Rs/quintal,SYNTHETIC_DEMO
2023-05-01,Andhra Pradesh,Guntur,Guntur,Onion,2028.34,1926.92,2129.76,597.7,Rs/quintal,SYNTHETIC_DEMO
2023-05-02,Andhra Pradesh,Guntur,Guntur,Onion,2017.91,1917.01,2118.8,436.1,Rs/quintal,SYNTHETIC_DEMO
2023-05-03,Andhra Pradesh,Guntur,Guntur,Onion,2017.25,1916.39,2118.12,493.2,Rs/quintal,SYNTHETIC_DEMO
2023-05-04,Andhra Pradesh,Guntur,Guntur,Onion,2005.5,1905.22,2105.77,509.7,Rs/quintal,SYNTHETIC_DEMO
2023-05-05,Andhra Pradesh,Guntur,Guntur,Onion,1994.78,1895.04,2094.51,622.1,Rs/quintal,SYNTHETIC_DEMO
2023-05-06,Andhra Pradesh,Guntur,Guntur,Onion,1985.12,1885.87,2084.38,535.0,Rs/quintal,SYNTHETIC_DEMO
2023-05-07,Andhra Pradesh,Guntur,Guntur,Onion,1979.7,1880.71,2078.68,514.1,Rs/quintal,SYNTHETIC_DEMO
2023-05-08,Andhra Pradesh,Guntur,Guntur,Onion,1984.16,1884.95,2083.36,484.0,Rs/quintal,SYNTHETIC_DEMO
2023-05-09,Andhra Pradesh,Guntur,Guntur,Onion,1985.96,1886.67,2085.26,496.0,Rs/quintal,SYNTHETIC_DEMO
2023-05-10,Andhra Pradesh,Guntur,Guntur,Onion,1987.31,1887.94,2086.67,604.4,Rs/quintal,SYNTHETIC_DEMO
2023-05-11,Andhra Pradesh,Guntur,Guntur,Onion,1976.91,1878.07,2075.76,500.3,Rs/quintal,SYNTHETIC_DEMO
2023-05-12,Andhra Pradesh,Guntur,Guntur,Onion,1970.47,1871.95,2068.99,468.4,Rs/quintal,SYNTHETIC_DEMO
2023-05-13,Andhra Pradesh,Guntur,Guntur,Onion,1969.82,1871.33,2068.31,454.8,Rs/quintal,SYNTHETIC_DEMO
2023-05-14,Andhra Pradesh,Guntur,Guntur,Onion,1962.62,1864.49,2060.76,455.7,Rs/quintal,SYNTHETIC_DEMO
2023-05-15,Andhra Pradesh,Guntur,Guntur,Onion,1957.89,1860.0,2055.78,387.8,Rs/quintal,SYNTHETIC_DEMO
2023-05-16,Andhra Pradesh,Guntur,Guntur,Onion,1958.28,1860.36,2056.19,440.0,Rs/quintal,SYNTHETIC_DEMO
2023-05-17,Andhra Pradesh,Guntur,Guntur,Onion,1952.92,1855.27,2050.57,619.9,Rs/quintal,SYNTHETIC_DEMO
2023-05-18,Andhra Pradesh,Guntur,Guntur,Onion,1951.64,1854.06,2049.22,483.5,Rs/quintal,SYNTHETIC_DEMO
2023-05-19,Andhra Pradesh,Guntur,Guntur,Onion,1960.15,1862.14,2058.16,556.4,Rs/quintal,SYNTHETIC_DEMO
2023-05-20,Andhra Pradesh,Guntur,Guntur,Onion,1955.89,1858.1,2053.69,301.7,Rs/quintal,SYNTHETIC_DEMO
2023-05-21,Andhra Pradesh,Guntur,Guntur,Onion,1961.31,1863.25,2059.38,545.5,Rs/quintal,SYNTHETIC_DEMO
2023-05-22,Andhra Pradesh,Guntur,Guntur,Onion,1962.22,1864.1,2060.33,487.1,Rs/quintal,SYNTHETIC_DEMO
2023-05-23,Andhra Pradesh,Guntur,Guntur,Onion,1948.47,1851.05,2045.9,461.5,Rs/quintal,SYNTHETIC_DEMO
2023-05-24,Andhra Pradesh,Guntur,Guntur,Onion,1937.31,1840.44,2034.18,514.5,Rs/quintal,SYNTHETIC_DEMO
2023-05-25,Andhra Pradesh,Guntur,Guntur,Onion,1928.03,1831.63,2024.43,460.3,Rs/quintal,SYNTHETIC_DEMO
2023-05-26,Andhra Pradesh,Guntur,Guntur,Onion,1918.55,1822.62,2014.47,330.1,Rs/quintal,SYNTHETIC_DEMO
2023-05-27,Andhra Pradesh,Guntur,Guntur,Onion,1914.52,1818.79,2010.25,573.8,Rs/quintal,SYNTHETIC_DEMO
2023-05-28,Andhra Pradesh,Guntur,Guntur,Onion,1915.52,1819.75,2011.3,519.4,Rs/quintal,SYNTHETIC_DEMO
2023-05-29,Andhra Pradesh,Guntur,Guntur,Onion,1921.09,1825.03,2017.14,474.9,Rs/quintal,SYNTHETIC_DEMO
2023-05-30,Andhra Pradesh,Guntur,Guntur,Onion,1919.79,1823.8,2015.78,422.7,Rs/quintal,SYNTHETIC_DEMO
2023-05-31,Andhra Pradesh,Guntur,Guntur,Onion,1913.03,1817.38,2008.68,382.4,Rs/quintal,SYNTHETIC_DEMO
2023-06-01,Andhra Pradesh,Guntur,Guntur,Onion,1894.43,1799.71,1989.16,517.9,Rs/quintal,SYNTHETIC_DEMO
2023-06-02,Andhra Pradesh,Guntur,Guntur,Onion,1891.3,1796.74,1985.87,629.1,Rs/quintal,SYNTHETIC_DEMO
2023-06-03,Andhra Pradesh,Guntur,Guntur,Onion,1887.81,1793.41,1982.2,516.3,Rs/quintal,SYNTHETIC_DEMO
2023-06-04,Andhra Pradesh,Guntur,Guntur,Onion,1885.4,1791.13,1979.67,389.4,Rs/quintal,SYNTHETIC_DEMO
2023-06-05,Andhra Pradesh,Guntur,Guntur,Onion,1896.81,1801.97,1991.65,518.0,Rs/quintal,SYNTHETIC_DEMO
2023-06-06,Andhra Pradesh,Guntur,Guntur,Onion,1901.95,1806.85,1997.04,495.7,Rs/quintal,SYNTHETIC_DEMO
2023-06-07,Andhra Pradesh,Guntur,Guntur,Onion,1903.77,1808.58,1998.96,569.1,Rs/quintal,SYNTHETIC_DEMO
2023-06-08,Andhra Pradesh,Guntur,Guntur,Onion,1892.98,1798.33,1987.63,548.5,Rs/quintal,SYNTHETIC_DEMO
2023-06-09,Andhra Pradesh,Guntur,Guntur,Onion,1885.39,1791.12,1979.66,261.1,Rs/quintal,SYNTHETIC_DEMO
2023-06-10,Andhra Pradesh,Guntur,Guntur,Onion,1880.78,1786.74,1974.81,543.6,Rs/quintal,SYNTHETIC_DEMO
2023-06-11,Andhra Pradesh,Guntur,Guntur,Onion,1871.23,1777.67,1964.8,419.7,Rs/quintal,SYNTHETIC_DEMO
2023-06-12,Andhra Pradesh,Guntur,Guntur,Onion,1870.85,1777.31,1964.39,386.3,Rs/quintal,SYNTHETIC_DEMO
2023-06-13,Andhra Pradesh,Guntur,Guntur,Onion,1869.41,1775.93,1962.88,484.9,Rs/quintal,SYNTHETIC_DEMO
2023-06-14,Andhra Pradesh,Guntur,Guntur,Onion,1857.53,1764.65,1950.4,532.9,Rs/quintal,SYNTHETIC_DEMO
2023-06-15,Andhra Pradesh,Guntur,Guntur,Onion,1862.08,1768.97,1955.18,368.7,Rs/quintal,SYNTHETIC_DEMO
2023-06-16,Andhra Pradesh,Guntur,Guntur,Onion,1858.73,1765.79,1951.66,556.4,Rs/quintal,SYNTHETIC_DEMO
2023-06-17,Andhra Pradesh,Guntur,Guntur,Onion,1842.16,1750.06,1934.27,561.1,Rs/quintal,SYNTHETIC_DEMO
2023-06-18,Andhra Pradesh,Guntur,Guntur,Onion,1837.66,1745.78,1929.54,503.8,Rs/quintal,SYNTHETIC_DEMO
2023-06-19,Andhra Pradesh,Guntur,Guntur,Onion,1835.53,1743.75,1927.31,430.6,Rs/quintal,SYNTHETIC_DEMO
2023-06-20,Andhra Pradesh,Guntur,Guntur,Onion,1838.36,1746.45,1930.28,421.6,Rs/quintal,SYNTHETIC_DEMO
2023-06-21,Andhra Pradesh,Guntur,Guntur,Onion,1831.74,1740.16,1923.33,582.1,Rs/quintal,SYNTHETIC_DEMO
2023-06-22,Andhra Pradesh,Guntur,Guntur,Onion,1833.5,1741.83,1925.18,379.1,Rs/quintal,SYNTHETIC_DEMO
2023-06-23,Andhra Pradesh,Guntur,Guntur,Onion,1830.63,1739.1,1922.16,585.2,Rs/quintal,SYNTHETIC_DEMO
2023-06-24,Andhra Pradesh,Guntur,Guntur,Onion,1816.93,1726.08,1907.78,486.8,Rs/quintal,SYNTHETIC_DEMO
2023-06-25,Andhra Pradesh,Guntur,Guntur,Onion,1802.5,1712.37,1892.62,492.3,Rs/quintal,SYNTHETIC_DEMO
2023-06-26,Andhra Pradesh,Guntur,Guntur,Onion,1806.32,1716.01,1896.64,363.4,Rs/quintal,SYNTHETIC_DEMO
2023-06-27,Andhra Pradesh,Guntur,Guntur,Onion,1810.67,1720.14,1901.21,488.3,Rs/quintal,SYNTHETIC_DEMO
2023-06-28,Andhra Pradesh,Guntur,Guntur,Onion,1808.73,1718.29,1899.16,549.1,Rs/quintal,SYNTHETIC_DEMO
2023-06-29,Andhra Pradesh,Guntur,Guntur,Onion,1815.22,1724.46,1905.98,393.1,Rs/quintal,SYNTHETIC_DEMO
2023-06-30,Andhra Pradesh,Guntur,Guntur,Onion,1818.54,1727.62,1909.47,539.9,Rs/quintal,SYNTHETIC_DEMO
2023-07-01,Andhra Pradesh,Guntur,Guntur,Onion,1819.18,1728.22,1910.14,507.1,Rs/quintal,SYNTHETIC_DEMO
2023-07-02,Andhra Pradesh,Guntur,Guntur,Onion,1808.33,1717.92,1898.75,448.5,Rs/quintal,SYNTHETIC_DEMO
2023-07-03,Andhra Pradesh,Guntur,Guntur,Onion,1816.51,1725.69,1907.34,568.4,Rs/quintal,SYNTHETIC_DEMO
2023-07-04,Andhra Pradesh,Guntur,Guntur,Onion,1816.09,1725.28,1906.89,323.8,Rs/quintal,SYNTHETIC_DEMO
2023-07-05,Andhra Pradesh,Guntur,Guntur,Onion,1809.02,1718.57,1899.47,527.7,Rs/quintal,SYNTHETIC_DEMO
2023-07-06,Andhra Pradesh,Guntur,Guntur,Onion,1799.93,1709.93,1889.93,629.6,Rs/quintal,SYNTHETIC_DEMO
2023-07-07,Andhra Pradesh,Guntur,Guntur,Onion,1797.5,1707.63,1887.38,615.2,Rs/quintal,SYNTHETIC_DEMO
2023-07-08,Andhra Pradesh,Guntur,Guntur,Onion,1781.2,1692.14,1870.26,531.2,Rs/quintal,SYNTHETIC_DEMO
2023-07-09,Andhra Pradesh,Guntur,Guntur,Onion,1781.97,1692.88,1871.07,475.9,Rs/quintal,SYNTHETIC_DEMO
2023-07-10,Andhra Pradesh,Guntur,Guntur,Onion,1770.85,1682.31,1859.4,449.1,Rs/quintal,SYNTHETIC_DEMO
2023-07-11,Andhra Pradesh,Guntur,Guntur,Onion,1769.28,1680.82,1857.74,475.8,Rs/quintal,SYNTHETIC_DEMO
2023-07-12,Andhra Pradesh,Guntur,Guntur,Onion,1761.29,1673.23,1849.36,543.5,Rs/quintal,SYNTHETIC_DEMO
2023-07-13,Andhra Pradesh,Guntur,Guntur,Onion,1755.17,1667.41,1842.93,435.4,Rs/quintal,SYNTHETIC_DEMO
2023-07-14,Andhra Pradesh,Guntur,Guntur,Onion,1745.51,1658.24,1832.79,560.6,Rs/quintal,SYNTHETIC_DEMO
2023-07-15,Andhra Pradesh,Guntur,Guntur,Onion,1740.16,1653.16,1827.17,670.7,Rs/quintal,SYNTHETIC_DEMO
2023-07-16,Andhra Pradesh,Guntur,Guntur,Onion,1749.6,1662.12,1837.08,495.0,Rs/quintal,SYNTHETIC_DEMO
2023-07-17,Andhra Pradesh,Guntur,Guntur,Onion,1755.42,1667.64,1843.19,392.4,Rs/quintal,SYNTHETIC_DEMO
2023-07-18,Andhra Pradesh,Guntur,Guntur,Onion,1753.83,1666.14,1841.53,392.4,Rs/quintal,SYNTHETIC_DEMO
2023-07-19,Andhra Pradesh,Guntur,Guntur,Onion,1749.54,1662.06,1837.02,562.1,Rs/quintal,SYNTHETIC_DEMO
2023-07-20,Andhra Pradesh,Guntur,Guntur,Onion,1751.53,1663.95,1839.1,495.2,Rs/quintal,SYNTHETIC_DEMO
2023-07-21,Andhra Pradesh,Guntur,Guntur,Onion,1755.6,1667.82,1843.38,570.1,Rs/quintal,SYNTHETIC_DEMO
2023-07-22,Andhra Pradesh,Guntur,Guntur,Onion,1745.58,1658.3,1832.86,457.3,Rs/quintal,SYNTHETIC_DEMO
2023-07-23,Andhra Pradesh,Guntur,Guntur,Onion,1741.01,1653.96,1828.06,566.4,Rs/quintal,SYNTHETIC_DEMO
2023-07-24,Andhra Pradesh,Guntur,Guntur,Onion,1723.9,1637.71,1810.1,487.3,Rs/quintal,SYNTHETIC_DEMO
2023-07-25,Andhra Pradesh,Guntur,Guntur,Onion,1728.03,1641.63,1814.43,441.4,Rs/quintal,SYNTHETIC_DEMO
2023-07-26,Andhra Pradesh,Guntur,Guntur,Onion,1738.97,1652.02,1825.92,467.9,Rs/quintal,SYNTHETIC_DEMO
2023-07-27,Andhra Pradesh,Guntur,Guntur,Onion,1735.65,1648.87,1822.43,404.2,Rs/quintal,SYNTHETIC_DEMO
2023-07-28,Andhra Pradesh,Guntur,Guntur,Onion,1716.49,1630.66,1802.31,659.1,Rs/quintal,SYNTHETIC_DEMO
2023-07-29,Andhra Pradesh,Guntur,Guntur,Onion,1717.04,1631.19,1802.89,492.3,Rs/quintal,SYNTHETIC_DEMO
2023-07-30,Andhra Pradesh,Guntur,Guntur,Onion,1706.74,1621.4,1792.07,551.6,Rs/quintal,SYNTHETIC_DEMO
2023-07-31,Andhra Pradesh,Guntur,Guntur,Onion,1698.2,1613.29,1783.11,457.1,Rs/quintal,SYNTHETIC_DEMO
2023-08-01,Andhra Pradesh,Guntur,Guntur,Onion,1698.99,1614.04,1783.94,415.8,Rs/quintal,SYNTHETIC_DEMO
2023-08-02,Andhra Pradesh,Guntur,Guntur,Onion,1697.14,1612.29,1782.0,481.3,Rs/quintal,SYNTHETIC_DEMO
2023-08-03,Andhra Pradesh,Guntur,Guntur,Onion,1689.99,1605.49,1774.49,588.1,Rs/quintal,SYNTHETIC_DEMO
2023-08-04,Andhra Pradesh,Guntur,Guntur,Onion,1681.71,1597.62,1765.8,458.3,Rs/quintal,SYNTHETIC_DEMO
2023-08-05,Andhra Pradesh,Guntur,Guntur,Onion,1679.06,1595.11,1763.01,430.4,Rs/quintal,SYNTHETIC_DEMO
2023-08-06,Andhra Pradesh,Guntur,Guntur,Onion,1672.6,1588.97,1756.23,512.4,Rs/quintal,SYNTHETIC_DEMO
2023-08-07,Andhra Pradesh,Guntur,Guntur,Onion,1661.14,1578.08,1744.2,539.9,Rs/quintal,SYNTHETIC_DEMO
2023-08-08,Andhra Pradesh,Guntur,Guntur,Onion,1655.32,1572.56,1738.09,631.4,Rs/quintal,SYNTHETIC_DEMO
2023-08-09,Andhra Pradesh,Guntur,Guntur,Onion,1654.39,1571.67,1737.11,528.3,Rs/quintal,SYNTHETIC_DEMO
2023-08-10,Andhra Pradesh,Guntur,Guntur,Onion,1649.78,1567.29,1732.27,551.5,Rs/quintal,SYNTHETIC_DEMO
2023-08-11,Andhra Pradesh,Guntur,Guntur,Onion,1636.32,1554.51,1718.14,557.5,Rs/quintal,SYNTHETIC_DEMO
2023-08-12,Andhra Pradesh,Guntur,Guntur,Onion,1640.22,1558.21,1722.23,407.8,Rs/quintal,SYNTHETIC_DEMO
2023-08-13,Andhra Pradesh,Guntur,Guntur,Onion,1617.32,1536.45,1698.18,422.9,Rs/quintal,SYNTHETIC_DEMO
2023-08-14,Andhra Pradesh,Guntur,Guntur,Onion,1610.98,1530.43,1691.53,413.3,Rs/quintal,SYNTHETIC_DEMO
2023-08-15,Andhra Pradesh,Guntur,Guntur,Onion,1603.44,1523.27,1683.62,393.4,Rs/quintal,SYNTHETIC_DEMO
2023-08-16,Andhra Pradesh,Guntur,Guntur,Onion,1601.49,1521.42,1681.57,563.6,Rs/quintal,SYNTHETIC_DEMO
2023-08-17,Andhra Pradesh,Guntur,Guntur,Onion,1602.58,1522.45,1682.7,523.2,Rs/quintal,SYNTHETIC_DEMO
2023-08-18,Andhra Pradesh,Guntur,Guntur,Onion,1607.78,1527.39,1688.17,506.4,Rs/quintal,SYNTHETIC_DEMO
2023-08-19,Andhra Pradesh,Guntur,Guntur,Onion,1599.81,1519.82,1679.8,292.6,Rs/quintal,SYNTHETIC_DEMO
2023-08-20,Andhra Pradesh,Guntur,Guntur,Onion,1601.24,1521.18,1681.3,664.4,Rs/quintal,SYNTHETIC_DEMO
2023-08-21,Andhra Pradesh,Guntur,Guntur,Onion,1599.92,1519.92,1679.92,428.5,Rs/quintal,SYNTHETIC_DEMO
2023-08-22,Andhra Pradesh,Guntur,Guntur,Onion,1584.93,1505.68,1664.17,664.1,Rs/quintal,SYNTHETIC_DEMO
2023-08-23,Andhra Pradesh,Guntur,Guntur,Onion,1596.0,1516.2,1675.8,384.1,Rs/quintal,SYNTHETIC_DEMO
2023-08-24,Andhra Pradesh,Guntur,Guntur,Onion,1583.1,1503.94,1662.25,435.0,Rs/quintal,SYNTHETIC_DEMO
2023-08-25,Andhra Pradesh,Guntur,Guntur,Onion,1583.63,1504.45,1662.81,323.8,Rs/quintal,SYNTHETIC_DEMO
2023-08-26,Andhra Pradesh,Guntur,Guntur,Onion,1584.02,1504.82,1663.22,529.0,Rs/quintal,SYNTHETIC_DEMO
2023-08-27,Andhra Pradesh,Guntur,Guntur,Onion,1583.65,1504.47,1662.83,411.9,Rs/quintal,SYNTHETIC_DEMO
2023-08-28,Andhra Pradesh,Guntur,Guntur,Onion,1577.8,1498.91,1656.69,414.2,Rs/quintal,SYNTHETIC_DEMO
2023-08-29,Andhra Pradesh,Guntur,Guntur,Onion,1581.53,1502.45,1660.61,390.2,Rs/quintal,SYNTHETIC_DEMO
2023-08-30,Andhra Pradesh,Guntur,Guntur,Onion,1568.14,1489.73,1646.54,562.2,Rs/quintal,SYNTHETIC_DEMO
2023-08-31,Andhra Pradesh,Guntur,Guntur,Onion,1565.57,1487.29,1643.85,556.9,Rs/quintal,SYNTHETIC_DEMO
2023-09-01,Andhra Pradesh,Guntur,Guntur,Onion,1559.49,1481.52,1637.47,645.0,Rs/quintal,SYNTHETIC_DEMO
2023-09-02,Andhra Pradesh,Guntur,Guntur,Onion,1552.66,1475.03,1630.3,445.1,Rs/quintal,SYNTHETIC_DEMO
2023-09-03,Andhra Pradesh,Guntur,Guntur,Onion,1553.87,1476.17,1631.56,517.5,Rs/quintal,SYNTHETIC_DEMO
2023-09-04,Andhra Pradesh,Guntur,Guntur,Onion,1559.81,1481.82,1637.8,396.9,Rs/quintal,SYNTHETIC_DEMO
2023-09-05,Andhra Pradesh,Guntur,Guntur,Onion,1555.6,1477.82,1633.38,473.2,Rs/quintal,SYNTHETIC_DEMO
2023-09-06,Andhra Pradesh,Guntur,Guntur,Onion,1559.55,1481.57,1637.53,458.5,Rs/quintal,SYNTHETIC_DEMO
2023-09-07,Andhra Pradesh,Guntur,Guntur,Onion,1558.31,1480.4,1636.23,537.2,Rs/quintal,SYNTHETIC_DEMO
2023-09-08,Andhra Pradesh,Guntur,Guntur,Onion,1550.36,1472.84,1627.88,581.4,Rs/quintal,SYNTHETIC_DEMO
2023-09-09,Andhra Pradesh,Guntur,Guntur,Onion,1547.05,1469.7,1624.41,579.3,Rs/quintal,SYNTHETIC_DEMO
2023-09-10,Andhra Pradesh,Guntur,Guntur,Onion,1543.52,1466.34,1620.7,432.6,Rs/quintal,SYNTHETIC_DEMO
2023-09-11,Andhra Pradesh,Guntur,Guntur,Onion,1537.2,1460.34,1614.06,579.9,Rs/quintal,SYNTHETIC_DEMO
2023-09-12,Andhra Pradesh,Guntur,Guntur,Onion,1539.06,1462.11,1616.01,496.5,Rs/quintal,SYNTHETIC_DEMO
2023-09-13,Andhra Pradesh,Guntur,Guntur,Onion,1539.6,1462.62,1616.58,474.0,Rs/quintal,SYNTHETIC_DEMO
2023-09-14,Andhra Pradesh,Guntur,Guntur,Onion,1527.07,1450.71,1603.42,443.3,Rs/quintal,SYNTHETIC_DEMO
2023-09-15,Andhra Pradesh,Guntur,Guntur,Onion,1514.18,1438.47,1589.89,455.2,Rs/quintal,SYNTHETIC_DEMO
2023-09-16,Andhra Pradesh,Guntur,Guntur,Onion,1516.31,1440.5,1592.13,639.4,Rs/quintal,SYNTHETIC_DEMO
2023-09-17,Andhra Pradesh,Guntur,Guntur,Onion,1509.59,1434.11,1585.07,524.6,Rs/quintal,SYNTHETIC_DEMO
2023-09-18,Andhra Pradesh,Guntur,Guntur,Onion,1511.0,1435.45,1586.55,514.0,Rs/quintal,SYNTHETIC_DEMO
2023-09-19,Andhra Pradesh,Guntur,Guntur,Onion,1515.93,1440.14,1591.73,479.0,Rs/quintal,SYNTHETIC_DEMO
2023-09-20,Andhra Pradesh,Guntur,Guntur,Onion,1506.17,1430.86,1581.48,695.7,Rs/quintal,SYNTHETIC_DEMO
2023-09-21,Andhra Pradesh,Guntur,Guntur,Onion,1495.47,1420.7,1570.24,604.4,Rs/quintal,SYNTHETIC_DEMO
2023-09-22,Andhra Pradesh,Guntur,Guntur,Onion,1507.07,1431.72,1582.42,442.3,Rs/quintal,SYNTHETIC_DEMO
2023-09-23,Andhra Pradesh,Guntur,Guntur,Onion,1509.23,1433.76,1584.69,478.1,Rs/quintal,SYNTHETIC_DEMO
2023-09-24,Andhra Pradesh,Guntur,Guntur,Onion,1505.91,1430.61,1581.2,482.9,Rs/quintal,SYNTHETIC_DEMO
2023-09-25,Andhra Pradesh,Guntur,Guntur,Onion,1498.97,1424.02,1573.91,511.7,Rs/quintal,SYNTHETIC_DEMO
2023-09-26,Andhra Pradesh,Guntur,Guntur,Onion,1495.15,1420.39,1569.91,443.9,Rs/quintal,SYNTHETIC_DEMO
2023-09-27,Andhra Pradesh,Guntur,Guntur,Onion,1486.52,1412.19,1560.85,535.1,Rs/quintal,SYNTHETIC_DEMO
2023-09-28,Andhra Pradesh,Guntur,Guntur,Onion,1492.9,1418.26,1567.55,616.2,Rs/quintal,SYNTHETIC_DEMO
2023-09-29,Andhra Pradesh,Guntur,Guntur,Onion,1487.41,1413.04,1561.78,394.9,Rs/quintal,SYNTHETIC_DEMO
2023-09-30,Andhra Pradesh,Guntur,Guntur,Onion,1495.46,1420.69,1570.24,409.7,Rs/quintal,SYNTHETIC_DEMO
2023-10-01,Andhra Pradesh,Guntur,Guntur,Onion,1492.84,1418.2,1567.48,461.3,Rs/quintal,SYNTHETIC_DEMO
2023-10-02,Andhra Pradesh,Guntur,Guntur,Onion,1485.67,1411.38,1559.95,465.1,Rs/quintal,SYNTHETIC_DEMO
2023-10-03,Andhra Pradesh,Guntur,Guntur,Onion,1483.02,1408.87,1557.17,659.9,Rs/quintal,SYNTHETIC_DEMO
2023-10-04,Andhra Pradesh,Guntur,Guntur,Onion,1464.62,1391.39,1537.85,580.1,Rs/quintal,SYNTHETIC_DEMO
2023-10-05,Andhra Pradesh,Guntur,Guntur,Onion,1464.33,1391.12,1537.55,575.5,Rs/quintal,SYNTHETIC_DEMO
2023-10-06,Andhra Pradesh,Guntur,Guntur,Onion,1463.77,1390.58,1536.96,478.9,Rs/quintal,SYNTHETIC_DEMO
2023-10-07,Andhra Pradesh,Guntur,Guntur,Onion,1470.45,1396.92,1543.97,477.1,Rs/quintal,SYNTHETIC_DEMO
2023-10-08,Andhra Pradesh,Guntur,Guntur,Onion,1457.68,1384.8,1530.57,383.9,Rs/quintal,SYNTHETIC_DEMO
2023-10-09,Andhra Pradesh,Guntur,Guntur,Onion,1466.95,1393.6,1540.29,562.5,Rs/quintal,SYNTHETIC_DEMO
2023-10-10,Andhra Pradesh,Guntur,Guntur,Onion,1473.83,1400.14,1547.53,539.3,Rs/quintal,SYNTHETIC_DEMO
2023-10-11,Andhra Pradesh,Guntur,Guntur,Onion,1483.91,1409.71,1558.1,602.9,Rs/quintal,SYNTHETIC_DEMO
2023-10-12,Andhra Pradesh,Guntur,Guntur,Onion,1484.66,1410.43,1558.9,483.1,Rs/quintal,SYNTHETIC_DEMO
2023-10-13,Andhra Pradesh,Guntur,Guntur,Onion,1493.18,1418.52,1567.84,488.7,Rs/quintal,SYNTHETIC_DEMO
2023-10-14,Andhra Pradesh,Guntur,Guntur,Onion,1483.88,1409.68,1558.07,513.6,Rs/quintal,SYNTHETIC_DEMO
2023-10-15,Andhra Pradesh,Guntur,Guntur,Onion,1490.38,1415.87,1564.9,571.4,Rs/quintal,SYNTHETIC_DEMO
2023-10-16,Andhra Pradesh,Guntur,Guntur,Onion,1486.28,1411.97,1560.6,382.4,Rs/quintal,SYNTHETIC_DEMO
2023-10-17,Andhra Pradesh,Guntur,Guntur,Onion,1475.92,1402.12,1549.72,558.9,Rs/quintal,SYNTHETIC_DEMO
2023-10-18,Andhra Pradesh,Guntur,Guntur,Onion,1469.43,1395.96,1542.9,498.4,Rs/quintal,SYNTHETIC_DEMO
2023-10-19,Andhra Pradesh,Guntur,Guntur,Onion,1471.15,1397.59,1544.71,415.3,Rs/quintal,SYNTHETIC_DEMO
2023-10-20,Andhra Pradesh,Guntur,Guntur,Onion,1466.98,1393.63,1540.32,333.2,Rs/quintal,SYNTHETIC_DEMO
2023-10-21,Andhra Pradesh,Guntur,Guntur,Onion,1471.52,1397.94,1545.09,489.1,Rs/quintal,SYNTHETIC_DEMO
2023-10-22,Andhra Pradesh,Guntur,Guntur,Onion,1460.41,1387.39,1533.43,615.8,Rs/quintal,SYNTHETIC_DEMO
2023-10-23,Andhra Pradesh,Guntur,Guntur,Onion,1447.08,1374.72,1519.43,634.0,Rs/quintal,SYNTHETIC_DEMO
2023-10-24,Andhra Pradesh,Guntur,Guntur,Onion,1459.02,1386.07,1531.97,528.4,Rs/quintal,SYNTHETIC_DEMO
2023-10-25,Andhra Pradesh,Guntur,Guntur,Onion,1467.66,1394.28,1541.04,657.0,Rs/quintal,SYNTHETIC_DEMO
2023-10-26,Andhra Pradesh,Guntur,Guntur,Onion,1462.31,1389.2,1535.43,496.6,Rs/quintal,SYNTHETIC_DEMO
2023-10-27,Andhra Pradesh,Guntur,Guntur,Onion,1464.57,1391.34,1537.8,576.3,Rs/quintal,SYNTHETIC_DEMO
2023-10-28,Andhra Pradesh,Guntur,Guntur,Onion,1474.27,1400.55,1547.98,463.9,Rs/quintal,SYNTHETIC_DEMO
2023-10-29,Andhra Pradesh,Guntur,Guntur,Onion,1479.71,1405.72,1553.7,458.8,Rs/quintal,SYNTHETIC_DEMO
2023-10-30,Andhra Pradesh,Guntur,Guntur,Onion,1483.27,1409.11,1557.44,445.8,Rs/quintal,SYNTHETIC_DEMO
2023-10-31,Andhra Pradesh,Guntur,Guntur,Onion,1493.73,1419.04,1568.41,335.2,Rs/quintal,SYNTHETIC_DEMO
2023-11-01,Andhra Pradesh,Guntur,Guntur,Onion,1491.1,1416.55,1565.66,603.0,Rs/quintal,SYNTHETIC_DEMO
2023-11-02,Andhra Pradesh,Guntur,Guntur,Onion,1494.03,1419.33,1568.74,448.7,Rs/quintal,SYNTHETIC_DEMO
2023-11-03,Andhra Pradesh,Guntur,Guntur,Onion,1496.68,1421.85,1571.52,435.9,Rs/quintal,SYNTHETIC_DEMO
2023-11-04,Andhra Pradesh,Guntur,Guntur,Onion,1497.56,1422.68,1572.44,405.6,Rs/quintal,SYNTHETIC_DEMO
2023-11-05,Andhra Pradesh,Guntur,Guntur,Onion,1497.67,1422.78,1572.55,483.7,Rs/quintal,SYNTHETIC_DEMO
2023-11-06,Andhra Pradesh,Guntur,Guntur,Onion,1501.17,1426.11,1576.23,641.1,Rs/quintal,SYNTHETIC_DEMO
2023-11-07,Andhra Pradesh,Guntur,Guntur,Onion,1504.46,1429.24,1579.68,667.5,Rs/quintal,SYNTHETIC_DEMO
2023-11-08,Andhra Pradesh,Guntur,Guntur,Onion,1500.02,1425.02,1575.02,367.1,Rs/quintal,SYNTHETIC_DEMO
2023-11-09,Andhra Pradesh,Guntur,Guntur,Onion,1508.96,1433.51,1584.41,471.6,Rs/quintal,SYNTHETIC_DEMO
2023-11-10,Andhra Pradesh,Guntur,Guntur,Onion,1505.17,1429.91,1580.43,417.3,Rs/quintal,SYNTHETIC_DEMO
2023-11-11,Andhra Pradesh,Guntur,Guntur,Onion,1506.89,1431.55,1582.24,579.1,Rs/quintal,SYNTHETIC_DEMO
2023-11-12,Andhra Pradesh,Guntur,Guntur,Onion,1508.13,1432.72,1583.53,522.9,Rs/quintal,SYNTHETIC_DEMO
2023-11-13,Andhra Pradesh,Guntur,Guntur,Onion,1514.13,1438.42,1589.83,449.1,Rs/quintal,SYNTHETIC_DEMO
2023-11-14,Andhra Pradesh,Guntur,Guntur,Onion,1502.35,1427.23,1577.47,505.8,Rs/quintal,SYNTHETIC_DEMO
2023-11-15,Andhra Pradesh,Guntur,Guntur,Onion,1512.3,1436.69,1587.92,461.8,Rs/quintal,SYNTHETIC_DEMO
2023-11-16,Andhra Pradesh,Guntur,Guntur,Onion,1511.02,1435.47,1586.58,629.1,Rs/quintal,SYNTHETIC_DEMO
2023-11-17,Andhra Pradesh,Guntur,Guntur,Onion,1523.46,1447.29,1599.63,543.8,Rs/quintal,SYNTHETIC_DEMO
2023-11-18,Andhra Pradesh,Guntur,Guntur,Onion,1523.73,1447.54,1599.91,553.6,Rs/quintal,SYNTHETIC_DEMO
2023-11-19,Andhra Pradesh,Guntur,Guntur,Onion,1527.14,1450.78,1603.5,286.6,Rs/quintal,SYNTHETIC_DEMO
2023-11-20,Andhra Pradesh,Guntur,Guntur,Onion,1544.74,1467.5,1621.98,494.7,Rs/quintal,SYNTHETIC_DEMO
2023-11-21,Andhra Pradesh,Guntur,Guntur,Onion,1546.61,1469.28,1623.94,666.7,Rs/quintal,SYNTHETIC_DEMO
2023-11-22,Andhra Pradesh,Guntur,Guntur,Onion,1559.46,1481.48,1637.43,606.1,Rs/quintal,SYNTHETIC_DEMO
2023-11-23,Andhra Pradesh,Guntur,Guntur,Onion,1563.71,1485.53,1641.9,352.2,Rs/quintal,SYNTHETIC_DEMO
2023-11-24,Andhra Pradesh,Guntur,Guntur,Onion,1570.73,1492.19,1649.26,474.9,Rs/quintal,SYNTHETIC_DEMO
2023-11-25,Andhra Pradesh,Guntur,Guntur,Onion,1575.3,1496.54,1654.07,403.9,Rs/quintal,SYNTHETIC_DEMO
2023-11-26,Andhra Pradesh,Guntur,Guntur,Onion,1585.53,1506.25,1664.8,636.9,Rs/quintal,SYNTHETIC_DEMO
2023-11-27,Andhra Pradesh,Guntur,Guntur,Onion,1584.76,1505.52,1664.0,519.5,Rs/quintal,SYNTHETIC_DEMO
2023-11-28,Andhra Pradesh,Guntur,Guntur,Onion,1581.88,1502.79,1660.98,438.6,Rs/quintal,SYNTHETIC_DEMO
2023-11-29,Andhra Pradesh,Guntur,Guntur,Onion,1581.54,1502.47,1660.62,502.7,Rs/quintal,SYNTHETIC_DEMO
2023-11-30,Andhra Pradesh,Guntur,Guntur,Onion,1586.56,1507.23,1665.89,291.4,Rs/quintal,SYNTHETIC_DEMO
2023-12-01,Andhra Pradesh,Guntur,Guntur,Onion,1589.31,1509.85,1668.78,413.2,Rs/quintal,SYNTHETIC_DEMO
2023-12-02,Andhra Pradesh,Guntur,Guntur,Onion,1598.81,1518.87,1678.75,502.9,Rs/quintal,SYNTHETIC_DEMO
2023-12-03,Andhra Pradesh,Guntur,Guntur,Onion,1612.62,1531.99,1693.25,567.7,Rs/quintal,SYNTHETIC_DEMO
2023-12-04,Andhra Pradesh,Guntur,Guntur,Onion,1610.06,1529.55,1690.56,344.7,Rs/quintal,SYNTHETIC_DEMO
2023-12-05,Andhra Pradesh,Guntur,Guntur,Onion,1609.27,1528.8,1689.73,469.5,Rs/quintal,SYNTHETIC_DEMO
2023-12-06,Andhra Pradesh,Guntur,Guntur,Onion,1603.46,1523.29,1683.63,580.8,Rs/quintal,SYNTHETIC_DEMO
2023-12-07,Andhra Pradesh,Guntur,Guntur,Onion,1622.65,1541.51,1703.78,383.9,Rs/quintal,SYNTHETIC_DEMO
2023-12-08,Andhra Pradesh,Guntur,Guntur,Onion,1629.44,1547.97,1710.91,518.3,Rs/quintal,SYNTHETIC_DEMO
2023-12-09,Andhra Pradesh,Guntur,Guntur,Onion,1637.53,1555.65,1719.4,505.3,Rs/quintal,SYNTHETIC_DEMO
2023-12-10,Andhra Pradesh,Guntur,Guntur,Onion,1632.54,1550.91,1714.17,637.2,Rs/quintal,SYNTHETIC_DEMO
2023-12-11,Andhra Pradesh,Guntur,Guntur,Onion,1637.23,1555.36,1719.09,481.6,Rs/quintal,SYNTHETIC_DEMO
2023-12-12,Andhra Pradesh,Guntur,Guntur,Onion,1645.61,1563.33,1727.89,486.3,Rs/quintal,SYNTHETIC_DEMO
2023-12-13,Andhra Pradesh,Guntur,Guntur,Onion,1648.54,1566.12,1730.97,568.4,Rs/quintal,SYNTHETIC_DEMO
2023-12-14,Andhra Pradesh,Guntur,Guntur,Onion,1661.06,1578.01,1744.11,393.9,Rs/quintal,SYNTHETIC_DEMO
2023-12-15,Andhra Pradesh,Guntur,Guntur,Onion,1682.51,1598.38,1766.63,482.3,Rs/quintal,SYNTHETIC_DEMO
2023-12-16,Andhra Pradesh,Guntur,Guntur,Onion,1680.51,1596.48,1764.53,463.5,Rs/quintal,SYNTHETIC_DEMO
2023-12-17,Andhra Pradesh,Guntur,Guntur,Onion,1677.99,1594.09,1761.89,488.9,Rs/quintal,SYNTHETIC_DEMO
2023-12-18,Andhra Pradesh,Guntur,Guntur,Onion,1676.54,1592.71,1760.36,567.9,Rs/quintal,SYNTHETIC_DEMO
2023-12-19,Andhra Pradesh,Guntur,Guntur,Onion,1692.98,1608.33,1777.63,544.3,Rs/quintal,SYNTHETIC_DEMO
2023-12-20,Andhra Pradesh,Guntur,Guntur,Onion,1705.39,1620.12,1790.66,440.1,Rs/quintal,SYNTHETIC_DEMO
2023-12-21,Andhra Pradesh,Guntur,Guntur,Onion,1709.33,1623.86,1794.8,510.9,Rs/quintal,SYNTHETIC_DEMO
2023-12-22,Andhra Pradesh,Guntur,Guntur,Onion,1714.53,1628.8,1800.25,619.2,Rs/quintal,SYNTHETIC_DEMO
2023-12-23,Andhra Pradesh,Guntur,Guntur,Onion,1713.59,1627.91,1799.27,433.5,Rs/quintal,SYNTHETIC_DEMO
2023-12-24,Andhra Pradesh,Guntur,Guntur,Onion,1724.96,1638.71,1811.21,511.6,Rs/quintal,SYNTHETIC_DEMO
2023-12-25,Andhra Pradesh,Guntur,Guntur,Onion,1727.19,1640.83,1813.55,484.5,Rs/quintal,SYNTHETIC_DEMO
2023-12-26,Andhra Pradesh,Guntur,Guntur,Onion,1730.3,1643.78,1816.81,495.0,Rs/quintal,SYNTHETIC_DEMO
2023-12-27,Andhra Pradesh,Guntur,Guntur,Onion,1739.67,1652.69,1826.65,369.5,Rs/quintal,SYNTHETIC_DEMO
2023-12-28,Andhra Pradesh,Guntur,Guntur,Onion,1743.31,1656.14,1830.47,612.9,Rs/quintal,SYNTHETIC_DEMO
2023-12-29,Andhra Pradesh,Guntur,Guntur,Onion,1746.62,1659.29,1833.95,438.1,Rs/quintal,SYNTHETIC_DEMO
2023-12-30,Andhra Pradesh,Guntur,Guntur,Onion,1751.7,1664.11,1839.28,582.1,Rs/quintal,SYNTHETIC_DEMO
2023-12-31,Andhra Pradesh,Guntur,Guntur,Onion,1762.43,1674.31,1850.55,450.3,Rs/quintal,SYNTHETIC_DEMO
2024-01-01,Andhra Pradesh,Guntur,Guntur,Onion,1779.29,1690.33,1868.26,450.0,Rs/quintal,SYNTHETIC_DEMO
2024-01-02,Andhra Pradesh,Guntur,Guntur,Onion,1788.51,1699.09,1877.94,597.0,Rs/quintal,SYNTHETIC_DEMO
2024-01-03,Andhra Pradesh,Guntur,Guntur,Onion,1799.3,1709.34,1889.27,579.5,Rs/quintal,SYNTHETIC_DEMO
2024-01-04,Andhra Pradesh,Guntur,Guntur,Onion,1802.87,1712.73,1893.01,516.7,Rs/quintal,SYNTHETIC_DEMO
2024-01-05,Andhra Pradesh,Guntur,Guntur,Onion,1802.77,1712.63,1892.91,560.9,Rs/quintal,SYNTHETIC_DEMO
2024-01-06,Andhra Pradesh,Guntur,Guntur,Onion,1812.47,1721.85,1903.1,476.9,Rs/quintal,SYNTHETIC_DEMO
2024-01-07,Andhra Pradesh,Guntur,Guntur,Onion,1818.69,1727.76,1909.63,499.3,Rs/quintal,SYNTHETIC_DEMO
2024-01-08,Andhra Pradesh,Guntur,Guntur,Onion,1813.43,1722.76,1904.1,447.1,Rs/quintal,SYNTHETIC_DEMO
2024-01-09,Andhra Pradesh,Guntur,Guntur,Onion,1816.04,1725.24,1906.84,572.3,Rs/quintal,SYNTHETIC_DEMO
2024-01-10,Andhra Pradesh,Guntur,Guntur,Onion,1820.4,1729.38,1911.42,444.5,Rs/quintal,SYNTHETIC_DEMO
2024-01-11,Andhra Pradesh,Guntur,Guntur,Onion,1821.67,1730.59,1912.75,618.8,Rs/quintal,SYNTHETIC_DEMO
2024-01-12,Andhra Pradesh,Guntur,Guntur,Onion,1837.27,1745.41,1929.13,474.7,Rs/quintal,SYNTHETIC_DEMO
2024-01-13,Andhra Pradesh,Guntur,Guntur,Onion,1845.64,1753.36,1937.92,501.6,Rs/quintal,SYNTHETIC_DEMO
2024-01-14,Andhra Pradesh,Guntur,Guntur,Onion,1860.43,1767.41,1953.45,560.7,Rs/quintal,SYNTHETIC_DEMO
2024-01-15,Andhra Pradesh,Guntur,Guntur,Onion,1867.21,1773.85,1960.57,501.9,Rs/quintal,SYNTHETIC_DEMO
2024-01-16,Andhra Pradesh,Guntur,Guntur,Onion,1872.66,1779.03,1966.29,476.2,Rs/quintal,SYNTHETIC_DEMO
2024-01-17,Andhra Pradesh,Guntur,Guntur,Onion,1870.76,1777.22,1964.3,497.6,Rs/quintal,SYNTHETIC_DEMO
2024-01-18,Andhra Pradesh,Guntur,Guntur,Onion,1875.67,1781.88,1969.45,571.5,Rs/quintal,SYNTHETIC_DEMO
2024-01-19,Andhra Pradesh,Guntur,Guntur,Onion,1880.56,1786.53,1974.59,447.0,Rs/quintal,SYNTHETIC_DEMO
2024-01-20,Andhra Pradesh,Guntur,Guntur,Onion,1875.49,1781.71,1969.26,489.9,Rs/quintal,SYNTHETIC_DEMO
2024-01-21,Andhra Pradesh,Guntur,Guntur,Onion,1876.35,1782.53,1970.17,500.8,Rs/quintal,SYNTHETIC_DEMO
2024-01-22,Andhra Pradesh,Guntur,Guntur,Onion,1878.75,1784.81,1972.68,569.2,Rs/quintal,SYNTHETIC_DEMO
2024-01-23,Andhra Pradesh,Guntur,Guntur,Onion,1886.42,1792.1,1980.74,492.0,Rs/quintal,SYNTHETIC_DEMO
2024-01-24,Andhra Pradesh,Guntur,Guntur,Onion,1894.4,1799.68,1989.12,644.7,Rs/quintal,SYNTHETIC_DEMO
2024-01-25,Andhra Pradesh,Guntur,Guntur,Onion,1894.85,1800.11,1989.59,487.5,Rs/quintal,SYNTHETIC_DEMO
2024-01-26,Andhra Pradesh,Guntur,Guntur,Onion,1902.83,1807.68,1997.97,481.0,Rs/quintal,SYNTHETIC_DEMO
2024-01-27,Andhra Pradesh,Guntur,Guntur,Onion,1906.08,1810.78,2001.39,486.3,Rs/quintal,SYNTHETIC_DEMO
2024-01-28,Andhra Pradesh,Guntur,Guntur,Onion,1889.95,1795.45,1984.45,394.7,Rs/quintal,SYNTHETIC_DEMO
2024-01-29,Andhra Pradesh,Guntur,Guntur,Onion,1890.96,1796.41,1985.51,417.1,Rs/quintal,SYNTHETIC_DEMO
2024-01-30,Andhra Pradesh,Guntur,Guntur,Onion,1903.19,1808.03,1998.35,457.5,Rs/quintal,SYNTHETIC_DEMO
2024-01-31,Andhra Pradesh,Guntur,Guntur,Onion,1895.5,1800.72,1990.27,590.9,Rs/quintal,SYNTHETIC_DEMO
2024-02-01,Andhra Pradesh,Guntur,Guntur,Onion,1900.69,1805.66,1995.73,497.3,Rs/quintal,SYNTHETIC_DEMO
2024-02-02,Andhra Pradesh,Guntur,Guntur,Onion,1916.45,1820.63,2012.27,461.2,Rs/quintal,SYNTHETIC_DEMO
2024-02-03,Andhra Pradesh,Guntur,Guntur,Onion,1915.27,1819.51,2011.03,598.1,Rs/quintal,SYNTHETIC_DEMO
2024-02-04,Andhra Pradesh,Guntur,Guntur,Onion,1919.54,1823.57,2015.52,624.1,Rs/quintal,SYNTHETIC_DEMO
2024-02-05,Andhra Pradesh,Guntur,Guntur,Onion,1914.37,1818.65,2010.08,600.4,Rs/quintal,SYNTHETIC_DEMO
2024-02-06,Andhra Pradesh,Guntur,Guntur,Onion,1930.25,1833.74,2026.76,431.8,Rs/quintal,SYNTHETIC_DEMO
2024-02-07,Andhra Pradesh,Guntur,Guntur,Onion,1933.77,1837.08,2030.46,460.4,Rs/quintal,SYNTHETIC_DEMO
2024-02-08,Andhra Pradesh,Guntur,Guntur,Onion,1938.18,1841.27,2035.09,645.1,Rs/quintal,SYNTHETIC_DEMO
2024-02-09,Andhra Pradesh,Guntur,Guntur,Onion,1951.95,1854.35,2049.55,519.3,Rs/quintal,SYNTHETIC_DEMO
2024-02-10,Andhra Pradesh,Guntur,Guntur,Onion,1960.69,1862.65,2058.72,478.6,Rs/quintal,SYNTHETIC_DEMO
2024-02-11,Andhra Pradesh,Guntur,Guntur,Onion,1958.31,1860.39,2056.22,557.5,Rs/quintal,SYNTHETIC_DEMO
2024-02-12,Andhra Pradesh,Guntur,Guntur,Onion,1957.52,1859.64,2055.39,580.6,Rs/quintal,SYNTHETIC_DEMO
2024-02-13,Andhra Pradesh,Guntur,Guntur,Onion,1964.9,1866.65,2063.14,454.3,Rs/quintal,SYNTHETIC_DEMO
2024-02-14,Andhra Pradesh,Guntur,Guntur,Onion,1964.17,1865.96,2062.38,517.6,Rs/quintal,SYNTHETIC_DEMO
2024-02-15,Andhra Pradesh,Guntur,Guntur,Onion,1952.64,1855.0,2050.27,574.1,Rs/quintal,SYNTHETIC_DEMO
2024-02-16,Andhra Pradesh,Guntur,Guntur,Onion,1955.91,1858.11,2053.7,407.2,Rs/quintal,SYNTHETIC_DEMO
2024-02-17,Andhra Pradesh,Guntur,Guntur,Onion,1948.85,1851.4,2046.29,501.0,Rs/quintal,SYNTHETIC_DEMO
2024-02-18,Andhra Pradesh,Guntur,Guntur,Onion,1964.02,1865.82,2062.22,410.8,Rs/quintal,SYNTHETIC_DEMO
2024-02-19,Andhra Pradesh,Guntur,Guntur,Onion,1968.77,1870.34,2067.21,421.3,Rs/quintal,SYNTHETIC_DEMO
2024-02-20,Andhra Pradesh,Guntur,Guntur,Onion,1965.68,1867.39,2063.96,455.0,Rs/quintal,SYNTHETIC_DEMO
2024-02-21,Andhra Pradesh,Guntur,Guntur,Onion,1964.01,1865.81,2062.21,538.2,Rs/quintal,SYNTHETIC_DEMO
2024-02-22,Andhra Pradesh,Guntur,Guntur,Onion,1953.7,1856.02,2051.39,474.2,Rs/quintal,SYNTHETIC_DEMO
2024-02-23,Andhra Pradesh,Guntur,Guntur,Onion,1949.02,1851.57,2046.47,448.1,Rs/quintal,SYNTHETIC_DEMO
2024-02-24,Andhra Pradesh,Guntur,Guntur,Onion,1959.51,1861.53,2057.48,504.1,Rs/quintal,SYNTHETIC_DEMO
2024-02-25,Andhra Pradesh,Guntur,Guntur,Onion,1978.69,1879.75,2077.62,408.2,Rs/quintal,SYNTHETIC_DEMO
2024-02-26,Andhra Pradesh,Guntur,Guntur,Onion,1986.96,1887.61,2086.31,534.3,Rs/quintal,SYNTHETIC_DEMO
2024-02-27,Andhra Pradesh,Guntur,Guntur,Onion,1989.27,1889.81,2088.74,590.5,Rs/quintal,SYNTHETIC_DEMO
2024-02-28,Andhra Pradesh,Guntur,Guntur,Onion,1989.07,1889.62,2088.53,493.7,Rs/quintal,SYNTHETIC_DEMO
2024-02-29,Andhra Pradesh,Guntur,Guntur,Onion,1985.03,1885.78,2084.28,483.8,Rs/quintal,SYNTHETIC_DEMO
2024-03-01,Andhra Pradesh,Guntur,Guntur,Onion,2002.64,1902.51,2102.77,529.9,Rs/quintal,SYNTHETIC_DEMO
2024-03-02,Andhra Pradesh,Guntur,Guntur,Onion,2003.99,1903.79,2104.18,337.7,Rs/quintal,SYNTHETIC_DEMO
2024-03-03,Andhra Pradesh,Guntur,Guntur,Onion,2021.86,1920.76,2122.95,542.9,Rs/quintal,SYNTHETIC_DEMO
2024-03-04,Andhra Pradesh,Guntur,Guntur,Onion,2034.46,1932.73,2136.18,748.2,Rs/quintal,SYNTHETIC_DEMO
2024-03-05,Andhra Pradesh,Guntur,Guntur,Onion,2024.42,1923.2,2125.64,490.2,Rs/quintal,SYNTHETIC_DEMO
2024-03-06,Andhra Pradesh,Guntur,Guntur,Onion,2022.05,1920.95,2123.15,490.5,Rs/quintal,SYNTHETIC_DEMO
2024-03-07,Andhra Pradesh,Guntur,Guntur,Onion,2019.59,1918.61,2120.57,559.5,Rs/quintal,SYNTHETIC_DEMO
2024-03-08,Andhra Pradesh,Guntur,Guntur,Onion,2021.29,1920.23,2122.36,631.6,Rs/quintal,SYNTHETIC_DEMO
2024-03-09,Andhra Pradesh,Guntur,Guntur,Onion,2023.07,1921.91,2124.22,578.0,Rs/quintal,SYNTHETIC_DEMO
2024-03-10,Andhra Pradesh,Guntur,Guntur,Onion,2046.77,1944.43,2149.11,327.6,Rs/quintal,SYNTHETIC_DEMO
2024-03-11,Andhra Pradesh,Guntur,Guntur,Onion,2041.08,1939.02,2143.13,545.1,Rs/quintal,SYNTHETIC_DEMO
2024-03-12,Andhra Pradesh,Guntur,Guntur,Onion,2044.71,1942.47,2146.95,705.8,Rs/quintal,SYNTHETIC_DEMO
2024-03-13,Andhra Pradesh,Guntur,Guntur,Onion,2051.06,1948.51,2153.61,549.8,Rs/quintal,SYNTHETIC_DEMO
2024-03-14,Andhra Pradesh,Guntur,Guntur,Onion,2052.88,1950.24,2155.53,407.6,Rs/quintal,SYNTHETIC_DEMO
2024-03-15,Andhra Pradesh,Guntur,Guntur,Onion,2055.43,1952.66,2158.2,522.5,Rs/quintal,SYNTHETIC_DEMO
2024-03-16,Andhra Pradesh,Guntur,Guntur,Onion,2049.59,1947.11,2152.07,397.5,Rs/quintal,SYNTHETIC_DEMO
2024-03-17,Andhra Pradesh,Guntur,Guntur,Onion,2051.96,1949.37,2154.56,598.6,Rs/quintal,SYNTHETIC_DEMO
2024-03-18,Andhra Pradesh,Guntur,Guntur,Onion,2057.17,1954.31,2160.03,423.5,Rs/quintal,SYNTHETIC_DEMO
2024-03-19,Andhra Pradesh,Guntur,Guntur,Onion,2060.98,1957.93,2164.03,505.9,Rs/quintal,SYNTHETIC_DEMO
2024-03-20,Andhra Pradesh,Guntur,Guntur,Onion,2066.46,1963.14,2169.78,431.4,Rs/quintal,SYNTHETIC_DEMO
2024-03-21,Andhra Pradesh,Guntur,Guntur,Onion,2077.92,1974.03,2181.82,456.3,Rs/quintal,SYNTHETIC_DEMO
2024-03-22,Andhra Pradesh,Guntur,Guntur,Onion,2085.88,1981.59,2190.18,618.9,Rs/quintal,SYNTHETIC_DEMO
2024-03-23,Andhra Pradesh,Guntur,Guntur,Onion,2087.53,1983.16,2191.91,508.3,Rs/quintal,SYNTHETIC_DEMO
2024-03-24,Andhra Pradesh,Guntur,Guntur,Onion,2080.16,1976.15,2184.16,455.3,Rs/quintal,SYNTHETIC_DEMO
2024-03-25,Andhra Pradesh,Guntur,Guntur,Onion,2076.81,1972.97,2180.65,408.4,Rs/quintal,SYNTHETIC_DEMO
2024-03-26,Andhra Pradesh,Guntur,Guntur,Onion,2076.13,1972.32,2179.94,350.3,Rs/quintal,SYNTHETIC_DEMO
2024-03-27,Andhra Pradesh,Guntur,Guntur,Onion,2078.77,1974.83,2182.71,399.9,Rs/quintal,SYNTHETIC_DEMO
2024-03-28,Andhra Pradesh,Guntur,Guntur,Onion,2076.06,1972.26,2179.87,509.0,Rs/quintal,SYNTHETIC_DEMO
2024-03-29,Andhra Pradesh,Guntur,Guntur,Onion,2069.99,1966.49,2173.48,578.4,Rs/quintal,SYNTHETIC_DEMO
2024-03-30,Andhra Pradesh,Guntur,Guntur,Onion,2062.01,1958.91,2165.11,455.2,Rs/quintal,SYNTHETIC_DEMO
2024-03-31,Andhra Pradesh,Guntur,Guntur,Onion,2050.62,1948.09,2153.15,625.6,Rs/quintal,SYNTHETIC_DEMO
2024-04-01,Andhra Pradesh,Guntur,Guntur,Onion,2049.35,1946.88,2151.82,442.6,Rs/quintal,SYNTHETIC_DEMO
2024-04-02,Andhra Pradesh,Guntur,Guntur,Onion,2039.11,1937.15,2141.06,481.0,Rs/quintal,SYNTHETIC_DEMO
2024-04-03,Andhra Pradesh,Guntur,Guntur,Onion,2032.16,1930.56,2133.77,413.6,Rs/quintal,SYNTHETIC_DEMO
2024-04-04,Andhra Pradesh,Guntur,Guntur,Onion,2029.51,1928.03,2130.98,579.3,Rs/quintal,SYNTHETIC_DEMO
2024-04-05,Andhra Pradesh,Guntur,Guntur,Onion,2019.99,1918.99,2120.99,667.8,Rs/quintal,SYNTHETIC_DEMO
2024-04-06,Andhra Pradesh,Guntur,Guntur,Onion,2022.74,1921.61,2123.88,359.1,Rs/quintal,SYNTHETIC_DEMO
2024-04-07,Andhra Pradesh,Guntur,Guntur,Onion,2028.01,1926.61,2129.42,472.3,Rs/quintal,SYNTHETIC_DEMO
2024-04-08,Andhra Pradesh,Guntur,Guntur,Onion,2023.92,1922.72,2125.12,601.2,Rs/quintal,SYNTHETIC_DEMO
2024-04-09,Andhra Pradesh,Guntur,Guntur,Onion,2020.55,1919.53,2121.58,384.2,Rs/quintal,SYNTHETIC_DEMO
2024-04-10,Andhra Pradesh,Guntur,Guntur,Onion,2024.13,1922.92,2125.33,545.3,Rs/quintal,SYNTHETIC_DEMO
2024-04-11,Andhra Pradesh,Guntur,Guntur,Onion,2018.61,1917.68,2119.54,597.7,Rs/quintal,SYNTHETIC_DEMO
2024-04-12,Andhra Pradesh,Guntur,Guntur,Onion,2012.52,1911.89,2113.14,506.3,Rs/quintal,SYNTHETIC_DEMO
2024-04-13,Andhra Pradesh,Guntur,Guntur,Onion,2020.6,1919.57,2121.63,544.0,Rs/quintal,SYNTHETIC_DEMO
2024-04-14,Andhra Pradesh,Guntur,Guntur,Onion,2026.35,1925.03,2127.67,640.9,Rs/quintal,SYNTHETIC_DEMO
2024-04-15,Andhra Pradesh,Guntur,Guntur,Onion,2029.99,1928.49,2131.49,655.9,Rs/quintal,SYNTHETIC_DEMO
2024-04-16,Andhra Pradesh,Guntur,Guntur,Onion,2035.89,1934.09,2137.68,495.0,Rs/quintal,SYNTHETIC_DEMO
2024-04-17,Andhra Pradesh,Guntur,Guntur,Onion,2020.8,1919.76,2121.84,457.4,Rs/quintal,SYNTHETIC_DEMO
2024-04-18,Andhra Pradesh,Guntur,Guntur,Onion,2029.63,1928.15,2131.11,426.4,Rs/quintal,SYNTHETIC_DEMO
2024-04-19,Andhra Pradesh,Guntur,Guntur,Onion,2031.45,1929.88,2133.02,578.2,Rs/quintal,SYNTHETIC_DEMO
2024-04-20,Andhra Pradesh,Guntur,Guntur,Onion,2037.65,1935.77,2139.54,390.3,Rs/quintal,SYNTHETIC_DEMO
2024-04-21,Andhra Pradesh,Guntur,Guntur,Onion,2039.29,1937.32,2141.25,479.8,Rs/quintal,SYNTHETIC_DEMO
2024-04-22,Andhra Pradesh,Guntur,Guntur,Onion,2038.41,1936.49,2140.33,508.2,Rs/quintal,SYNTHETIC_DEMO
2024-04-23,Andhra Pradesh,Guntur,Guntur,Onion,2035.13,1933.37,2136.88,459.8,Rs/quintal,SYNTHETIC_DEMO
2024-04-24,Andhra Pradesh,Guntur,Guntur,Onion,2036.39,1934.58,2138.21,522.4,Rs/quintal,SYNTHETIC_DEMO
2024-04-25,Andhra Pradesh,Guntur,Guntur,Onion,2032.7,1931.06,2134.33,705.2,Rs/quintal,SYNTHETIC_DEMO
2024-04-26,Andhra Pradesh,Guntur,Guntur,Onion,2037.42,1935.55,2139.29,490.3,Rs/quintal,SYNTHETIC_DEMO
2024-04-27,Andhra Pradesh,Guntur,Guntur,Onion,2024.4,1923.18,2125.62,465.2,Rs/quintal,SYNTHETIC_DEMO
2024-04-28,Andhra Pradesh,Guntur,Guntur,Onion,2018.84,1917.89,2119.78,581.2,Rs/quintal,SYNTHETIC_DEMO
2024-04-29,Andhra Pradesh,Guntur,Guntur,Onion,2031.82,1930.23,2133.41,519.2,Rs/quintal,SYNTHETIC_DEMO
2024-04-30,Andhra Pradesh,Guntur,Guntur,Onion,2025.5,1924.22,2126.77,615.1,Rs/quintal,SYNTHETIC_DEMO
2024-05-01,Andhra Pradesh,Guntur,Guntur,Onion,2021.9,1920.8,2122.99,513.2,Rs/quintal,SYNTHETIC_DEMO
2024-05-02,Andhra Pradesh,Guntur,Guntur,Onion,2013.59,1912.91,2114.27,480.1,Rs/quintal,SYNTHETIC_DEMO
2024-05-03,Andhra Pradesh,Guntur,Guntur,Onion,2013.99,1913.29,2114.68,357.3,Rs/quintal,SYNTHETIC_DEMO
2024-05-04,Andhra Pradesh,Guntur,Guntur,Onion,2006.59,1906.26,2106.92,370.4,Rs/quintal,SYNTHETIC_DEMO
2024-05-05,Andhra Pradesh,Guntur,Guntur,Onion,2003.1,1902.95,2103.26,353.1,Rs/quintal,SYNTHETIC_DEMO
2024-05-06,Andhra Pradesh,Guntur,Guntur,Onion,2006.99,1906.64,2107.34,530.3,Rs/quintal,SYNTHETIC_DEMO
2024-05-07,Andhra Pradesh,Guntur,Guntur,Onion,1999.67,1899.68,2099.65,391.0,Rs/quintal,SYNTHETIC_DEMO
2024-05-08,Andhra Pradesh,Guntur,Guntur,Onion,2002.99,1902.84,2103.14,600.4,Rs/quintal,SYNTHETIC_DEMO
2024-05-09,Andhra Pradesh,Guntur,Guntur,Onion,2006.49,1906.16,2106.81,502.4,Rs/quintal,SYNTHETIC_DEMO
2024-05-10,Andhra Pradesh,Guntur,Guntur,Onion,2011.6,1911.02,2112.18,480.5,Rs/quintal,SYNTHETIC_DEMO
2024-05-11,Andhra Pradesh,Guntur,Guntur,Onion,2010.07,1909.56,2110.57,432.5,Rs/quintal,SYNTHETIC_DEMO
2024-05-12,Andhra Pradesh,Guntur,Guntur,Onion,2030.79,1929.25,2132.33,549.8,Rs/quintal,SYNTHETIC_DEMO
2024-05-13,Andhra Pradesh,Guntur,Guntur,Onion,2035.72,1933.93,2137.5,435.6,Rs/quintal,SYNTHETIC_DEMO
2024-05-14,Andhra Pradesh,Guntur,Guntur,Onion,2035.33,1933.56,2137.09,421.2,Rs/quintal,SYNTHETIC_DEMO
2024-05-15,Andhra Pradesh,Guntur,Guntur,Onion,2026.23,1924.92,2127.54,595.1,Rs/quintal,SYNTHETIC_DEMO
2024-05-16,Andhra Pradesh,Guntur,Guntur,Onion,2022.68,1921.55,2123.82,528.4,Rs/quintal,SYNTHETIC_DEMO
2024-05-17,Andhra Pradesh,Guntur,Guntur,Onion,2030.05,1928.55,2131.55,481.2,Rs/quintal,SYNTHETIC_DEMO
2024-05-18,Andhra Pradesh,Guntur,Guntur,Onion,2039.39,1937.43,2141.36,551.3,Rs/quintal,SYNTHETIC_DEMO
2024-05-19,Andhra Pradesh,Guntur,Guntur,Onion,2047.02,1944.67,2149.37,500.7,Rs/quintal,SYNTHETIC_DEMO
2024-05-20,Andhra Pradesh,Guntur,Guntur,Onion,2049.6,1947.12,2152.08,530.6,Rs/quintal,SYNTHETIC_DEMO
2024-05-21,Andhra Pradesh,Guntur,Guntur,Onion,2037.44,1935.57,2139.31,434.7,Rs/quintal,SYNTHETIC_DEMO
2024-05-22,Andhra Pradesh,Guntur,Guntur,Onion,2037.77,1935.88,2139.66,665.6,Rs/quintal,SYNTHETIC_DEMO
2024-05-23,Andhra Pradesh,Guntur,Guntur,Onion,2025.6,1924.32,2126.88,453.6,Rs/quintal,SYNTHETIC_DEMO
2024-05-24,Andhra Pradesh,Guntur,Guntur,Onion,2011.61,1911.03,2112.19,624.5,Rs/quintal,SYNTHETIC_DEMO
2024-05-25,Andhra Pradesh,Guntur,Guntur,Onion,2010.01,1909.51,2110.51,484.9,Rs/quintal,SYNTHETIC_DEMO
2024-05-26,Andhra Pradesh,Guntur,Guntur,Onion,2010.4,1909.88,2110.92,564.6,Rs/quintal,SYNTHETIC_DEMO
2024-05-27,Andhra Pradesh,Guntur,Guntur,Onion,2013.48,1912.8,2114.15,558.7,Rs/quintal,SYNTHETIC_DEMO
2024-05-28,Andhra Pradesh,Guntur,Guntur,Onion,2013.59,1912.91,2114.27,591.7,Rs/quintal,SYNTHETIC_DEMO
2024-05-29,Andhra Pradesh,Guntur,Guntur,Onion,2013.9,1913.21,2114.6,432.8,Rs/quintal,SYNTHETIC_DEMO
2024-05-30,Andhra Pradesh,Guntur,Guntur,Onion,2003.25,1903.09,2103.42,586.1,Rs/quintal,SYNTHETIC_DEMO
2024-05-31,Andhra Pradesh,Guntur,Guntur,Onion,1998.9,1898.95,2098.84,647.7,Rs/quintal,SYNTHETIC_DEMO
2024-06-01,Andhra Pradesh,Guntur,Guntur,Onion,1984.4,1885.18,2083.62,479.3,Rs/quintal,SYNTHETIC_DEMO
2024-06-02,Andhra Pradesh,Guntur,Guntur,Onion,1966.3,1867.98,2064.61,502.8,Rs/quintal,SYNTHETIC_DEMO
2024-06-03,Andhra Pradesh,Guntur,Guntur,Onion,1967.91,1869.51,2066.31,458.1,Rs/quintal,SYNTHETIC_DEMO
2024-06-04,Andhra Pradesh,Guntur,Guntur,Onion,1958.73,1860.79,2056.67,472.3,Rs/quintal,SYNTHETIC_DEMO
2024-06-05,Andhra Pradesh,Guntur,Guntur,Onion,1961.22,1863.16,2059.28,636.9,Rs/quintal,SYNTHETIC_DEMO
2024-06-06,Andhra Pradesh,Guntur,Guntur,Onion,1965.37,1867.1,2063.64,419.7,Rs/quintal,SYNTHETIC_DEMO
2024-06-07,Andhra Pradesh,Guntur,Guntur,Onion,1957.04,1859.19,2054.9,424.6,Rs/quintal,SYNTHETIC_DEMO
2024-06-08,Andhra Pradesh,Guntur,Guntur,Onion,1957.4,1859.53,2055.27,628.9,Rs/quintal,SYNTHETIC_DEMO
2024-06-09,Andhra Pradesh,Guntur,Guntur,Onion,1948.71,1851.27,2046.14,550.0,Rs/quintal,SYNTHETIC_DEMO
2024-06-10,Andhra Pradesh,Guntur,Guntur,Onion,1931.46,1834.89,2028.03,669.6,Rs/quintal,SYNTHETIC_DEMO
2024-06-11,Andhra Pradesh,Guntur,Guntur,Onion,1928.36,1831.94,2024.78,464.0,Rs/quintal,SYNTHETIC_DEMO
2024-06-12,Andhra Pradesh,Guntur,Guntur,Onion,1920.96,1824.91,2017.0,510.1,Rs/quintal,SYNTHETIC_DEMO
2024-06-13,Andhra Pradesh,Guntur,Guntur,Onion,1913.75,1818.06,2009.43,447.1,Rs/quintal,SYNTHETIC_DEMO
2024-06-14,Andhra Pradesh,Guntur,Guntur,Onion,1923.9,1827.71,2020.1,511.5,Rs/quintal,SYNTHETIC_DEMO
2024-06-15,Andhra Pradesh,Guntur,Guntur,Onion,1908.82,1813.38,2004.27,358.1,Rs/quintal,SYNTHETIC_DEMO
2024-06-16,Andhra Pradesh,Guntur,Guntur,Onion,1907.47,1812.1,2002.84,554.8,Rs/quintal,SYNTHETIC_DEMO
2024-06-17,Andhra Pradesh,Guntur,Guntur,Onion,1896.17,1801.36,1990.98,525.9,Rs/quintal,SYNTHETIC_DEMO
2024-06-18,Andhra Pradesh,Guntur,Guntur,Onion,1898.56,1803.63,1993.49,495.4,Rs/quintal,SYNTHETIC_DEMO
2024-06-19,Andhra Pradesh,Guntur,Guntur,Onion,1896.54,1801.71,1991.36,468.8,Rs/quintal,SYNTHETIC_DEMO
2024-06-20,Andhra Pradesh,Guntur,Guntur,Onion,1895.08,1800.32,1989.83,428.4,Rs/quintal,SYNTHETIC_DEMO
2024-06-21,Andhra Pradesh,Guntur,Guntur,Onion,1884.07,1789.87,1978.27,558.2,Rs/quintal,SYNTHETIC_DEMO
2024-06-22,Andhra Pradesh,Guntur,Guntur,Onion,1874.34,1780.62,1968.06,406.3,Rs/quintal,SYNTHETIC_DEMO
2024-06-23,Andhra Pradesh,Guntur,Guntur,Onion,1876.78,1782.94,1970.62,541.0,Rs/quintal,SYNTHETIC_DEMO
2024-06-24,Andhra Pradesh,Guntur,Guntur,Onion,1885.29,1791.02,1979.55,666.0,Rs/quintal,SYNTHETIC_DEMO
2024-06-25,Andhra Pradesh,Guntur,Guntur,Onion,1884.49,1790.27,1978.72,618.8,Rs/quintal,SYNTHETIC_DEMO
2024-06-26,Andhra Pradesh,Guntur,Guntur,Onion,1873.77,1780.08,1967.46,379.6,Rs/quintal,SYNTHETIC_DEMO
2024-06-27,Andhra Pradesh,Guntur,Guntur,Onion,1871.94,1778.34,1965.53,457.1,Rs/quintal,SYNTHETIC_DEMO
2024-06-28,Andhra Pradesh,Guntur,Guntur,Onion,1885.14,1790.88,1979.4,533.7,Rs/quintal,SYNTHETIC_DEMO
2024-06-29,Andhra Pradesh,Guntur,Guntur,Onion,1881.59,1787.52,1975.67,494.4,Rs/quintal,SYNTHETIC_DEMO
2024-06-30,Andhra Pradesh,Guntur,Guntur,Onion,1887.84,1793.44,1982.23,388.0,Rs/quintal,SYNTHETIC_DEMO
2024-07-01,Andhra Pradesh,Guntur,Guntur,Onion,1878.22,1784.31,1972.13,530.8,Rs/quintal,SYNTHETIC_DEMO
2024-07-02,Andhra Pradesh,Guntur,Guntur,Onion,1873.63,1779.95,1967.31,499.2,Rs/quintal,SYNTHETIC_DEMO
2024-07-03,Andhra Pradesh,Guntur,Guntur,Onion,1873.8,1780.11,1967.49,653.1,Rs/quintal,SYNTHETIC_DEMO
2024-07-04,Andhra Pradesh,Guntur,Guntur,Onion,1872.38,1778.76,1966.0,479.7,Rs/quintal,SYNTHETIC_DEMO
2024-07-05,Andhra Pradesh,Guntur,Guntur,Onion,1862.58,1769.45,1955.71,593.4,Rs/quintal,SYNTHETIC_DEMO
2024-07-06,Andhra Pradesh,Guntur,Guntur,Onion,1852.47,1759.85,1945.1,398.6,Rs/quintal,SYNTHETIC_DEMO
2024-07-07,Andhra Pradesh,Guntur,Guntur,Onion,1855.32,1762.55,1948.08,417.8,Rs/quintal,SYNTHETIC_DEMO
2024-07-08,Andhra Pradesh,Guntur,Guntur,Onion,1859.63,1766.65,1952.61,557.7,Rs/quintal,SYNTHETIC_DEMO
2024-07-09,Andhra Pradesh,Guntur,Guntur,Onion,1866.27,1772.95,1959.58,586.7,Rs/quintal,SYNTHETIC_DEMO
2024-07-10,Andhra Pradesh,Guntur,Guntur,Onion,1875.01,1781.26,1968.76,423.4,Rs/quintal,SYNTHETIC_DEMO
2024-07-11,Andhra Pradesh,Guntur,Guntur,Onion,1871.75,1778.16,1965.34,501.9,Rs/quintal,SYNTHETIC_DEMO
2024-07-12,Andhra Pradesh,Guntur,Guntur,Onion,1865.29,1772.02,1958.55,389.5,Rs/quintal,SYNTHETIC_DEMO
2024-07-13,Andhra Pradesh,Guntur,Guntur,Onion,1870.81,1777.27,1964.35,485.5,Rs/quintal,SYNTHETIC_DEMO
2024-07-14,Andhra Pradesh,Guntur,Guntur,Onion,1871.76,1778.17,1965.34,567.0,Rs/quintal,SYNTHETIC_DEMO
2024-07-15,Andhra Pradesh,Guntur,Guntur,Onion,1860.51,1767.48,1953.54,465.2,Rs/quintal,SYNTHETIC_DEMO
2024-07-16,Andhra Pradesh,Guntur,Guntur,Onion,1848.91,1756.47,1941.36,480.1,Rs/quintal,SYNTHETIC_DEMO
2024-07-17,Andhra Pradesh,Guntur,Guntur,Onion,1848.32,1755.91,1940.74,409.6,Rs/quintal,SYNTHETIC_DEMO
2024-07-18,Andhra Pradesh,Guntur,Guntur,Onion,1842.93,1750.79,1935.08,448.1,Rs/quintal,SYNTHETIC_DEMO
2024-07-19,Andhra Pradesh,Guntur,Guntur,Onion,1838.65,1746.72,1930.59,640.6,Rs/quintal,SYNTHETIC_DEMO
2024-07-20,Andhra Pradesh,Guntur,Guntur,Onion,1842.31,1750.19,1934.42,505.8,Rs/quintal,SYNTHETIC_DEMO
2024-07-21,Andhra Pradesh,Guntur,Guntur,Onion,1843.73,1751.55,1935.92,419.8,Rs/quintal,SYNTHETIC_DEMO
2024-07-22,Andhra Pradesh,Guntur,Guntur,Onion,1849.29,1756.83,1941.76,474.8,Rs/quintal,SYNTHETIC_DEMO
2024-07-23,Andhra Pradesh,Guntur,Guntur,Onion,1831.4,1739.83,1922.97,372.2,Rs/quintal,SYNTHETIC_DEMO
2024-07-24,Andhra Pradesh,Guntur,Guntur,Onion,1829.26,1737.8,1920.73,418.9,Rs/quintal,SYNTHETIC_DEMO
2024-07-25,Andhra Pradesh,Guntur,Guntur,Onion,1830.34,1738.82,1921.85,608.8,Rs/quintal,SYNTHETIC_DEMO
2024-07-26,Andhra Pradesh,Guntur,Guntur,Onion,1815.45,1724.68,1906.22,488.6,Rs/quintal,SYNTHETIC_DEMO
2024-07-27,Andhra Pradesh,Guntur,Guntur,Onion,1806.87,1716.53,1897.21,651.3,Rs/quintal,SYNTHETIC_DEMO
2024-07-28,Andhra Pradesh,Guntur,Guntur,Onion,1796.99,1707.14,1886.84,492.4,Rs/quintal,SYNTHETIC_DEMO
2024-07-29,Andhra Pradesh,Guntur,Guntur,Onion,1793.35,1703.68,1883.02,497.1,Rs/quintal,SYNTHETIC_DEMO
2024-07-30,Andhra Pradesh,Guntur,Guntur,Onion,1801.31,1711.25,1891.38,551.3,Rs/quintal,SYNTHETIC_DEMO
2024-07-31,Andhra Pradesh,Guntur,Guntur,Onion,1812.15,1721.55,1902.76,286.2,Rs/quintal,SYNTHETIC_DEMO
2024-08-01,Andhra Pradesh,Guntur,Guntur,Onion,1802.61,1712.48,1892.74,516.4,Rs/quintal,SYNTHETIC_DEMO
2024-08-02,Andhra Pradesh,Guntur,Guntur,Onion,1802.76,1712.62,1892.9,496.1,Rs/quintal,SYNTHETIC_DEMO
2024-08-03,Andhra Pradesh,Guntur,Guntur,Onion,1803.18,1713.02,1893.34,618.9,Rs/quintal,SYNTHETIC_DEMO
2024-08-04,Andhra Pradesh,Guntur,Guntur,Onion,1802.42,1712.3,1892.54,577.2,Rs/quintal,SYNTHETIC_DEMO
2024-08-05,Andhra Pradesh,Guntur,Guntur,Onion,1801.77,1711.69,1891.86,409.3,Rs/quintal,SYNTHETIC_DEMO
2024-08-06,Andhra Pradesh,Guntur,Guntur,Onion,1800.49,1710.47,1890.52,599.4,Rs/quintal,SYNTHETIC_DEMO
2024-08-07,Andhra Pradesh,Guntur,Guntur,Onion,1809.22,1718.76,1899.68,479.0,Rs/quintal,SYNTHETIC_DEMO
2024-08-08,Andhra Pradesh,Guntur,Guntur,Onion,1813.78,1723.09,1904.47,427.6,Rs/quintal,SYNTHETIC_DEMO
2024-08-09,Andhra Pradesh,Guntur,Guntur,Onion,1802.82,1712.68,1892.96,515.8,Rs/quintal,SYNTHETIC_DEMO
2024-08-10,Andhra Pradesh,Guntur,Guntur,Onion,1805.27,1715.01,1895.53,483.8,Rs/quintal,SYNTHETIC_DEMO
2024-08-11,Andhra Pradesh,Guntur,Guntur,Onion,1808.47,1718.04,1898.89,623.1,Rs/quintal,SYNTHETIC_DEMO
2024-08-12,Andhra Pradesh,Guntur,Guntur,Onion,1807.56,1717.18,1897.93,527.2,Rs/quintal,SYNTHETIC_DEMO
2024-08-13,Andhra Pradesh,Guntur,Guntur,Onion,1812.58,1721.95,1903.21,516.5,Rs/quintal,SYNTHETIC_DEMO
2024-08-14,Andhra Pradesh,Guntur,Guntur,Onion,1810.86,1720.32,1901.4,572.1,Rs/quintal,SYNTHETIC_DEMO
2024-08-15,Andhra Pradesh,Guntur,Guntur,Onion,1809.29,1718.82,1899.75,587.4,Rs/quintal,SYNTHETIC_DEMO
2024-08-16,Andhra Pradesh,Guntur,Guntur,Onion,1807.2,1716.84,1897.56,562.7,Rs/quintal,SYNTHETIC_DEMO
2024-08-17,Andhra Pradesh,Guntur,Guntur,Onion,1789.76,1700.27,1879.25,613.6,Rs/quintal,SYNTHETIC_DEMO
2024-08-18,Andhra Pradesh,Guntur,Guntur,Onion,1786.33,1697.02,1875.65,548.7,Rs/quintal,SYNTHETIC_DEMO
2024-08-19,Andhra Pradesh,Guntur,Guntur,Onion,1778.73,1689.8,1867.67,513.4,Rs/quintal,SYNTHETIC_DEMO
2024-08-20,Andhra Pradesh,Guntur,Guntur,Onion,1767.46,1679.09,1855.83,599.1,Rs/quintal,SYNTHETIC_DEMO
2024-08-21,Andhra Pradesh,Guntur,Guntur,Onion,1775.12,1686.36,1863.87,492.7,Rs/quintal,SYNTHETIC_DEMO
2024-08-22,Andhra Pradesh,Guntur,Guntur,Onion,1776.14,1687.33,1864.94,502.7,Rs/quintal,SYNTHETIC_DEMO
2024-08-23,Andhra Pradesh,Guntur,Guntur,Onion,1773.38,1684.71,1862.04,637.7,Rs/quintal,SYNTHETIC_DEMO
2024-08-24,Andhra Pradesh,Guntur,Guntur,Onion,1766.82,1678.48,1855.17,629.8,Rs/quintal,SYNTHETIC_DEMO
2024-08-25,Andhra Pradesh,Guntur,Guntur,Onion,1766.54,1678.21,1854.86,499.3,Rs/quintal,SYNTHETIC_DEMO
2024-08-26,Andhra Pradesh,Guntur,Guntur,Onion,1771.32,1682.75,1859.89,463.7,Rs/quintal,SYNTHETIC_DEMO
2024-08-27,Andhra Pradesh,Guntur,Guntur,Onion,1763.08,1674.92,1851.23,617.1,Rs/quintal,SYNTHETIC_DEMO
2024-08-28,Andhra Pradesh,Guntur,Guntur,Onion,1760.82,1672.78,1848.86,564.0,Rs/quintal,SYNTHETIC_DEMO
2024-08-29,Andhra Pradesh,Guntur,Guntur,Onion,1764.91,1676.66,1853.15,525.2,Rs/quintal,SYNTHETIC_DEMO
2024-08-30,Andhra Pradesh,Guntur,Guntur,Onion,1748.88,1661.44,1836.32,474.3,Rs/quintal,SYNTHETIC_DEMO
2024-08-31,Andhra Pradesh,Guntur,Guntur,Onion,1746.44,1659.12,1833.77,526.5,Rs/quintal,SYNTHETIC_DEMO
2024-09-01,Andhra Pradesh,Guntur,Guntur,Onion,1741.4,1654.33,1828.47,498.3,Rs/quintal,SYNTHETIC_DEMO
2024-09-02,Andhra Pradesh,Guntur,Guntur,Onion,1738.55,1651.63,1825.48,446.9,Rs/quintal,SYNTHETIC_DEMO
2024-09-03,Andhra Pradesh,Guntur,Guntur,Onion,1733.13,1646.47,1819.79,510.3,Rs/quintal,SYNTHETIC_DEMO
2024-09-04,Andhra Pradesh,Guntur,Guntur,Onion,1732.38,1645.76,1819.0,521.2,Rs/quintal,SYNTHETIC_DEMO
2024-09-05,Andhra Pradesh,Guntur,Guntur,Onion,1744.56,1657.33,1831.79,470.0,Rs/quintal,SYNTHETIC_DEMO
2024-09-06,Andhra Pradesh,Guntur,Guntur,Onion,1740.63,1653.6,1827.66,572.3,Rs/quintal,SYNTHETIC_DEMO
2024-09-07,Andhra Pradesh,Guntur,Guntur,Onion,1741.21,1654.15,1828.27,603.1,Rs/quintal,SYNTHETIC_DEMO
2024-09-08,Andhra Pradesh,Guntur,Guntur,Onion,1754.12,1666.41,1841.83,577.6,Rs/quintal,SYNTHETIC_DEMO
2024-09-09,Andhra Pradesh,Guntur,Guntur,Onion,1748.78,1661.34,1836.22,477.9,Rs/quintal,SYNTHETIC_DEMO
2024-09-10,Andhra Pradesh,Guntur,Guntur,Onion,1760.55,1672.52,1848.57,560.5,Rs/quintal,SYNTHETIC_DEMO
2024-09-11,Andhra Pradesh,Guntur,Guntur,Onion,1759.36,1671.39,1847.32,506.2,Rs/quintal,SYNTHETIC_DEMO
2024-09-12,Andhra Pradesh,Guntur,Guntur,Onion,1771.03,1682.48,1859.59,401.1,Rs/quintal,SYNTHETIC_DEMO
2024-09-13,Andhra Pradesh,Guntur,Guntur,Onion,1775.36,1686.59,1864.13,553.8,Rs/quintal,SYNTHETIC_DEMO
2024-09-14,Andhra Pradesh,Guntur,Guntur,Onion,1776.57,1687.74,1865.4,511.7,Rs/quintal,SYNTHETIC_DEMO
2024-09-15,Andhra Pradesh,Guntur,Guntur,Onion,1775.17,1686.42,1863.93,707.5,Rs/quintal,SYNTHETIC_DEMO
2024-09-16,Andhra Pradesh,Guntur,Guntur,Onion,1769.83,1681.34,1858.33,616.6,Rs/quintal,SYNTHETIC_DEMO
2024-09-17,Andhra Pradesh,Guntur,Guntur,Onion,1769.61,1681.13,1858.09,556.9,Rs/quintal,SYNTHETIC_DEMO
2024-09-18,Andhra Pradesh,Guntur,Guntur,Onion,1775.38,1686.61,1864.15,519.9,Rs/quintal,SYNTHETIC_DEMO
2024-09-19,Andhra Pradesh,Guntur,Guntur,Onion,1774.67,1685.94,1863.41,513.1,Rs/quintal,SYNTHETIC_DEMO
2024-09-20,Andhra Pradesh,Guntur,Guntur,Onion,1771.86,1683.27,1860.45,419.7,Rs/quintal,SYNTHETIC_DEMO
2024-09-21,Andhra Pradesh,Guntur,Guntur,Onion,1769.6,1681.12,1858.08,360.9,Rs/quintal,SYNTHETIC_DEMO
2024-09-22,Andhra Pradesh,Guntur,Guntur,Onion,1776.37,1687.55,1865.19,430.2,Rs/quintal,SYNTHETIC_DEMO
2024-09-23,Andhra Pradesh,Guntur,Guntur,Onion,1784.89,1695.65,1874.14,496.2,Rs/quintal,SYNTHETIC_DEMO
2024-09-24,Andhra Pradesh,Guntur,Guntur,Onion,1779.87,1690.88,1868.86,331.6,Rs/quintal,SYNTHETIC_DEMO
2024-09-25,Andhra Pradesh,Guntur,Guntur,Onion,1774.92,1686.17,1863.66,456.5,Rs/quintal,SYNTHETIC_DEMO
2024-09-26,Andhra Pradesh,Guntur,Guntur,Onion,1777.59,1688.71,1866.47,480.2,Rs/quintal,SYNTHETIC_DEMO
2024-09-27,Andhra Pradesh,Guntur,Guntur,Onion,1788.61,1699.18,1878.04,482.8,Rs/quintal,SYNTHETIC_DEMO
2024-09-28,Andhra Pradesh,Guntur,Guntur,Onion,1796.96,1707.11,1886.81,447.1,Rs/quintal,SYNTHETIC_DEMO
2024-09-29,Andhra Pradesh,Guntur,Guntur,Onion,1788.12,1698.72,1877.53,472.7,Rs/quintal,SYNTHETIC_DEMO
2024-09-30,Andhra Pradesh,Guntur,Guntur,Onion,1786.48,1697.16,1875.81,637.9,Rs/quintal,SYNTHETIC_DEMO
2024-10-01,Andhra Pradesh,Guntur,Guntur,Onion,1780.12,1691.12,1869.13,553.0,Rs/quintal,SYNTHETIC_DEMO
2024-10-02,Andhra Pradesh,Guntur,Guntur,Onion,1778.62,1689.69,1867.55,455.2,Rs/quintal,SYNTHETIC_DEMO
2024-10-03,Andhra Pradesh,Guntur,Guntur,Onion,1790.67,1701.14,1880.2,494.5,Rs/quintal,SYNTHETIC_DEMO
2024-10-04,Andhra Pradesh,Guntur,Guntur,Onion,1781.01,1691.96,1870.06,497.7,Rs/quintal,SYNTHETIC_DEMO
2024-10-05,Andhra Pradesh,Guntur,Guntur,Onion,1770.01,1681.51,1858.51,438.6,Rs/quintal,SYNTHETIC_DEMO
2024-10-06,Andhra Pradesh,Guntur,Guntur,Onion,1764.78,1676.54,1853.02,438.5,Rs/quintal,SYNTHETIC_DEMO
2024-10-07,Andhra Pradesh,Guntur,Guntur,Onion,1767.67,1679.29,1856.06,580.8,Rs/quintal,SYNTHETIC_DEMO
2024-10-08,Andhra Pradesh,Guntur,Guntur,Onion,1773.04,1684.39,1861.69,466.4,Rs/quintal,SYNTHETIC_DEMO
2024-10-09,Andhra Pradesh,Guntur,Guntur,Onion,1777.17,1688.31,1866.03,412.4,Rs/quintal,SYNTHETIC_DEMO
2024-10-10,Andhra Pradesh,Guntur,Guntur,Onion,1786.69,1697.36,1876.02,496.5,Rs/quintal,SYNTHETIC_DEMO
2024-10-11,Andhra Pradesh,Guntur,Guntur,Onion,1775.13,1686.38,1863.89,509.4,Rs/quintal,SYNTHETIC_DEMO
2024-10-12,Andhra Pradesh,Guntur,Guntur,Onion,1784.9,1695.66,1874.15,342.2,Rs/quintal,SYNTHETIC_DEMO
2024-10-13,Andhra Pradesh,Guntur,Guntur,Onion,1783.95,1694.75,1873.15,496.7,Rs/quintal,SYNTHETIC_DEMO
2024-10-14,Andhra Pradesh,Guntur,Guntur,Onion,1790.59,1701.06,1880.12,569.4,Rs/quintal,SYNTHETIC_DEMO
2024-10-15,Andhra Pradesh,Guntur,Guntur,Onion,1782.51,1693.38,1871.64,536.1,Rs/quintal,SYNTHETIC_DEMO
2024-10-16,Andhra Pradesh,Guntur,Guntur,Onion,1784.07,1694.87,1873.28,678.4,Rs/quintal,SYNTHETIC_DEMO
2024-10-17,Andhra Pradesh,Guntur,Guntur,Onion,1787.38,1698.01,1876.75,600.1,Rs/quintal,SYNTHETIC_DEMO
2024-10-18,Andhra Pradesh,Guntur,Guntur,Onion,1797.38,1707.51,1887.25,615.9,Rs/quintal,SYNTHETIC_DEMO
2024-10-19,Andhra Pradesh,Guntur,Guntur,Onion,1787.73,1698.34,1877.11,724.0,Rs/quintal,SYNTHETIC_DEMO
2024-10-20,Andhra Pradesh,Guntur,Guntur,Onion,1789.78,1700.29,1879.27,560.7,Rs/quintal,SYNTHETIC_DEMO
2024-10-21,Andhra Pradesh,Guntur,Guntur,Onion,1783.88,1694.68,1873.07,513.0,Rs/quintal,SYNTHETIC_DEMO
2024-10-22,Andhra Pradesh,Guntur,Guntur,Onion,1789.5,1700.03,1878.98,577.9,Rs/quintal,SYNTHETIC_DEMO
2024-10-23,Andhra Pradesh,Guntur,Guntur,Onion,1797.16,1707.3,1887.02,455.3,Rs/quintal,SYNTHETIC_DEMO
2024-10-24,Andhra Pradesh,Guntur,Guntur,Onion,1808.56,1718.13,1898.99,508.6,Rs/quintal,SYNTHETIC_DEMO
2024-10-25,Andhra Pradesh,Guntur,Guntur,Onion,1806.92,1716.57,1897.26,448.2,Rs/quintal,SYNTHETIC_DEMO
2024-10-26,Andhra Pradesh,Guntur,Guntur,Onion,1815.87,1725.08,1906.67,531.8,Rs/quintal,SYNTHETIC_DEMO
2024-10-27,Andhra Pradesh,Guntur,Guntur,Onion,1828.02,1736.62,1919.43,447.8,Rs/quintal,SYNTHETIC_DEMO
2024-10-28,Andhra Pradesh,Guntur,Guntur,Onion,1818.62,1727.69,1909.55,445.0,Rs/quintal,SYNTHETIC_DEMO
2024-10-29,Andhra Pradesh,Guntur,Guntur,Onion,1825.52,1734.25,1916.8,533.1,Rs/quintal,SYNTHETIC_DEMO
2024-10-30,Andhra Pradesh,Guntur,Guntur,Onion,1834.99,1743.24,1926.74,489.0,Rs/quintal,SYNTHETIC_DEMO
2024-10-31,Andhra Pradesh,Guntur,Guntur,Onion,1835.77,1743.98,1927.56,345.8,Rs/quintal,SYNTHETIC_DEMO
2024-11-01,Andhra Pradesh,Guntur,Guntur,Onion,1829.76,1738.27,1921.25,383.6,Rs/quintal,SYNTHETIC_DEMO
2024-11-02,Andhra Pradesh,Guntur,Guntur,Onion,1839.32,1747.36,1931.29,408.2,Rs/quintal,SYNTHETIC_DEMO
2024-11-03,Andhra Pradesh,Guntur,Guntur,Onion,1833.53,1741.85,1925.21,429.4,Rs/quintal,SYNTHETIC_DEMO
2024-11-04,Andhra Pradesh,Guntur,Guntur,Onion,1835.16,1743.4,1926.91,533.2,Rs/quintal,SYNTHETIC_DEMO
2024-11-05,Andhra Pradesh,Guntur,Guntur,Onion,1837.84,1745.95,1929.74,517.5,Rs/quintal,SYNTHETIC_DEMO
2024-11-06,Andhra Pradesh,Guntur,Guntur,Onion,1846.04,1753.74,1938.34,585.2,Rs/quintal,SYNTHETIC_DEMO
2024-11-07,Andhra Pradesh,Guntur,Guntur,Onion,1844.64,1752.4,1936.87,560.2,Rs/quintal,SYNTHETIC_DEMO
2024-11-08,Andhra Pradesh,Guntur,Guntur,Onion,1842.88,1750.74,1935.02,585.8,Rs/quintal,SYNTHETIC_DEMO
2024-11-09,Andhra Pradesh,Guntur,Guntur,Onion,1846.83,1754.49,1939.17,548.7,Rs/quintal,SYNTHETIC_DEMO
2024-11-10,Andhra Pradesh,Guntur,Guntur,Onion,1857.37,1764.5,1950.24,516.8,Rs/quintal,SYNTHETIC_DEMO
2024-11-11,Andhra Pradesh,Guntur,Guntur,Onion,1877.2,1783.34,1971.06,587.9,Rs/quintal,SYNTHETIC_DEMO
2024-11-12,Andhra Pradesh,Guntur,Guntur,Onion,1869.77,1776.28,1963.25,573.6,Rs/quintal,SYNTHETIC_DEMO
2024-11-13,Andhra Pradesh,Guntur,Guntur,Onion,1875.52,1781.74,1969.29,530.1,Rs/quintal,SYNTHETIC_DEMO
2024-11-14,Andhra Pradesh,Guntur,Guntur,Onion,1871.23,1777.67,1964.79,601.7,Rs/quintal,SYNTHETIC_DEMO
2024-11-15,Andhra Pradesh,Guntur,Guntur,Onion,1882.16,1788.06,1976.27,312.3,Rs/quintal,SYNTHETIC_DEMO
2024-11-16,Andhra Pradesh,Guntur,Guntur,Onion,1879.06,1785.11,1973.01,476.8,Rs/quintal,SYNTHETIC_DEMO
2024-11-17,Andhra Pradesh,Guntur,Guntur,Onion,1877.91,1784.02,1971.81,475.5,Rs/quintal,SYNTHETIC_DEMO
2024-11-18,Andhra Pradesh,Guntur,Guntur,Onion,1877.43,1783.56,1971.31,592.2,Rs/quintal,SYNTHETIC_DEMO
2024-11-19,Andhra Pradesh,Guntur,Guntur,Onion,1880.7,1786.67,1974.74,625.7,Rs/quintal,SYNTHETIC_DEMO
2024-11-20,Andhra Pradesh,Guntur,Guntur,Onion,1886.9,1792.56,1981.25,384.0,Rs/quintal,SYNTHETIC_DEMO
2024-11-21,Andhra Pradesh,Guntur,Guntur,Onion,1894.31,1799.59,1989.02,612.9,Rs/quintal,SYNTHETIC_DEMO
2024-11-22,Andhra Pradesh,Guntur,Guntur,Onion,1898.24,1803.33,1993.15,406.3,Rs/quintal,SYNTHETIC_DEMO
2024-11-23,Andhra Pradesh,Guntur,Guntur,Onion,1892.69,1798.05,1987.32,408.7,Rs/quintal,SYNTHETIC_DEMO
2024-11-24,Andhra Pradesh,Guntur,Guntur,Onion,1902.0,1806.9,1997.1,481.3,Rs/quintal,SYNTHETIC_DEMO
2024-11-25,Andhra Pradesh,Guntur,Guntur,Onion,1905.74,1810.45,2001.03,474.5,Rs/quintal,SYNTHETIC_DEMO
2024-11-26,Andhra Pradesh,Guntur,Guntur,Onion,1918.27,1822.36,2014.19,375.3,Rs/quintal,SYNTHETIC_DEMO
2024-11-27,Andhra Pradesh,Guntur,Guntur,Onion,1917.39,1821.52,2013.26,552.0,Rs/quintal,SYNTHETIC_DEMO
2024-11-28,Andhra Pradesh,Guntur,Guntur,Onion,1910.11,1814.6,2005.61,554.4,Rs/quintal,SYNTHETIC_DEMO
2024-11-29,Andhra Pradesh,Guntur,Guntur,Onion,1914.16,1818.45,2009.87,584.3,Rs/quintal,SYNTHETIC_DEMO
2024-11-30,Andhra Pradesh,Guntur,Guntur,Onion,1927.83,1831.44,2024.23,465.3,Rs/quintal,SYNTHETIC_DEMO
2024-12-01,Andhra Pradesh,Guntur,Guntur,Onion,1933.37,1836.71,2030.04,496.8,Rs/quintal,SYNTHETIC_DEMO
2024-12-02,Andhra Pradesh,Guntur,Guntur,Onion,1936.36,1839.54,2033.18,497.6,Rs/quintal,SYNTHETIC_DEMO
2024-12-03,Andhra Pradesh,Guntur,Guntur,Onion,1934.55,1837.82,2031.28,635.0,Rs/quintal,SYNTHETIC_DEMO
2024-12-04,Andhra Pradesh,Guntur,Guntur,Onion,1951.7,1854.12,2049.29,273.3,Rs/quintal,SYNTHETIC_DEMO
2024-12-05,Andhra Pradesh,Guntur,Guntur,Onion,1948.82,1851.38,2046.26,423.4,Rs/quintal,SYNTHETIC_DEMO
2024-12-06,Andhra Pradesh,Guntur,Guntur,Onion,1948.17,1850.76,2045.58,500.4,Rs/quintal,SYNTHETIC_DEMO
2024-12-07,Andhra Pradesh,Guntur,Guntur,Onion,1956.87,1859.03,2054.72,413.2,Rs/quintal,SYNTHETIC_DEMO
2024-12-08,Andhra Pradesh,Guntur,Guntur,Onion,1948.14,1850.73,2045.55,479.3,Rs/quintal,SYNTHETIC_DEMO
2024-12-09,Andhra Pradesh,Guntur,Guntur,Onion,1961.98,1863.88,2060.08,489.9,Rs/quintal,SYNTHETIC_DEMO
2024-12-10,Andhra Pradesh,Guntur,Guntur,Onion,1971.17,1872.61,2069.73,447.4,Rs/quintal,SYNTHETIC_DEMO
2024-12-11,Andhra Pradesh,Guntur,Guntur,Onion,1982.36,1883.25,2081.48,505.2,Rs/quintal,SYNTHETIC_DEMO
2024-12-12,Andhra Pradesh,Guntur,Guntur,Onion,1991.13,1891.58,2090.69,550.3,Rs/quintal,SYNTHETIC_DEMO
2024-12-13,Andhra Pradesh,Guntur,Guntur,Onion,1994.75,1895.01,2094.48,481.1,Rs/quintal,SYNTHETIC_DEMO
2024-12-14,Andhra Pradesh,Guntur,Guntur,Onion,1991.89,1892.29,2091.48,463.7,Rs/quintal,SYNTHETIC_DEMO
2024-12-15,Andhra Pradesh,Guntur,Guntur,Onion,1995.7,1895.92,2095.49,486.7,Rs/quintal,SYNTHETIC_DEMO
2024-12-16,Andhra Pradesh,Guntur,Guntur,Onion,1993.52,1893.85,2093.2,499.4,Rs/quintal,SYNTHETIC_DEMO
2024-12-17,Andhra Pradesh,Guntur,Guntur,Onion,2001.89,1901.79,2101.98,360.8,Rs/quintal,SYNTHETIC_DEMO
2024-12-18,Andhra Pradesh,Guntur,Guntur,Onion,2012.58,1911.95,2113.21,536.9,Rs/quintal,SYNTHETIC_DEMO
2024-12-19,Andhra Pradesh,Guntur,Guntur,Onion,2028.11,1926.71,2129.52,463.9,Rs/quintal,SYNTHETIC_DEMO
2024-12-20,Andhra Pradesh,Guntur,Guntur,Onion,2035.71,1933.92,2137.49,600.9,Rs/quintal,SYNTHETIC_DEMO
2024-12-21,Andhra Pradesh,Guntur,Guntur,Onion,2047.3,1944.93,2149.66,547.3,Rs/quintal,SYNTHETIC_DEMO
2024-12-22,Andhra Pradesh,Guntur,Guntur,Onion,2050.1,1947.6,2152.61,593.6,Rs/quintal,SYNTHETIC_DEMO
2024-12-23,Andhra Pradesh,Guntur,Guntur,Onion,2051.62,1949.04,2154.2,419.1,Rs/quintal,SYNTHETIC_DEMO
2024-12-24,Andhra Pradesh,Guntur,Guntur,Onion,2060.0,1957.0,2163.0,470.3,Rs/quintal,SYNTHETIC_DEMO
2024-12-25,Andhra Pradesh,Guntur,Guntur,Onion,2062.19,1959.08,2165.3,400.6,Rs/quintal,SYNTHETIC_DEMO
2024-12-26,Andhra Pradesh,Guntur,Guntur,Onion,2069.12,1965.66,2172.57,443.6,Rs/quintal,SYNTHETIC_DEMO
2024-12-27,Andhra Pradesh,Guntur,Guntur,Onion,2066.47,1963.15,2169.79,600.2,Rs/quintal,SYNTHETIC_DEMO
2024-12-28,Andhra Pradesh,Guntur,Guntur,Onion,2065.12,1961.87,2168.38,619.0,Rs/quintal,SYNTHETIC_DEMO
2024-12-29,Andhra Pradesh,Guntur,Guntur,Onion,2074.7,1970.97,2178.44,408.1,Rs/quintal,SYNTHETIC_DEMO
2024-12-30,Andhra Pradesh,Guntur,Guntur,Onion,2086.09,1981.79,2190.4,463.3,Rs/quintal,SYNTHETIC_DEMO
2024-12-31,Andhra Pradesh,Guntur,Guntur,Onion,2084.0,1979.8,2188.2,493.9,Rs/quintal,SYNTHETIC_DEMO
2022-01-01,Andhra Pradesh,Guntur,Guntur,Maize,2104.92,1999.67,2210.17,582.9,Rs/quintal,SYNTHETIC_DEMO
2022-01-02,Andhra Pradesh,Guntur,Guntur,Maize,2095.98,1991.18,2200.78,451.5,Rs/quintal,SYNTHETIC_DEMO
2022-01-03,Andhra Pradesh,Guntur,Guntur,Maize,2088.35,1983.94,2192.77,502.1,Rs/quintal,SYNTHETIC_DEMO
2022-01-04,Andhra Pradesh,Guntur,Guntur,Maize,2098.3,1993.39,2203.22,397.4,Rs/quintal,SYNTHETIC_DEMO
2022-01-05,Andhra Pradesh,Guntur,Guntur,Maize,2087.77,1983.38,2192.15,483.6,Rs/quintal,SYNTHETIC_DEMO
2022-01-06,Andhra Pradesh,Guntur,Guntur,Maize,2089.84,1985.35,2194.33,449.9,Rs/quintal,SYNTHETIC_DEMO
2022-01-07,Andhra Pradesh,Guntur,Guntur,Maize,2097.02,1992.17,2201.87,467.8,Rs/quintal,SYNTHETIC_DEMO
2022-01-08,Andhra Pradesh,Guntur,Guntur,Maize,2106.32,2001.0,2211.63,440.0,Rs/quintal,SYNTHETIC_DEMO
2022-01-09,Andhra Pradesh,Guntur,Guntur,Maize,2110.92,2005.38,2216.47,477.0,Rs/quintal,SYNTHETIC_DEMO
2022-01-10,Andhra Pradesh,Guntur,Guntur,Maize,2113.64,2007.96,2219.32,542.6,Rs/quintal,SYNTHETIC_DEMO
2022-01-11,Andhra Pradesh,Guntur,Guntur,Maize,2126.5,2020.18,2232.83,490.4,Rs/quintal,SYNTHETIC_DEMO
2022-01-12,Andhra Pradesh,Guntur,Guntur,Maize,2134.65,2027.92,2241.38,350.9,Rs/quintal,SYNTHETIC_DEMO
2022-01-13,Andhra Pradesh,Guntur,Guntur,Maize,2134.95,2028.21,2241.7,440.3,Rs/quintal,SYNTHETIC_DEMO
2022-01-14,Andhra Pradesh,Guntur,Guntur,Maize,2140.99,2033.94,2248.04,378.4,Rs/quintal,SYNTHETIC_DEMO
2022-01-15,Andhra Pradesh,Guntur,Guntur,Maize,2149.9,2042.41,2257.4,519.5,Rs/quintal,SYNTHETIC_DEMO
2022-01-16,Andhra Pradesh,Guntur,Guntur,Maize,2170.01,2061.51,2278.51,540.3,Rs/quintal,SYNTHETIC_DEMO
2022-01-17,Andhra Pradesh,Guntur,Guntur,Maize,2182.27,2073.15,2291.38,520.5,Rs/quintal,SYNTHETIC_DEMO
2022-01-18,Andhra Pradesh,Guntur,Guntur,Maize,2198.09,2088.19,2308.0,437.0,Rs/quintal,SYNTHETIC_DEMO
2022-01-19,Andhra Pradesh,Guntur,Guntur,Maize,2198.56,2088.63,2308.49,519.7,Rs/quintal,SYNTHETIC_DEMO
2022-01-20,Andhra Pradesh,Guntur,Guntur,Maize,2199.73,2089.74,2309.72,462.4,Rs/quintal,SYNTHETIC_DEMO
2022-01-21,Andhra Pradesh,Guntur,Guntur,Maize,2203.29,2093.13,2313.46,408.9,Rs/quintal,SYNTHETIC_DEMO
2022-01-22,Andhra Pradesh,Guntur,Guntur,Maize,2207.59,2097.21,2317.97,559.4,Rs/quintal,SYNTHETIC_DEMO
2022-01-23,Andhra Pradesh,Guntur,Guntur,Maize,2204.6,2094.37,2314.83,565.4,Rs/quintal,SYNTHETIC_DEMO
2022-01-24,Andhra Pradesh,Guntur,Guntur,Maize,2220.68,2109.64,2331.71,575.9,Rs/quintal,SYNTHETIC_DEMO
2022-01-25,Andhra Pradesh,Guntur,Guntur,Maize,2233.5,2121.83,2345.18,451.3,Rs/quintal,SYNTHETIC_DEMO
2022-01-26,Andhra Pradesh,Guntur,Guntur,Maize,2236.3,2124.49,2348.12,594.3,Rs/quintal,SYNTHETIC_DEMO
2022-01-27,Andhra Pradesh,Guntur,Guntur,Maize,2247.02,2134.67,2359.37,460.5,Rs/quintal,SYNTHETIC_DEMO
2022-01-28,Andhra Pradesh,Guntur,Guntur,Maize,2254.18,2141.47,2366.89,552.3,Rs/quintal,SYNTHETIC_DEMO
2022-01-29,Andhra Pradesh,Guntur,Guntur,Maize,2265.47,2152.2,2378.75,459.1,Rs/quintal,SYNTHETIC_DEMO
2022-01-30,Andhra Pradesh,Guntur,Guntur,Maize,2259.38,2146.41,2372.35,482.1,Rs/quintal,SYNTHETIC_DEMO
2022-01-31,Andhra Pradesh,Guntur,Guntur,Maize,2263.32,2150.15,2376.48,306.3,Rs/quintal,SYNTHETIC_DEMO
2022-02-01,Andhra Pradesh,Guntur,Guntur,Maize,2267.94,2154.54,2381.34,475.8,Rs/quintal,SYNTHETIC_DEMO
2022-02-02,Andhra Pradesh,Guntur,Guntur,Maize,2278.24,2164.33,2392.16,507.3,Rs/quintal,SYNTHETIC_DEMO
2022-02-03,Andhra Pradesh,Guntur,Guntur,Maize,2277.98,2164.08,2391.88,467.2,Rs/quintal,SYNTHETIC_DEMO
2022-02-04,Andhra Pradesh,Guntur,Guntur,Maize,2261.95,2148.85,2375.05,640.5,Rs/quintal,SYNTHETIC_DEMO
2022-02-05,Andhra Pradesh,Guntur,Guntur,Maize,2257.78,2144.89,2370.66,407.0,Rs/quintal,SYNTHETIC_DEMO
2022-02-06,Andhra Pradesh,Guntur,Guntur,Maize,2262.12,2149.02,2375.23,454.9,Rs/quintal,SYNTHETIC_DEMO
2022-02-07,Andhra Pradesh,Guntur,Guntur,Maize,2267.47,2154.09,2380.84,427.6,Rs/quintal,SYNTHETIC_DEMO
2022-02-08,Andhra Pradesh,Guntur,Guntur,Maize,2286.36,2172.04,2400.68,454.9,Rs/quintal,SYNTHETIC_DEMO
2022-02-09,Andhra Pradesh,Guntur,Guntur,Maize,2295.95,2181.15,2410.75,582.5,Rs/quintal,SYNTHETIC_DEMO
2022-02-10,Andhra Pradesh,Guntur,Guntur,Maize,2301.27,2186.21,2416.34,618.2,Rs/quintal,SYNTHETIC_DEMO
2022-02-11,Andhra Pradesh,Guntur,Guntur,Maize,2305.58,2190.3,2420.86,443.9,Rs/quintal,SYNTHETIC_DEMO
2022-02-12,Andhra Pradesh,Guntur,Guntur,Maize,2319.37,2203.4,2435.34,442.2,Rs/quintal,SYNTHETIC_DEMO
2022-02-13,Andhra Pradesh,Guntur,Guntur,Maize,2318.87,2202.92,2434.81,407.4,Rs/quintal,SYNTHETIC_DEMO
2022-02-14,Andhra Pradesh,Guntur,Guntur,Maize,2322.08,2205.98,2438.19,604.5,Rs/quintal,SYNTHETIC_DEMO
2022-02-15,Andhra Pradesh,Guntur,Guntur,Maize,2317.26,2201.4,2433.12,589.7,Rs/quintal,SYNTHETIC_DEMO
2022-02-16,Andhra Pradesh,Guntur,Guntur,Maize,2333.44,2216.77,2450.11,491.5,Rs/quintal,SYNTHETIC_DEMO
2022-02-17,Andhra Pradesh,Guntur,Guntur,Maize,2340.93,2223.89,2457.98,388.3,Rs/quintal,SYNTHETIC_DEMO
2022-02-18,Andhra Pradesh,Guntur,Guntur,Maize,2339.12,2222.16,2456.07,395.5,Rs/quintal,SYNTHETIC_DEMO
2022-02-19,Andhra Pradesh,Guntur,Guntur,Maize,2342.22,2225.11,2459.33,513.7,Rs/quintal,SYNTHETIC_DEMO
2022-02-20,Andhra Pradesh,Guntur,Guntur,Maize,2350.49,2232.96,2468.01,543.9,Rs/quintal,SYNTHETIC_DEMO
2022-02-21,Andhra Pradesh,Guntur,Guntur,Maize,2352.3,2234.69,2469.92,334.7,Rs/quintal,SYNTHETIC_DEMO
2022-02-22,Andhra Pradesh,Guntur,Guntur,Maize,2351.66,2234.08,2469.24,474.3,Rs/quintal,SYNTHETIC_DEMO
2022-02-23,Andhra Pradesh,Guntur,Guntur,Maize,2349.94,2232.44,2467.44,629.5,Rs/quintal,SYNTHETIC_DEMO
2022-02-24,Andhra Pradesh,Guntur,Guntur,Maize,2356.49,2238.66,2474.31,482.6,Rs/quintal,SYNTHETIC_DEMO
2022-02-25,Andhra Pradesh,Guntur,Guntur,Maize,2357.1,2239.25,2474.96,619.2,Rs/quintal,SYNTHETIC_DEMO
2022-02-26,Andhra Pradesh,Guntur,Guntur,Maize,2356.84,2239.0,2474.69,551.9,Rs/quintal,SYNTHETIC_DEMO
2022-02-27,Andhra Pradesh,Guntur,Guntur,Maize,2349.09,2231.64,2466.55,413.3,Rs/quintal,SYNTHETIC_DEMO
2022-02-28,Andhra Pradesh,Guntur,Guntur,Maize,2353.14,2235.49,2470.8,476.6,Rs/quintal,SYNTHETIC_DEMO
2022-03-01,Andhra Pradesh,Guntur,Guntur,Maize,2354.94,2237.19,2472.68,489.7,Rs/quintal,SYNTHETIC_DEMO
2022-03-02,Andhra Pradesh,Guntur,Guntur,Maize,2355.47,2237.7,2473.25,423.8,Rs/quintal,SYNTHETIC_DEMO
2022-03-03,Andhra Pradesh,Guntur,Guntur,Maize,2360.3,2242.29,2478.32,422.4,Rs/quintal,SYNTHETIC_DEMO
2022-03-04,Andhra Pradesh,Guntur,Guntur,Maize,2369.66,2251.18,2488.15,620.5,Rs/quintal,SYNTHETIC_DEMO
2022-03-05,Andhra Pradesh,Guntur,Guntur,Maize,2378.55,2259.62,2497.48,421.8,Rs/quintal,SYNTHETIC_DEMO
2022-03-06,Andhra Pradesh,Guntur,Guntur,Maize,2386.11,2266.8,2505.41,586.3,Rs/quintal,SYNTHETIC_DEMO
2022-03-07,Andhra Pradesh,Guntur,Guntur,Maize,2386.91,2267.57,2506.26,465.1,Rs/quintal,SYNTHETIC_DEMO
2022-03-08,Andhra Pradesh,Guntur,Guntur,Maize,2384.9,2265.65,2504.14,497.9,Rs/quintal,SYNTHETIC_DEMO
2022-03-09,Andhra Pradesh,Guntur,Guntur,Maize,2378.79,2259.85,2497.73,544.9,Rs/quintal,SYNTHETIC_DEMO
2022-03-10,Andhra Pradesh,Guntur,Guntur,Maize,2376.38,2257.56,2495.2,452.1,Rs/quintal,SYNTHETIC_DEMO
2022-03-11,Andhra Pradesh,Guntur,Guntur,Maize,2379.04,2260.09,2497.99,545.4,Rs/quintal,SYNTHETIC_DEMO
2022-03-12,Andhra Pradesh,Guntur,Guntur,Maize,2374.84,2256.09,2493.58,336.3,Rs/quintal,SYNTHETIC_DEMO
2022-03-13,Andhra Pradesh,Guntur,Guntur,Maize,2377.96,2259.06,2496.86,535.2,Rs/quintal,SYNTHETIC_DEMO
2022-03-14,Andhra Pradesh,Guntur,Guntur,Maize,2372.08,2253.47,2490.68,302.5,Rs/quintal,SYNTHETIC_DEMO
2022-03-15,Andhra Pradesh,Guntur,Guntur,Maize,2360.26,2242.25,2478.28,481.9,Rs/quintal,SYNTHETIC_DEMO
2022-03-16,Andhra Pradesh,Guntur,Guntur,Maize,2369.2,2250.74,2487.66,568.3,Rs/quintal,SYNTHETIC_DEMO
2022-03-17,Andhra Pradesh,Guntur,Guntur,Maize,2367.18,2248.82,2485.53,549.8,Rs/quintal,SYNTHETIC_DEMO
2022-03-18,Andhra Pradesh,Guntur,Guntur,Maize,2362.02,2243.92,2480.12,396.1,Rs/quintal,SYNTHETIC_DEMO
2022-03-19,Andhra Pradesh,Guntur,Guntur,Maize,2354.61,2236.88,2472.34,406.4,Rs/quintal,SYNTHETIC_DEMO
2022-03-20,Andhra Pradesh,Guntur,Guntur,Maize,2359.86,2241.86,2477.85,444.9,Rs/quintal,SYNTHETIC_DEMO
2022-03-21,Andhra Pradesh,Guntur,Guntur,Maize,2373.01,2254.35,2491.66,514.9,Rs/quintal,SYNTHETIC_DEMO
2022-03-22,Andhra Pradesh,Guntur,Guntur,Maize,2371.13,2252.57,2489.69,337.4,Rs/quintal,SYNTHETIC_DEMO
2022-03-23,Andhra Pradesh,Guntur,Guntur,Maize,2370.74,2252.2,2489.27,498.9,Rs/quintal,SYNTHETIC_DEMO
2022-03-24,Andhra Pradesh,Guntur,Guntur,Maize,2381.06,2262.01,2500.12,524.9,Rs/quintal,SYNTHETIC_DEMO
2022-03-25,Andhra Pradesh,Guntur,Guntur,Maize,2367.09,2248.73,2485.44,477.4,Rs/quintal,SYNTHETIC_DEMO
2022-03-26,Andhra Pradesh,Guntur,Guntur,Maize,2384.75,2265.51,2503.99,542.0,Rs/quintal,SYNTHETIC_DEMO
2022-03-27,Andhra Pradesh,Guntur,Guntur,Maize,2406.33,2286.01,2526.65,517.9,Rs/quintal,SYNTHETIC_DEMO
2022-03-28,Andhra Pradesh,Guntur,Guntur,Maize,2384.55,2265.33,2503.78,456.7,Rs/quintal,SYNTHETIC_DEMO
2022-03-29,Andhra Pradesh,Guntur,Guntur,Maize,2384.6,2265.37,2503.83,345.1,Rs/quintal,SYNTHETIC_DEMO
2022-03-30,Andhra Pradesh,Guntur,Guntur,Maize,2379.33,2260.36,2498.29,510.7,Rs/quintal,SYNTHETIC_DEMO
2022-03-31,Andhra Pradesh,Guntur,Guntur,Maize,2377.78,2258.89,2496.67,423.8,Rs/quintal,SYNTHETIC_DEMO
2022-04-01,Andhra Pradesh,Guntur,Guntur,Maize,2374.85,2256.11,2493.59,453.7,Rs/quintal,SYNTHETIC_DEMO
2022-04-02,Andhra Pradesh,Guntur,Guntur,Maize,2382.16,2263.05,2501.27,538.3,Rs/quintal,SYNTHETIC_DEMO
2022-04-03,Andhra Pradesh,Guntur,Guntur,Maize,2381.61,2262.53,2500.69,613.4,Rs/quintal,SYNTHETIC_DEMO
2022-04-04,Andhra Pradesh,Guntur,Guntur,Maize,2374.26,2255.55,2492.97,497.0,Rs/quintal,SYNTHETIC_DEMO
2022-04-05,Andhra Pradesh,Guntur,Guntur,Maize,2373.02,2254.37,2491.68,544.3,Rs/quintal,SYNTHETIC_DEMO
2022-04-06,Andhra Pradesh,Guntur,Guntur,Maize,2377.47,2258.59,2496.34,384.4,Rs/quintal,SYNTHETIC_DEMO
2022-04-07,Andhra Pradesh,Guntur,Guntur,Maize,2367.55,2249.17,2485.92,519.6,Rs/quintal,SYNTHETIC_DEMO
2022-04-08,Andhra Pradesh,Guntur,Guntur,Maize,2353.65,2235.97,2471.33,495.2,Rs/quintal,SYNTHETIC_DEMO
2022-04-09,Andhra Pradesh,Guntur,Guntur,Maize,2370.23,2251.71,2488.74,598.3,Rs/quintal,SYNTHETIC_DEMO
2022-04-10,Andhra Pradesh,Guntur,Guntur,Maize,2364.57,2246.35,2482.8,456.8,Rs/quintal,SYNTHETIC_DEMO
2022-04-11,Andhra Pradesh,Guntur,Guntur,Maize,2363.07,2244.92,2481.23,480.7,Rs/quintal,SYNTHETIC_DEMO
2022-04-12,Andhra Pradesh,Guntur,Guntur,Maize,2359.29,2241.33,2477.26,584.7,Rs/quintal,SYNTHETIC_DEMO
2022-04-13,Andhra Pradesh,Guntur,Guntur,Maize,2363.36,2245.2,2481.53,492.6,Rs/quintal,SYNTHETIC_DEMO
2022-04-14,Andhra Pradesh,Guntur,Guntur,Maize,2377.63,2258.75,2496.51,411.3,Rs/quintal,SYNTHETIC_DEMO
2022-04-15,Andhra Pradesh,Guntur,Guntur,Maize,2381.79,2262.7,2500.88,704.1,Rs/quintal,SYNTHETIC_DEMO
2022-04-16,Andhra Pradesh,Guntur,Guntur,Maize,2368.23,2249.82,2486.64,413.7,Rs/quintal,SYNTHETIC_DEMO
2022-04-17,Andhra Pradesh,Guntur,Guntur,Maize,2355.7,2237.92,2473.49,494.8,Rs/quintal,SYNTHETIC_DEMO
2022-04-18,Andhra Pradesh,Guntur,Guntur,Maize,2351.37,2233.8,2468.93,527.7,Rs/quintal,SYNTHETIC_DEMO
2022-04-19,Andhra Pradesh,Guntur,Guntur,Maize,2348.04,2230.63,2465.44,521.4,Rs/quintal,SYNTHETIC_DEMO
2022-04-20,Andhra Pradesh,Guntur,Guntur,Maize,2332.4,2215.78,2449.02,484.8,Rs/quintal,SYNTHETIC_DEMO
2022-04-21,Andhra Pradesh,Guntur,Guntur,Maize,2338.03,2221.13,2454.93,485.2,Rs/quintal,SYNTHETIC_DEMO
2022-04-22,Andhra Pradesh,Guntur,Guntur,Maize,2327.56,2211.18,2443.94,481.2,Rs/quintal,SYNTHETIC_DEMO
2022-04-23,Andhra Pradesh,Guntur,Guntur,Maize,2338.67,2221.74,2455.61,410.7,Rs/quintal,SYNTHETIC_DEMO
2022-04-24,Andhra Pradesh,Guntur,Guntur,Maize,2352.45,2234.82,2470.07,672.0,Rs/quintal,SYNTHETIC_DEMO
2022-04-25,Andhra Pradesh,Guntur,Guntur,Maize,2348.76,2231.32,2466.19,482.4,Rs/quintal,SYNTHETIC_DEMO
2022-04-26,Andhra Pradesh,Guntur,Guntur,Maize,2350.75,2233.21,2468.29,547.8,Rs/quintal,SYNTHETIC_DEMO
2022-04-27,Andhra Pradesh,Guntur,Guntur,Maize,2338.62,2221.69,2455.55,473.2,Rs/quintal,SYNTHETIC_DEMO
2022-04-28,Andhra Pradesh,Guntur,Guntur,Maize,2342.0,2224.9,2459.1,471.6,Rs/quintal,SYNTHETIC_DEMO
2022-04-29,Andhra Pradesh,Guntur,Guntur,Maize,2335.87,2219.07,2452.66,463.6,Rs/quintal,SYNTHETIC_DEMO
2022-04-30,Andhra Pradesh,Guntur,Guntur,Maize,2324.7,2208.47,2440.94,376.0,Rs/quintal,SYNTHETIC_DEMO
2022-05-01,Andhra Pradesh,Guntur,Guntur,Maize,2320.16,2204.15,2436.17,487.2,Rs/quintal,SYNTHETIC_DEMO
2022-05-02,Andhra Pradesh,Guntur,Guntur,Maize,2314.05,2198.35,2429.75,467.4,Rs/quintal,SYNTHETIC_DEMO
2022-05-03,Andhra Pradesh,Guntur,Guntur,Maize,2309.04,2193.59,2424.49,593.7,Rs/quintal,SYNTHETIC_DEMO
2022-05-04,Andhra Pradesh,Guntur,Guntur,Maize,2314.66,2198.93,2430.39,404.3,Rs/quintal,SYNTHETIC_DEMO
2022-05-05,Andhra Pradesh,Guntur,Guntur,Maize,2305.62,2190.34,2420.91,453.8,Rs/quintal,SYNTHETIC_DEMO
2022-05-06,Andhra Pradesh,Guntur,Guntur,Maize,2317.68,2201.8,2433.57,428.1,Rs/quintal,SYNTHETIC_DEMO
2022-05-07,Andhra Pradesh,Guntur,Guntur,Maize,2303.96,2188.76,2419.15,615.4,Rs/quintal,SYNTHETIC_DEMO
2022-05-08,Andhra Pradesh,Guntur,Guntur,Maize,2314.85,2199.11,2430.6,430.4,Rs/quintal,SYNTHETIC_DEMO
2022-05-09,Andhra Pradesh,Guntur,Guntur,Maize,2303.57,2188.39,2418.75,545.0,Rs/quintal,SYNTHETIC_DEMO
2022-05-10,Andhra Pradesh,Guntur,Guntur,Maize,2300.73,2185.7,2415.77,577.6,Rs/quintal,SYNTHETIC_DEMO
2022-05-11,Andhra Pradesh,Guntur,Guntur,Maize,2293.72,2179.03,2408.41,488.3,Rs/quintal,SYNTHETIC_DEMO
2022-05-12,Andhra Pradesh,Guntur,Guntur,Maize,2287.86,2173.47,2402.25,389.9,Rs/quintal,SYNTHETIC_DEMO
2022-05-13,Andhra Pradesh,Guntur,Guntur,Maize,2291.55,2176.97,2406.13,390.9,Rs/quintal,SYNTHETIC_DEMO
2022-05-14,Andhra Pradesh,Guntur,Guntur,Maize,2301.03,2185.98,2416.08,568.8,Rs/quintal,SYNTHETIC_DEMO
2022-05-15,Andhra Pradesh,Guntur,Guntur,Maize,2307.85,2192.45,2423.24,399.2,Rs/quintal,SYNTHETIC_DEMO
2022-05-16,Andhra Pradesh,Guntur,Guntur,Maize,2301.19,2186.13,2416.25,531.4,Rs/quintal,SYNTHETIC_DEMO
2022-05-17,Andhra Pradesh,Guntur,Guntur,Maize,2299.42,2184.45,2414.39,509.1,Rs/quintal,SYNTHETIC_DEMO
2022-05-18,Andhra Pradesh,Guntur,Guntur,Maize,2289.46,2174.99,2403.93,530.2,Rs/quintal,SYNTHETIC_DEMO
2022-05-19,Andhra Pradesh,Guntur,Guntur,Maize,2277.67,2163.79,2391.56,537.7,Rs/quintal,SYNTHETIC_DEMO
2022-05-20,Andhra Pradesh,Guntur,Guntur,Maize,2264.53,2151.3,2377.75,425.3,Rs/quintal,SYNTHETIC_DEMO
2022-05-21,Andhra Pradesh,Guntur,Guntur,Maize,2257.27,2144.4,2370.13,422.0,Rs/quintal,SYNTHETIC_DEMO
2022-05-22,Andhra Pradesh,Guntur,Guntur,Maize,2255.72,2142.93,2368.5,557.2,Rs/quintal,SYNTHETIC_DEMO
2022-05-23,Andhra Pradesh,Guntur,Guntur,Maize,2235.95,2124.15,2347.75,449.7,Rs/quintal,SYNTHETIC_DEMO
2022-05-24,Andhra Pradesh,Guntur,Guntur,Maize,2231.79,2120.2,2343.38,280.0,Rs/quintal,SYNTHETIC_DEMO
2022-05-25,Andhra Pradesh,Guntur,Guntur,Maize,2240.7,2128.67,2352.74,551.9,Rs/quintal,SYNTHETIC_DEMO
2022-05-26,Andhra Pradesh,Guntur,Guntur,Maize,2246.24,2133.93,2358.56,417.1,Rs/quintal,SYNTHETIC_DEMO
2022-05-27,Andhra Pradesh,Guntur,Guntur,Maize,2237.39,2125.52,2349.26,537.4,Rs/quintal,SYNTHETIC_DEMO
2022-05-28,Andhra Pradesh,Guntur,Guntur,Maize,2221.66,2110.58,2332.75,611.4,Rs/quintal,SYNTHETIC_DEMO
2022-05-29,Andhra Pradesh,Guntur,Guntur,Maize,2221.48,2110.4,2332.55,501.3,Rs/quintal,SYNTHETIC_DEMO
2022-05-30,Andhra Pradesh,Guntur,Guntur,Maize,2197.91,2088.02,2307.81,579.7,Rs/quintal,SYNTHETIC_DEMO
2022-05-31,Andhra Pradesh,Guntur,Guntur,Maize,2203.09,2092.93,2313.24,512.3,Rs/quintal,SYNTHETIC_DEMO
2022-06-01,Andhra Pradesh,Guntur,Guntur,Maize,2197.09,2087.24,2306.95,627.0,Rs/quintal,SYNTHETIC_DEMO
2022-06-02,Andhra Pradesh,Guntur,Guntur,Maize,2208.23,2097.81,2318.64,415.0,Rs/quintal,SYNTHETIC_DEMO
2022-06-03,Andhra Pradesh,Guntur,Guntur,Maize,2189.42,2079.95,2298.89,499.3,Rs/quintal,SYNTHETIC_DEMO
2022-06-04,Andhra Pradesh,Guntur,Guntur,Maize,2192.8,2083.16,2302.43,553.9,Rs/quintal,SYNTHETIC_DEMO
2022-06-05,Andhra Pradesh,Guntur,Guntur,Maize,2187.57,2078.19,2296.94,484.8,Rs/quintal,SYNTHETIC_DEMO
2022-06-06,Andhra Pradesh,Guntur,Guntur,Maize,2180.36,2071.34,2289.38,592.2,Rs/quintal,SYNTHETIC_DEMO
2022-06-07,Andhra Pradesh,Guntur,Guntur,Maize,2164.38,2056.16,2272.6,465.4,Rs/quintal,SYNTHETIC_DEMO
2022-06-08,Andhra Pradesh,Guntur,Guntur,Maize,2164.88,2056.64,2273.12,665.5,Rs/quintal,SYNTHETIC_DEMO
2022-06-09,Andhra Pradesh,Guntur,Guntur,Maize,2166.01,2057.71,2274.31,669.8,Rs/quintal,SYNTHETIC_DEMO
2022-06-10,Andhra Pradesh,Guntur,Guntur,Maize,2176.43,2067.6,2285.25,522.6,Rs/quintal,SYNTHETIC_DEMO
2022-06-11,Andhra Pradesh,Guntur,Guntur,Maize,2180.27,2071.26,2289.29,544.2,Rs/quintal,SYNTHETIC_DEMO
2022-06-12,Andhra Pradesh,Guntur,Guntur,Maize,2170.63,2062.1,2279.17,595.3,Rs/quintal,SYNTHETIC_DEMO
2022-06-13,Andhra Pradesh,Guntur,Guntur,Maize,2157.52,2049.64,2265.39,405.0,Rs/quintal,SYNTHETIC_DEMO
2022-06-14,Andhra Pradesh,Guntur,Guntur,Maize,2141.31,2034.24,2248.37,395.0,Rs/quintal,SYNTHETIC_DEMO
2022-06-15,Andhra Pradesh,Guntur,Guntur,Maize,2148.94,2041.49,2256.38,600.5,Rs/quintal,SYNTHETIC_DEMO
2022-06-16,Andhra Pradesh,Guntur,Guntur,Maize,2137.63,2030.75,2244.51,521.9,Rs/quintal,SYNTHETIC_DEMO
2022-06-17,Andhra Pradesh,Guntur,Guntur,Maize,2145.27,2038.0,2252.53,481.9,Rs/quintal,SYNTHETIC_DEMO
2022-06-18,Andhra Pradesh,Guntur,Guntur,Maize,2144.85,2037.61,2252.1,500.9,Rs/quintal,SYNTHETIC_DEMO
2022-06-19,Andhra Pradesh,Guntur,Guntur,Maize,2142.78,2035.64,2249.92,309.1,Rs/quintal,SYNTHETIC_DEMO
2022-06-20,Andhra Pradesh,Guntur,Guntur,Maize,2135.33,2028.57,2242.1,484.8,Rs/quintal,SYNTHETIC_DEMO
2022-06-21,Andhra Pradesh,Guntur,Guntur,Maize,2136.0,2029.2,2242.8,439.8,Rs/quintal,SYNTHETIC_DEMO
2022-06-22,Andhra Pradesh,Guntur,Guntur,Maize,2130.96,2024.41,2237.51,573.4,Rs/quintal,SYNTHETIC_DEMO
2022-06-23,Andhra Pradesh,Guntur,Guntur,Maize,2122.94,2016.79,2229.08,579.6,Rs/quintal,SYNTHETIC_DEMO
2022-06-24,Andhra Pradesh,Guntur,Guntur,Maize,2123.85,2017.65,2230.04,546.1,Rs/quintal,SYNTHETIC_DEMO
2022-06-25,Andhra Pradesh,Guntur,Guntur,Maize,2117.69,2011.8,2223.57,531.6,Rs/quintal,SYNTHETIC_DEMO
2022-06-26,Andhra Pradesh,Guntur,Guntur,Maize,2106.02,2000.72,2211.32,380.2,Rs/quintal,SYNTHETIC_DEMO
2022-06-27,Andhra Pradesh,Guntur,Guntur,Maize,2106.08,2000.78,2211.39,547.3,Rs/quintal,SYNTHETIC_DEMO
2022-06-28,Andhra Pradesh,Guntur,Guntur,Maize,2100.56,1995.53,2205.59,550.4,Rs/quintal,SYNTHETIC_DEMO
2022-06-29,Andhra Pradesh,Guntur,Guntur,Maize,2099.68,1994.7,2204.66,599.6,Rs/quintal,SYNTHETIC_DEMO
2022-06-30,Andhra Pradesh,Guntur,Guntur,Maize,2090.87,1986.33,2195.42,669.5,Rs/quintal,SYNTHETIC_DEMO
2022-07-01,Andhra Pradesh,Guntur,Guntur,Maize,2075.72,1971.93,2179.5,364.6,Rs/quintal,SYNTHETIC_DEMO
2022-07-02,Andhra Pradesh,Guntur,Guntur,Maize,2085.29,1981.02,2189.55,468.9,Rs/quintal,SYNTHETIC_DEMO
2022-07-03,Andhra Pradesh,Guntur,Guntur,Maize,2093.28,1988.61,2197.94,440.6,Rs/quintal,SYNTHETIC_DEMO
2022-07-04,Andhra Pradesh,Guntur,Guntur,Maize,2095.7,1990.92,2200.49,513.8,Rs/quintal,SYNTHETIC_DEMO
2022-07-05,Andhra Pradesh,Guntur,Guntur,Maize,2087.44,1983.07,2191.82,501.1,Rs/quintal,SYNTHETIC_DEMO
2022-07-06,Andhra Pradesh,Guntur,Guntur,Maize,2079.93,1975.93,2183.92,481.3,Rs/quintal,SYNTHETIC_DEMO
2022-07-07,Andhra Pradesh,Guntur,Guntur,Maize,2086.55,1982.22,2190.87,582.2,Rs/quintal,SYNTHETIC_DEMO
2022-07-08,Andhra Pradesh,Guntur,Guntur,Maize,2078.59,1974.66,2182.52,411.9,Rs/quintal,SYNTHETIC_DEMO
2022-07-09,Andhra Pradesh,Guntur,Guntur,Maize,2068.31,1964.89,2171.72,416.7,Rs/quintal,SYNTHETIC_DEMO
2022-07-10,Andhra Pradesh,Guntur,Guntur,Maize,2079.07,1975.12,2183.02,418.1,Rs/quintal,SYNTHETIC_DEMO
2022-07-11,Andhra Pradesh,Guntur,Guntur,Maize,2073.72,1970.03,2177.4,471.2,Rs/quintal,SYNTHETIC_DEMO
2022-07-12,Andhra Pradesh,Guntur,Guntur,Maize,2083.64,1979.45,2187.82,401.7,Rs/quintal,SYNTHETIC_DEMO
2022-07-13,Andhra Pradesh,Guntur,Guntur,Maize,2066.97,1963.62,2170.31,496.1,Rs/quintal,SYNTHETIC_DEMO
2022-07-14,Andhra Pradesh,Guntur,Guntur,Maize,2066.41,1963.09,2169.73,486.8,Rs/quintal,SYNTHETIC_DEMO
2022-07-15,Andhra Pradesh,Guntur,Guntur,Maize,2078.92,1974.98,2182.87,437.1,Rs/quintal,SYNTHETIC_DEMO
2022-07-16,Andhra Pradesh,Guntur,Guntur,Maize,2074.31,1970.59,2178.02,569.9,Rs/quintal,SYNTHETIC_DEMO
2022-07-17,Andhra Pradesh,Guntur,Guntur,Maize,2067.24,1963.88,2170.61,495.2,Rs/quintal,SYNTHETIC_DEMO
2022-07-18,Andhra Pradesh,Guntur,Guntur,Maize,2052.61,1949.98,2155.24,585.0,Rs/quintal,SYNTHETIC_DEMO
2022-07-19,Andhra Pradesh,Guntur,Guntur,Maize,2056.91,1954.06,2159.75,484.4,Rs/quintal,SYNTHETIC_DEMO
2022-07-20,Andhra Pradesh,Guntur,Guntur,Maize,2045.66,1943.38,2147.95,498.1,Rs/quintal,SYNTHETIC_DEMO
2022-07-21,Andhra Pradesh,Guntur,Guntur,Maize,2040.12,1938.12,2142.13,455.0,Rs/quintal,SYNTHETIC_DEMO
2022-07-22,Andhra Pradesh,Guntur,Guntur,Maize,2025.04,1923.79,2126.29,499.4,Rs/quintal,SYNTHETIC_DEMO
2022-07-23,Andhra Pradesh,Guntur,Guntur,Maize,2033.43,1931.76,2135.1,557.0,Rs/quintal,SYNTHETIC_DEMO
2022-07-24,Andhra Pradesh,Guntur,Guntur,Maize,2038.48,1936.56,2140.41,467.1,Rs/quintal,SYNTHETIC_DEMO
2022-07-25,Andhra Pradesh,Guntur,Guntur,Maize,2033.6,1931.92,2135.28,541.5,Rs/quintal,SYNTHETIC_DEMO
2022-07-26,Andhra Pradesh,Guntur,Guntur,Maize,2019.32,1918.35,2120.29,435.0,Rs/quintal,SYNTHETIC_DEMO
2022-07-27,Andhra Pradesh,Guntur,Guntur,Maize,2027.68,1926.29,2129.06,560.7,Rs/quintal,SYNTHETIC_DEMO
2022-07-28,Andhra Pradesh,Guntur,Guntur,Maize,2020.09,1919.09,2121.1,453.6,Rs/quintal,SYNTHETIC_DEMO
2022-07-29,Andhra Pradesh,Guntur,Guntur,Maize,2006.34,1906.02,2106.66,568.1,Rs/quintal,SYNTHETIC_DEMO
2022-07-30,Andhra Pradesh,Guntur,Guntur,Maize,1987.11,1887.76,2086.47,504.9,Rs/quintal,SYNTHETIC_DEMO
2022-07-31,Andhra Pradesh,Guntur,Guntur,Maize,1977.3,1878.44,2076.17,621.7,Rs/quintal,SYNTHETIC_DEMO
2022-08-01,Andhra Pradesh,Guntur,Guntur,Maize,1960.74,1862.71,2058.78,407.7,Rs/quintal,SYNTHETIC_DEMO
2022-08-02,Andhra Pradesh,Guntur,Guntur,Maize,1951.22,1853.65,2048.78,381.9,Rs/quintal,SYNTHETIC_DEMO
2022-08-03,Andhra Pradesh,Guntur,Guntur,Maize,1953.22,1855.56,2050.88,450.7,Rs/quintal,SYNTHETIC_DEMO
2022-08-04,Andhra Pradesh,Guntur,Guntur,Maize,1945.87,1848.57,2043.16,389.2,Rs/quintal,SYNTHETIC_DEMO
2022-08-05,Andhra Pradesh,Guntur,Guntur,Maize,1944.7,1847.47,2041.94,389.4,Rs/quintal,SYNTHETIC_DEMO
2022-08-06,Andhra Pradesh,Guntur,Guntur,Maize,1934.53,1837.8,2031.25,549.7,Rs/quintal,SYNTHETIC_DEMO
2022-08-07,Andhra Pradesh,Guntur,Guntur,Maize,1931.03,1834.48,2027.58,499.7,Rs/quintal,SYNTHETIC_DEMO
2022-08-08,Andhra Pradesh,Guntur,Guntur,Maize,1943.17,1846.01,2040.33,461.6,Rs/quintal,SYNTHETIC_DEMO
2022-08-09,Andhra Pradesh,Guntur,Guntur,Maize,1936.3,1839.49,2033.12,469.0,Rs/quintal,SYNTHETIC_DEMO
2022-08-10,Andhra Pradesh,Guntur,Guntur,Maize,1935.65,1838.87,2032.43,452.2,Rs/quintal,SYNTHETIC_DEMO
2022-08-11,Andhra Pradesh,Guntur,Guntur,Maize,1918.67,1822.74,2014.61,632.0,Rs/quintal,SYNTHETIC_DEMO
2022-08-12,Andhra Pradesh,Guntur,Guntur,Maize,1927.67,1831.29,2024.06,441.2,Rs/quintal,SYNTHETIC_DEMO
2022-08-13,Andhra Pradesh,Guntur,Guntur,Maize,1919.96,1823.96,2015.96,394.2,Rs/quintal,SYNTHETIC_DEMO
2022-08-14,Andhra Pradesh,Guntur,Guntur,Maize,1925.14,1828.88,2021.39,563.7,Rs/quintal,SYNTHETIC_DEMO
2022-08-15,Andhra Pradesh,Guntur,Guntur,Maize,1920.52,1824.49,2016.55,482.7,Rs/quintal,SYNTHETIC_DEMO
2022-08-16,Andhra Pradesh,Guntur,Guntur,Maize,1922.14,1826.03,2018.24,663.1,Rs/quintal,SYNTHETIC_DEMO
2022-08-17,Andhra Pradesh,Guntur,Guntur,Maize,1924.32,1828.1,2020.53,457.9,Rs/quintal,SYNTHETIC_DEMO
2022-08-18,Andhra Pradesh,Guntur,Guntur,Maize,1917.13,1821.27,2012.98,567.7,Rs/quintal,SYNTHETIC_DEMO
2022-08-19,Andhra Pradesh,Guntur,Guntur,Maize,1922.98,1826.83,2019.13,586.6,Rs/quintal,SYNTHETIC_DEMO
2022-08-20,Andhra Pradesh,Guntur,Guntur,Maize,1913.35,1817.68,2009.02,458.3,Rs/quintal,SYNTHETIC_DEMO
2022-08-21,Andhra Pradesh,Guntur,Guntur,Maize,1916.7,1820.86,2012.53,440.6,Rs/quintal,SYNTHETIC_DEMO
2022-08-22,Andhra Pradesh,Guntur,Guntur,Maize,1910.3,1814.79,2005.82,559.3,Rs/quintal,SYNTHETIC_DEMO
2022-08-23,Andhra Pradesh,Guntur,Guntur,Maize,1910.2,1814.69,2005.71,546.0,Rs/quintal,SYNTHETIC_DEMO
2022-08-24,Andhra Pradesh,Guntur,Guntur,Maize,1903.35,1808.18,1998.51,387.2,Rs/quintal,SYNTHETIC_DEMO
2022-08-25,Andhra Pradesh,Guntur,Guntur,Maize,1900.87,1805.82,1995.91,409.7,Rs/quintal,SYNTHETIC_DEMO
2022-08-26,Andhra Pradesh,Guntur,Guntur,Maize,1889.02,1794.57,1983.47,297.1,Rs/quintal,SYNTHETIC_DEMO
2022-08-27,Andhra Pradesh,Guntur,Guntur,Maize,1888.35,1793.93,1982.76,547.6,Rs/quintal,SYNTHETIC_DEMO
2022-08-28,Andhra Pradesh,Guntur,Guntur,Maize,1886.05,1791.74,1980.35,479.1,Rs/quintal,SYNTHETIC_DEMO
2022-08-29,Andhra Pradesh,Guntur,Guntur,Maize,1878.91,1784.97,1972.86,487.0,Rs/quintal,SYNTHETIC_DEMO
2022-08-30,Andhra Pradesh,Guntur,Guntur,Maize,1875.94,1782.14,1969.73,364.7,Rs/quintal,SYNTHETIC_DEMO
2022-08-31,Andhra Pradesh,Guntur,Guntur,Maize,1874.62,1780.89,1968.35,412.2,Rs/quintal,SYNTHETIC_DEMO
2022-09-01,Andhra Pradesh,Guntur,Guntur,Maize,1867.09,1773.73,1960.44,461.8,Rs/quintal,SYNTHETIC_DEMO
2022-09-02,Andhra Pradesh,Guntur,Guntur,Maize,1863.73,1770.54,1956.91,446.2,Rs/quintal,SYNTHETIC_DEMO
2022-09-03,Andhra Pradesh,Guntur,Guntur,Maize,1853.08,1760.43,1945.74,509.4,Rs/quintal,SYNTHETIC_DEMO
2022-09-04,Andhra Pradesh,Guntur,Guntur,Maize,1870.67,1777.14,1964.21,546.7,Rs/quintal,SYNTHETIC_DEMO
2022-09-05,Andhra Pradesh,Guntur,Guntur,Maize,1877.54,1783.66,1971.42,681.6,Rs/quintal,SYNTHETIC_DEMO
2022-09-06,Andhra Pradesh,Guntur,Guntur,Maize,1877.89,1783.99,1971.78,498.4,Rs/quintal,SYNTHETIC_DEMO
2022-09-07,Andhra Pradesh,Guntur,Guntur,Maize,1885.87,1791.58,1980.16,589.2,Rs/quintal,SYNTHETIC_DEMO
2022-09-08,Andhra Pradesh,Guntur,Guntur,Maize,1867.46,1774.09,1960.84,433.6,Rs/quintal,SYNTHETIC_DEMO
2022-09-09,Andhra Pradesh,Guntur,Guntur,Maize,1844.29,1752.07,1936.5,366.0,Rs/quintal,SYNTHETIC_DEMO
2022-09-10,Andhra Pradesh,Guntur,Guntur,Maize,1839.33,1747.36,1931.29,471.8,Rs/quintal,SYNTHETIC_DEMO
2022-09-11,Andhra Pradesh,Guntur,Guntur,Maize,1826.23,1734.92,1917.54,372.2,Rs/quintal,SYNTHETIC_DEMO
2022-09-12,Andhra Pradesh,Guntur,Guntur,Maize,1822.81,1731.67,1913.95,501.2,Rs/quintal,SYNTHETIC_DEMO
2022-09-13,Andhra Pradesh,Guntur,Guntur,Maize,1823.19,1732.03,1914.35,437.6,Rs/quintal,SYNTHETIC_DEMO
2022-09-14,Andhra Pradesh,Guntur,Guntur,Maize,1829.67,1738.18,1921.15,343.7,Rs/quintal,SYNTHETIC_DEMO
2022-09-15,Andhra Pradesh,Guntur,Guntur,Maize,1818.94,1727.99,1909.89,638.9,Rs/quintal,SYNTHETIC_DEMO
2022-09-16,Andhra Pradesh,Guntur,Guntur,Maize,1821.22,1730.16,1912.28,457.0,Rs/quintal,SYNTHETIC_DEMO
2022-09-17,Andhra Pradesh,Guntur,Guntur,Maize,1820.35,1729.33,1911.37,369.0,Rs/quintal,SYNTHETIC_DEMO
2022-09-18,Andhra Pradesh,Guntur,Guntur,Maize,1822.37,1731.26,1913.49,571.9,Rs/quintal,SYNTHETIC_DEMO
2022-09-19,Andhra Pradesh,Guntur,Guntur,Maize,1817.2,1726.34,1908.06,441.7,Rs/quintal,SYNTHETIC_DEMO
2022-09-20,Andhra Pradesh,Guntur,Guntur,Maize,1828.11,1736.7,1919.51,587.2,Rs/quintal,SYNTHETIC_DEMO
2022-09-21,Andhra Pradesh,Guntur,Guntur,Maize,1826.61,1735.28,1917.94,441.3,Rs/quintal,SYNTHETIC_DEMO
2022-09-22,Andhra Pradesh,Guntur,Guntur,Maize,1840.98,1748.93,1933.03,456.7,Rs/quintal,SYNTHETIC_DEMO
2022-09-23,Andhra Pradesh,Guntur,Guntur,Maize,1833.91,1742.21,1925.6,527.6,Rs/quintal,SYNTHETIC_DEMO
2022-09-24,Andhra Pradesh,Guntur,Guntur,Maize,1839.8,1747.81,1931.79,547.5,Rs/quintal,SYNTHETIC_DEMO
2022-09-25,Andhra Pradesh,Guntur,Guntur,Maize,1839.04,1747.09,1930.99,561.5,Rs/quintal,SYNTHETIC_DEMO
2022-09-26,Andhra Pradesh,Guntur,Guntur,Maize,1836.13,1744.32,1927.93,492.8,Rs/quintal,SYNTHETIC_DEMO
2022-09-27,Andhra Pradesh,Guntur,Guntur,Maize,1841.37,1749.3,1933.44,542.3,Rs/quintal,SYNTHETIC_DEMO
2022-09-28,Andhra Pradesh,Guntur,Guntur,Maize,1838.88,1746.93,1930.82,559.7,Rs/quintal,SYNTHETIC_DEMO
2022-09-29,Andhra Pradesh,Guntur,Guntur,Maize,1816.63,1725.8,1907.47,516.0,Rs/quintal,SYNTHETIC_DEMO
2022-09-30,Andhra Pradesh,Guntur,Guntur,Maize,1791.12,1701.56,1880.67,488.6,Rs/quintal,SYNTHETIC_DEMO
2022-10-01,Andhra Pradesh,Guntur,Guntur,Maize,1802.11,1712.0,1892.21,384.4,Rs/quintal,SYNTHETIC_DEMO
2022-10-02,Andhra Pradesh,Guntur,Guntur,Maize,1812.84,1722.2,1903.48,547.9,Rs/quintal,SYNTHETIC_DEMO
2022-10-03,Andhra Pradesh,Guntur,Guntur,Maize,1829.18,1737.72,1920.64,503.4,Rs/quintal,SYNTHETIC_DEMO
2022-10-04,Andhra Pradesh,Guntur,Guntur,Maize,1829.62,1738.14,1921.1,466.9,Rs/quintal,SYNTHETIC_DEMO
2022-10-05,Andhra Pradesh,Guntur,Guntur,Maize,1819.44,1728.47,1910.41,602.2,Rs/quintal,SYNTHETIC_DEMO
2022-10-06,Andhra Pradesh,Guntur,Guntur,Maize,1816.68,1725.85,1907.52,385.8,Rs/quintal,SYNTHETIC_DEMO
2022-10-07,Andhra Pradesh,Guntur,Guntur,Maize,1817.64,1726.76,1908.52,631.5,Rs/quintal,SYNTHETIC_DEMO
2022-10-08,Andhra Pradesh,Guntur,Guntur,Maize,1810.14,1719.63,1900.65,498.2,Rs/quintal,SYNTHETIC_DEMO
2022-10-09,Andhra Pradesh,Guntur,Guntur,Maize,1825.04,1733.78,1916.29,525.4,Rs/quintal,SYNTHETIC_DEMO
2022-10-10,Andhra Pradesh,Guntur,Guntur,Maize,1844.99,1752.74,1937.24,468.4,Rs/quintal,SYNTHETIC_DEMO
2022-10-11,Andhra Pradesh,Guntur,Guntur,Maize,1850.24,1757.73,1942.75,366.6,Rs/quintal,SYNTHETIC_DEMO
2022-10-12,Andhra Pradesh,Guntur,Guntur,Maize,1851.47,1758.9,1944.05,488.8,Rs/quintal,SYNTHETIC_DEMO
2022-10-13,Andhra Pradesh,Guntur,Guntur,Maize,1842.01,1749.91,1934.11,526.8,Rs/quintal,SYNTHETIC_DEMO
2022-10-14,Andhra Pradesh,Guntur,Guntur,Maize,1856.51,1763.69,1949.34,554.1,Rs/quintal,SYNTHETIC_DEMO
2022-10-15,Andhra Pradesh,Guntur,Guntur,Maize,1858.75,1765.82,1951.69,484.2,Rs/quintal,SYNTHETIC_DEMO
2022-10-16,Andhra Pradesh,Guntur,Guntur,Maize,1858.02,1765.12,1950.92,324.6,Rs/quintal,SYNTHETIC_DEMO
2022-10-17,Andhra Pradesh,Guntur,Guntur,Maize,1863.84,1770.65,1957.03,376.7,Rs/quintal,SYNTHETIC_DEMO
2022-10-18,Andhra Pradesh,Guntur,Guntur,Maize,1860.79,1767.75,1953.83,664.2,Rs/quintal,SYNTHETIC_DEMO
2022-10-19,Andhra Pradesh,Guntur,Guntur,Maize,1863.99,1770.79,1957.19,412.6,Rs/quintal,SYNTHETIC_DEMO
2022-10-20,Andhra Pradesh,Guntur,Guntur,Maize,1853.92,1761.23,1946.62,614.2,Rs/quintal,SYNTHETIC_DEMO
2022-10-21,Andhra Pradesh,Guntur,Guntur,Maize,1865.2,1771.94,1958.45,425.3,Rs/quintal,SYNTHETIC_DEMO
2022-10-22,Andhra Pradesh,Guntur,Guntur,Maize,1866.55,1773.22,1959.87,485.4,Rs/quintal,SYNTHETIC_DEMO
2022-10-23,Andhra Pradesh,Guntur,Guntur,Maize,1878.6,1784.67,1972.53,550.0,Rs/quintal,SYNTHETIC_DEMO
2022-10-24,Andhra Pradesh,Guntur,Guntur,Maize,1879.31,1785.34,1973.28,434.4,Rs/quintal,SYNTHETIC_DEMO
2022-10-25,Andhra Pradesh,Guntur,Guntur,Maize,1880.66,1786.62,1974.69,627.4,Rs/quintal,SYNTHETIC_DEMO
2022-10-26,Andhra Pradesh,Guntur,Guntur,Maize,1873.05,1779.39,1966.7,506.1,Rs/quintal,SYNTHETIC_DEMO
2022-10-27,Andhra Pradesh,Guntur,Guntur,Maize,1882.09,1787.99,1976.19,536.9,Rs/quintal,SYNTHETIC_DEMO
2022-10-28,Andhra Pradesh,Guntur,Guntur,Maize,1877.48,1783.6,1971.35,478.6,Rs/quintal,SYNTHETIC_DEMO
2022-10-29,Andhra Pradesh,Guntur,Guntur,Maize,1876.22,1782.41,1970.03,552.7,Rs/quintal,SYNTHETIC_DEMO
2022-10-30,Andhra Pradesh,Guntur,Guntur,Maize,1879.14,1785.19,1973.1,626.3,Rs/quintal,SYNTHETIC_DEMO
2022-10-31,Andhra Pradesh,Guntur,Guntur,Maize,1883.16,1789.0,1977.32,489.5,Rs/quintal,SYNTHETIC_DEMO
2022-11-01,Andhra Pradesh,Guntur,Guntur,Maize,1871.9,1778.31,1965.5,638.4,Rs/quintal,SYNTHETIC_DEMO
2022-11-02,Andhra Pradesh,Guntur,Guntur,Maize,1873.12,1779.47,1966.78,451.1,Rs/quintal,SYNTHETIC_DEMO
2022-11-03,Andhra Pradesh,Guntur,Guntur,Maize,1883.04,1788.89,1977.19,561.1,Rs/quintal,SYNTHETIC_DEMO
2022-11-04,Andhra Pradesh,Guntur,Guntur,Maize,1883.18,1789.02,1977.34,539.1,Rs/quintal,SYNTHETIC_DEMO
2022-11-05,Andhra Pradesh,Guntur,Guntur,Maize,1884.69,1790.45,1978.92,414.5,Rs/quintal,SYNTHETIC_DEMO
2022-11-06,Andhra Pradesh,Guntur,Guntur,Maize,1889.53,1795.05,1984.0,517.1,Rs/quintal,SYNTHETIC_DEMO
2022-11-07,Andhra Pradesh,Guntur,Guntur,Maize,1892.02,1797.42,1986.62,500.6,Rs/quintal,SYNTHETIC_DEMO
2022-11-08,Andhra Pradesh,Guntur,Guntur,Maize,1886.99,1792.64,1981.34,431.7,Rs/quintal,SYNTHETIC_DEMO
2022-11-09,Andhra Pradesh,Guntur,Guntur,Maize,1890.38,1795.87,1984.9,528.6,Rs/quintal,SYNTHETIC_DEMO
2022-11-10,Andhra Pradesh,Guntur,Guntur,Maize,1902.51,1807.38,1997.63,511.7,Rs/quintal,SYNTHETIC_DEMO
2022-11-11,Andhra Pradesh,Guntur,Guntur,Maize,1897.53,1802.65,1992.4,494.2,Rs/quintal,SYNTHETIC_DEMO
2022-11-12,Andhra Pradesh,Guntur,Guntur,Maize,1898.3,1803.39,1993.22,494.5,Rs/quintal,SYNTHETIC_DEMO
2022-11-13,Andhra Pradesh,Guntur,Guntur,Maize,1890.69,1796.15,1985.22,492.8,Rs/quintal,SYNTHETIC_DEMO
2022-11-14,Andhra Pradesh,Guntur,Guntur,Maize,1902.65,1807.52,1997.79,470.6,Rs/quintal,SYNTHETIC_DEMO
2022-11-15,Andhra Pradesh,Guntur,Guntur,Maize,1906.01,1810.71,2001.31,511.2,Rs/quintal,SYNTHETIC_DEMO
2022-11-16,Andhra Pradesh,Guntur,Guntur,Maize,1903.06,1807.91,1998.21,448.5,Rs/quintal,SYNTHETIC_DEMO
2022-11-17,Andhra Pradesh,Guntur,Guntur,Maize,1908.1,1812.69,2003.5,712.5,Rs/quintal,SYNTHETIC_DEMO
2022-11-18,Andhra Pradesh,Guntur,Guntur,Maize,1902.31,1807.2,1997.43,387.3,Rs/quintal,SYNTHETIC_DEMO
2022-11-19,Andhra Pradesh,Guntur,Guntur,Maize,1898.03,1803.12,1992.93,453.2,Rs/quintal,SYNTHETIC_DEMO
2022-11-20,Andhra Pradesh,Guntur,Guntur,Maize,1890.21,1795.7,1984.73,459.5,Rs/quintal,SYNTHETIC_DEMO
2022-11-21,Andhra Pradesh,Guntur,Guntur,Maize,1885.77,1791.48,1980.06,663.2,Rs/quintal,SYNTHETIC_DEMO
2022-11-22,Andhra Pradesh,Guntur,Guntur,Maize,1901.75,1806.66,1996.84,394.4,Rs/quintal,SYNTHETIC_DEMO
2022-11-23,Andhra Pradesh,Guntur,Guntur,Maize,1900.23,1805.22,1995.24,534.1,Rs/quintal,SYNTHETIC_DEMO
2022-11-24,Andhra Pradesh,Guntur,Guntur,Maize,1908.84,1813.4,2004.28,519.9,Rs/quintal,SYNTHETIC_DEMO
2022-11-25,Andhra Pradesh,Guntur,Guntur,Maize,1906.56,1811.24,2001.89,526.7,Rs/quintal,SYNTHETIC_DEMO
2022-11-26,Andhra Pradesh,Guntur,Guntur,Maize,1917.75,1821.86,2013.64,598.9,Rs/quintal,SYNTHETIC_DEMO
2022-11-27,Andhra Pradesh,Guntur,Guntur,Maize,1913.99,1818.29,2009.69,597.3,Rs/quintal,SYNTHETIC_DEMO
2022-11-28,Andhra Pradesh,Guntur,Guntur,Maize,1919.24,1823.28,2015.2,463.9,Rs/quintal,SYNTHETIC_DEMO
2022-11-29,Andhra Pradesh,Guntur,Guntur,Maize,1924.65,1828.41,2020.88,515.5,Rs/quintal,SYNTHETIC_DEMO
2022-11-30,Andhra Pradesh,Guntur,Guntur,Maize,1949.22,1851.75,2046.68,350.9,Rs/quintal,SYNTHETIC_DEMO
2022-12-01,Andhra Pradesh,Guntur,Guntur,Maize,1959.58,1861.6,2057.55,507.9,Rs/quintal,SYNTHETIC_DEMO
2022-12-02,Andhra Pradesh,Guntur,Guntur,Maize,1959.71,1861.72,2057.69,436.5,Rs/quintal,SYNTHETIC_DEMO
2022-12-03,Andhra Pradesh,Guntur,Guntur,Maize,1970.62,1872.09,2069.15,485.1,Rs/quintal,SYNTHETIC_DEMO
2022-12-04,Andhra Pradesh,Guntur,Guntur,Maize,1993.78,1894.09,2093.47,365.2,Rs/quintal,SYNTHETIC_DEMO
2022-12-05,Andhra Pradesh,Guntur,Guntur,Maize,1985.34,1886.07,2084.61,532.4,Rs/quintal,SYNTHETIC_DEMO
2022-12-06,Andhra Pradesh,Guntur,Guntur,Maize,1983.55,1884.37,2082.73,364.3,Rs/quintal,SYNTHETIC_DEMO
2022-12-07,Andhra Pradesh,Guntur,Guntur,Maize,1986.89,1887.55,2086.23,511.9,Rs/quintal,SYNTHETIC_DEMO
2022-12-08,Andhra Pradesh,Guntur,Guntur,Maize,1988.75,1889.32,2088.19,401.9,Rs/quintal,SYNTHETIC_DEMO
2022-12-09,Andhra Pradesh,Guntur,Guntur,Maize,1991.36,1891.8,2090.93,432.0,Rs/quintal,SYNTHETIC_DEMO
2022-12-10,Andhra Pradesh,Guntur,Guntur,Maize,1985.85,1886.56,2085.14,592.4,Rs/quintal,SYNTHETIC_DEMO
2022-12-11,Andhra Pradesh,Guntur,Guntur,Maize,2003.12,1902.96,2103.27,547.0,Rs/quintal,SYNTHETIC_DEMO
2022-12-12,Andhra Pradesh,Guntur,Guntur,Maize,1996.68,1896.84,2096.51,591.9,Rs/quintal,SYNTHETIC_DEMO
2022-12-13,Andhra Pradesh,Guntur,Guntur,Maize,2000.53,1900.51,2100.56,624.8,Rs/quintal,SYNTHETIC_DEMO
2022-12-14,Andhra Pradesh,Guntur,Guntur,Maize,2014.89,1914.14,2115.63,438.2,Rs/quintal,SYNTHETIC_DEMO
2022-12-15,Andhra Pradesh,Guntur,Guntur,Maize,2020.23,1919.22,2121.24,619.9,Rs/quintal,SYNTHETIC_DEMO
2022-12-16,Andhra Pradesh,Guntur,Guntur,Maize,2017.63,1916.75,2118.51,382.8,Rs/quintal,SYNTHETIC_DEMO
2022-12-17,Andhra Pradesh,Guntur,Guntur,Maize,2011.95,1911.36,2112.55,559.7,Rs/quintal,SYNTHETIC_DEMO
2022-12-18,Andhra Pradesh,Guntur,Guntur,Maize,2015.7,1914.91,2116.48,460.5,Rs/quintal,SYNTHETIC_DEMO
2022-12-19,Andhra Pradesh,Guntur,Guntur,Maize,2015.03,1914.28,2115.78,425.6,Rs/quintal,SYNTHETIC_DEMO
2022-12-20,Andhra Pradesh,Guntur,Guntur,Maize,2022.47,1921.35,2123.6,549.2,Rs/quintal,SYNTHETIC_DEMO
2022-12-21,Andhra Pradesh,Guntur,Guntur,Maize,2016.44,1915.62,2117.26,575.6,Rs/quintal,SYNTHETIC_DEMO
2022-12-22,Andhra Pradesh,Guntur,Guntur,Maize,2029.02,1927.57,2130.47,573.2,Rs/quintal,SYNTHETIC_DEMO
2022-12-23,Andhra Pradesh,Guntur,Guntur,Maize,2035.76,1933.97,2137.55,517.2,Rs/quintal,SYNTHETIC_DEMO
2022-12-24,Andhra Pradesh,Guntur,Guntur,Maize,2043.14,1940.98,2145.3,510.6,Rs/quintal,SYNTHETIC_DEMO
2022-12-25,Andhra Pradesh,Guntur,Guntur,Maize,2061.04,1957.99,2164.1,542.1,Rs/quintal,SYNTHETIC_DEMO
2022-12-26,Andhra Pradesh,Guntur,Guntur,Maize,2063.18,1960.02,2166.33,524.3,Rs/quintal,SYNTHETIC_DEMO
2022-12-27,Andhra Pradesh,Guntur,Guntur,Maize,2062.9,1959.75,2166.04,543.3,Rs/quintal,SYNTHETIC_DEMO
2022-12-28,Andhra Pradesh,Guntur,Guntur,Maize,2064.12,1960.92,2167.33,516.3,Rs/quintal,SYNTHETIC_DEMO
2022-12-29,Andhra Pradesh,Guntur,Guntur,Maize,2068.34,1964.92,2171.75,567.4,Rs/quintal,SYNTHETIC_DEMO
2022-12-30,Andhra Pradesh,Guntur,Guntur,Maize,2073.41,1969.74,2177.08,369.8,Rs/quintal,SYNTHETIC_DEMO
2022-12-31,Andhra Pradesh,Guntur,Guntur,Maize,2072.27,1968.66,2175.89,489.5,Rs/quintal,SYNTHETIC_DEMO
2023-01-01,Andhra Pradesh,Guntur,Guntur,Maize,2061.12,1958.06,2164.18,389.3,Rs/quintal,SYNTHETIC_DEMO
2023-01-02,Andhra Pradesh,Guntur,Guntur,Maize,2062.25,1959.14,2165.36,522.1,Rs/quintal,SYNTHETIC_DEMO
2023-01-03,Andhra Pradesh,Guntur,Guntur,Maize,2071.11,1967.56,2174.67,631.4,Rs/quintal,SYNTHETIC_DEMO
2023-01-04,Andhra Pradesh,Guntur,Guntur,Maize,2078.1,1974.19,2182.0,462.1,Rs/quintal,SYNTHETIC_DEMO
2023-01-05,Andhra Pradesh,Guntur,Guntur,Maize,2094.01,1989.31,2198.71,510.2,Rs/quintal,SYNTHETIC_DEMO
2023-01-06,Andhra Pradesh,Guntur,Guntur,Maize,2116.26,2010.44,2222.07,560.5,Rs/quintal,SYNTHETIC_DEMO
2023-01-07,Andhra Pradesh,Guntur,Guntur,Maize,2128.45,2022.03,2234.88,334.6,Rs/quintal,SYNTHETIC_DEMO
2023-01-08,Andhra Pradesh,Guntur,Guntur,Maize,2145.88,2038.58,2253.17,458.2,Rs/quintal,SYNTHETIC_DEMO
2023-01-09,Andhra Pradesh,Guntur,Guntur,Maize,2158.11,2050.21,2266.02,529.2,Rs/quintal,SYNTHETIC_DEMO
2023-01-10,Andhra Pradesh,Guntur,Guntur,Maize,2178.26,2069.35,2287.17,268.2,Rs/quintal,SYNTHETIC_DEMO
2023-01-11,Andhra Pradesh,Guntur,Guntur,Maize,2199.58,2089.6,2309.56,421.9,Rs/quintal,SYNTHETIC_DEMO
2023-01-12,Andhra Pradesh,Guntur,Guntur,Maize,2213.32,2102.66,2323.99,588.1,Rs/quintal,SYNTHETIC_DEMO
2023-01-13,Andhra Pradesh,Guntur,Guntur,Maize,2224.99,2113.74,2336.24,580.2,Rs/quintal,SYNTHETIC_DEMO
2023-01-14,Andhra Pradesh,Guntur,Guntur,Maize,2228.99,2117.54,2340.44,529.9,Rs/quintal,SYNTHETIC_DEMO
2023-01-15,Andhra Pradesh,Guntur,Guntur,Maize,2234.34,2122.62,2346.05,570.6,Rs/quintal,SYNTHETIC_DEMO
2023-01-16,Andhra Pradesh,Guntur,Guntur,Maize,2237.17,2125.31,2349.03,517.2,Rs/quintal,SYNTHETIC_DEMO
2023-01-17,Andhra Pradesh,Guntur,Guntur,Maize,2248.04,2135.64,2360.44,544.4,Rs/quintal,SYNTHETIC_DEMO
2023-01-18,Andhra Pradesh,Guntur,Guntur,Maize,2247.62,2135.23,2360.0,474.7,Rs/quintal,SYNTHETIC_DEMO
2023-01-19,Andhra Pradesh,Guntur,Guntur,Maize,2251.61,2139.03,2364.19,509.3,Rs/quintal,SYNTHETIC_DEMO
2023-01-20,Andhra Pradesh,Guntur,Guntur,Maize,2237.39,2125.52,2349.26,449.4,Rs/quintal,SYNTHETIC_DEMO
2023-01-21,Andhra Pradesh,Guntur,Guntur,Maize,2257.41,2144.54,2370.28,601.1,Rs/quintal,SYNTHETIC_DEMO
2023-01-22,Andhra Pradesh,Guntur,Guntur,Maize,2261.06,2148.01,2374.12,621.7,Rs/quintal,SYNTHETIC_DEMO
2023-01-23,Andhra Pradesh,Guntur,Guntur,Maize,2270.37,2156.85,2383.89,610.4,Rs/quintal,SYNTHETIC_DEMO
2023-01-24,Andhra Pradesh,Guntur,Guntur,Maize,2288.05,2173.65,2402.46,467.4,Rs/quintal,SYNTHETIC_DEMO
2023-01-25,Andhra Pradesh,Guntur,Guntur,Maize,2295.98,2181.18,2410.78,423.7,Rs/quintal,SYNTHETIC_DEMO
2023-01-26,Andhra Pradesh,Guntur,Guntur,Maize,2313.48,2197.81,2429.15,602.2,Rs/quintal,SYNTHETIC_DEMO
2023-01-27,Andhra Pradesh,Guntur,Guntur,Maize,2308.38,2192.96,2423.8,543.5,Rs/quintal,SYNTHETIC_DEMO
2023-01-28,Andhra Pradesh,Guntur,Guntur,Maize,2333.8,2217.11,2450.49,526.3,Rs/quintal,SYNTHETIC_DEMO
2023-01-29,Andhra Pradesh,Guntur,Guntur,Maize,2348.18,2230.77,2465.59,449.3,Rs/quintal,SYNTHETIC_DEMO
2023-01-30,Andhra Pradesh,Guntur,Guntur,Maize,2355.14,2237.38,2472.9,534.1,Rs/quintal,SYNTHETIC_DEMO
2023-01-31,Andhra Pradesh,Guntur,Guntur,Maize,2372.27,2253.66,2490.88,413.2,Rs/quintal,SYNTHETIC_DEMO
2023-02-01,Andhra Pradesh,Guntur,Guntur,Maize,2367.57,2249.19,2485.94,550.7,Rs/quintal,SYNTHETIC_DEMO
2023-02-02,Andhra Pradesh,Guntur,Guntur,Maize,2370.21,2251.7,2488.72,610.3,Rs/quintal,SYNTHETIC_DEMO
2023-02-03,Andhra Pradesh,Guntur,Guntur,Maize,2387.35,2267.99,2506.72,630.5,Rs/quintal,SYNTHETIC_DEMO
2023-02-04,Andhra Pradesh,Guntur,Guntur,Maize,2376.64,2257.8,2495.47,556.7,Rs/quintal,SYNTHETIC_DEMO
2023-02-05,Andhra Pradesh,Guntur,Guntur,Maize,2386.26,2266.94,2505.57,389.4,Rs/quintal,SYNTHETIC_DEMO
2023-02-06,Andhra Pradesh,Guntur,Guntur,Maize,2395.59,2275.81,2515.37,515.8,Rs/quintal,SYNTHETIC_DEMO
2023-02-07,Andhra Pradesh,Guntur,Guntur,Maize,2416.94,2296.09,2537.78,671.2,Rs/quintal,SYNTHETIC_DEMO
2023-02-08,Andhra Pradesh,Guntur,Guntur,Maize,2408.39,2287.97,2528.81,430.5,Rs/quintal,SYNTHETIC_DEMO
2023-02-09,Andhra Pradesh,Guntur,Guntur,Maize,2426.61,2305.28,2547.94,495.3,Rs/quintal,SYNTHETIC_DEMO
2023-02-10,Andhra Pradesh,Guntur,Guntur,Maize,2426.54,2305.22,2547.87,613.1,Rs/quintal,SYNTHETIC_DEMO
2023-02-11,Andhra Pradesh,Guntur,Guntur,Maize,2427.37,2306.0,2548.73,549.4,Rs/quintal,SYNTHETIC_DEMO
2023-02-12,Andhra Pradesh,Guntur,Guntur,Maize,2421.62,2300.54,2542.7,698.4,Rs/quintal,SYNTHETIC_DEMO
2023-02-13,Andhra Pradesh,Guntur,Guntur,Maize,2416.93,2296.09,2537.78,441.4,Rs/quintal,SYNTHETIC_DEMO
2023-02-14,Andhra Pradesh,Guntur,Guntur,Maize,2424.72,2303.48,2545.95,420.8,Rs/quintal,SYNTHETIC_DEMO
2023-02-15,Andhra Pradesh,Guntur,Guntur,Maize,2419.7,2298.72,2540.69,597.9,Rs/quintal,SYNTHETIC_DEMO
2023-02-16,Andhra Pradesh,Guntur,Guntur,Maize,2430.18,2308.67,2551.69,404.3,Rs/quintal,SYNTHETIC_DEMO
2023-02-17,Andhra Pradesh,Guntur,Guntur,Maize,2428.81,2307.37,2550.25,484.3,Rs/quintal,SYNTHETIC_DEMO
2023-02-18,Andhra Pradesh,Guntur,Guntur,Maize,2422.75,2301.61,2543.88,494.7,Rs/quintal,SYNTHETIC_DEMO
2023-02-19,Andhra Pradesh,Guntur,Guntur,Maize,2422.37,2301.25,2543.49,582.9,Rs/quintal,SYNTHETIC_DEMO
2023-02-20,Andhra Pradesh,Guntur,Guntur,Maize,2429.19,2307.73,2550.65,549.1,Rs/quintal,SYNTHETIC_DEMO
2023-02-21,Andhra Pradesh,Guntur,Guntur,Maize,2430.78,2309.24,2552.32,536.6,Rs/quintal,SYNTHETIC_DEMO
2023-02-22,Andhra Pradesh,Guntur,Guntur,Maize,2434.92,2313.17,2556.66,467.8,Rs/quintal,SYNTHETIC_DEMO
2023-02-23,Andhra Pradesh,Guntur,Guntur,Maize,2444.54,2322.31,2566.77,597.2,Rs/quintal,SYNTHETIC_DEMO
2023-02-24,Andhra Pradesh,Guntur,Guntur,Maize,2457.33,2334.47,2580.2,822.1,Rs/quintal,SYNTHETIC_DEMO
2023-02-25,Andhra Pradesh,Guntur,Guntur,Maize,2458.35,2335.44,2581.27,555.3,Rs/quintal,SYNTHETIC_DEMO
2023-02-26,Andhra Pradesh,Guntur,Guntur,Maize,2453.13,2330.48,2575.79,508.0,Rs/quintal,SYNTHETIC_DEMO
2023-02-27,Andhra Pradesh,Guntur,Guntur,Maize,2457.25,2334.38,2580.11,396.2,Rs/quintal,SYNTHETIC_DEMO
2023-02-28,Andhra Pradesh,Guntur,Guntur,Maize,2464.59,2341.37,2587.82,449.0,Rs/quintal,SYNTHETIC_DEMO
2023-03-01,Andhra Pradesh,Guntur,Guntur,Maize,2455.64,2332.86,2578.42,482.9,Rs/quintal,SYNTHETIC_DEMO
2023-03-02,Andhra Pradesh,Guntur,Guntur,Maize,2451.4,2328.83,2573.97,457.2,Rs/quintal,SYNTHETIC_DEMO
2023-03-03,Andhra Pradesh,Guntur,Guntur,Maize,2448.52,2326.09,2570.94,498.7,Rs/quintal,SYNTHETIC_DEMO
2023-03-04,Andhra Pradesh,Guntur,Guntur,Maize,2449.85,2327.36,2572.34,642.2,Rs/quintal,SYNTHETIC_DEMO
2023-03-05,Andhra Pradesh,Guntur,Guntur,Maize,2446.45,2324.13,2568.77,599.8,Rs/quintal,SYNTHETIC_DEMO
2023-03-06,Andhra Pradesh,Guntur,Guntur,Maize,2455.3,2332.54,2578.07,487.3,Rs/quintal,SYNTHETIC_DEMO
2023-03-07,Andhra Pradesh,Guntur,Guntur,Maize,2444.65,2322.42,2566.88,403.3,Rs/quintal,SYNTHETIC_DEMO
2023-03-08,Andhra Pradesh,Guntur,Guntur,Maize,2434.13,2312.42,2555.83,607.0,Rs/quintal,SYNTHETIC_DEMO
2023-03-09,Andhra Pradesh,Guntur,Guntur,Maize,2433.98,2312.28,2555.68,496.1,Rs/quintal,SYNTHETIC_DEMO
2023-03-10,Andhra Pradesh,Guntur,Guntur,Maize,2435.08,2313.33,2556.84,361.9,Rs/quintal,SYNTHETIC_DEMO
2023-03-11,Andhra Pradesh,Guntur,Guntur,Maize,2425.35,2304.08,2546.62,557.0,Rs/quintal,SYNTHETIC_DEMO
2023-03-12,Andhra Pradesh,Guntur,Guntur,Maize,2422.66,2301.53,2543.79,582.1,Rs/quintal,SYNTHETIC_DEMO
2023-03-13,Andhra Pradesh,Guntur,Guntur,Maize,2421.61,2300.53,2542.69,305.9,Rs/quintal,SYNTHETIC_DEMO
2023-03-14,Andhra Pradesh,Guntur,Guntur,Maize,2420.53,2299.5,2541.56,434.0,Rs/quintal,SYNTHETIC_DEMO
2023-03-15,Andhra Pradesh,Guntur,Guntur,Maize,2423.95,2302.75,2545.14,491.2,Rs/quintal,SYNTHETIC_DEMO
2023-03-16,Andhra Pradesh,Guntur,Guntur,Maize,2420.44,2299.42,2541.46,558.8,Rs/quintal,SYNTHETIC_DEMO
2023-03-17,Andhra Pradesh,Guntur,Guntur,Maize,2434.82,2313.07,2556.56,458.7,Rs/quintal,SYNTHETIC_DEMO
2023-03-18,Andhra Pradesh,Guntur,Guntur,Maize,2440.79,2318.75,2562.83,433.4,Rs/quintal,SYNTHETIC_DEMO
2023-03-19,Andhra Pradesh,Guntur,Guntur,Maize,2435.79,2314.0,2557.58,558.2,Rs/quintal,SYNTHETIC_DEMO
2023-03-20,Andhra Pradesh,Guntur,Guntur,Maize,2438.28,2316.36,2560.19,462.5,Rs/quintal,SYNTHETIC_DEMO
2023-03-21,Andhra Pradesh,Guntur,Guntur,Maize,2440.92,2318.87,2562.96,543.4,Rs/quintal,SYNTHETIC_DEMO
2023-03-22,Andhra Pradesh,Guntur,Guntur,Maize,2452.63,2330.0,2575.26,411.1,Rs/quintal,SYNTHETIC_DEMO
2023-03-23,Andhra Pradesh,Guntur,Guntur,Maize,2449.01,2326.56,2571.46,391.8,Rs/quintal,SYNTHETIC_DEMO
2023-03-24,Andhra Pradesh,Guntur,Guntur,Maize,2456.78,2333.94,2579.62,560.4,Rs/quintal,SYNTHETIC_DEMO
2023-03-25,Andhra Pradesh,Guntur,Guntur,Maize,2458.36,2335.44,2581.28,520.2,Rs/quintal,SYNTHETIC_DEMO
2023-03-26,Andhra Pradesh,Guntur,Guntur,Maize,2472.03,2348.43,2595.64,573.8,Rs/quintal,SYNTHETIC_DEMO
2023-03-27,Andhra Pradesh,Guntur,Guntur,Maize,2483.93,2359.73,2608.12,457.4,Rs/quintal,SYNTHETIC_DEMO
2023-03-28,Andhra Pradesh,Guntur,Guntur,Maize,2486.54,2362.21,2610.86,436.4,Rs/quintal,SYNTHETIC_DEMO
2023-03-29,Andhra Pradesh,Guntur,Guntur,Maize,2485.2,2360.94,2609.46,608.9,Rs/quintal,SYNTHETIC_DEMO
2023-03-30,Andhra Pradesh,Guntur,Guntur,Maize,2490.22,2365.71,2614.73,378.2,Rs/quintal,SYNTHETIC_DEMO
2023-03-31,Andhra Pradesh,Guntur,Guntur,Maize,2489.38,2364.91,2613.85,600.1,Rs/quintal,SYNTHETIC_DEMO
2023-04-01,Andhra Pradesh,Guntur,Guntur,Maize,2504.08,2378.88,2629.28,605.6,Rs/quintal,SYNTHETIC_DEMO
2023-04-02,Andhra Pradesh,Guntur,Guntur,Maize,2505.23,2379.97,2630.49,568.8,Rs/quintal,SYNTHETIC_DEMO
2023-04-03,Andhra Pradesh,Guntur,Guntur,Maize,2502.22,2377.11,2627.33,445.0,Rs/quintal,SYNTHETIC_DEMO
2023-04-04,Andhra Pradesh,Guntur,Guntur,Maize,2498.66,2373.73,2623.59,434.7,Rs/quintal,SYNTHETIC_DEMO
2023-04-05,Andhra Pradesh,Guntur,Guntur,Maize,2488.68,2364.25,2613.12,483.2,Rs/quintal,SYNTHETIC_DEMO
2023-04-06,Andhra Pradesh,Guntur,Guntur,Maize,2493.47,2368.8,2618.15,396.4,Rs/quintal,SYNTHETIC_DEMO
2023-04-07,Andhra Pradesh,Guntur,Guntur,Maize,2486.61,2362.28,2610.94,423.1,Rs/quintal,SYNTHETIC_DEMO
2023-04-08,Andhra Pradesh,Guntur,Guntur,Maize,2495.76,2370.98,2620.55,551.6,Rs/quintal,SYNTHETIC_DEMO
2023-04-09,Andhra Pradesh,Guntur,Guntur,Maize,2484.74,2360.5,2608.98,551.9,Rs/quintal,SYNTHETIC_DEMO
2023-04-10,Andhra Pradesh,Guntur,Guntur,Maize,2485.55,2361.28,2609.83,416.0,Rs/quintal,SYNTHETIC_DEMO
2023-04-11,Andhra Pradesh,Guntur,Guntur,Maize,2494.87,2370.13,2619.61,554.1,Rs/quintal,SYNTHETIC_DEMO
2023-04-12,Andhra Pradesh,Guntur,Guntur,Maize,2476.35,2352.53,2600.17,536.3,Rs/quintal,SYNTHETIC_DEMO
2023-04-13,Andhra Pradesh,Guntur,Guntur,Maize,2492.77,2368.13,2617.41,620.8,Rs/quintal,SYNTHETIC_DEMO
2023-04-14,Andhra Pradesh,Guntur,Guntur,Maize,2488.58,2364.15,2613.0,545.5,Rs/quintal,SYNTHETIC_DEMO
2023-04-15,Andhra Pradesh,Guntur,Guntur,Maize,2489.05,2364.59,2613.5,584.7,Rs/quintal,SYNTHETIC_DEMO
2023-04-16,Andhra Pradesh,Guntur,Guntur,Maize,2493.04,2368.39,2617.69,538.2,Rs/quintal,SYNTHETIC_DEMO
2023-04-17,Andhra Pradesh,Guntur,Guntur,Maize,2498.24,2373.33,2623.16,578.4,Rs/quintal,SYNTHETIC_DEMO
2023-04-18,Andhra Pradesh,Guntur,Guntur,Maize,2499.56,2374.58,2624.53,397.0,Rs/quintal,SYNTHETIC_DEMO
2023-04-19,Andhra Pradesh,Guntur,Guntur,Maize,2506.86,2381.51,2632.2,490.3,Rs/quintal,SYNTHETIC_DEMO
2023-04-20,Andhra Pradesh,Guntur,Guntur,Maize,2510.05,2384.55,2635.55,496.9,Rs/quintal,SYNTHETIC_DEMO
2023-04-21,Andhra Pradesh,Guntur,Guntur,Maize,2523.59,2397.41,2649.77,480.5,Rs/quintal,SYNTHETIC_DEMO
2023-04-22,Andhra Pradesh,Guntur,Guntur,Maize,2526.63,2400.3,2652.96,535.5,Rs/quintal,SYNTHETIC_DEMO
2023-04-23,Andhra Pradesh,Guntur,Guntur,Maize,2541.7,2414.62,2668.79,550.8,Rs/quintal,SYNTHETIC_DEMO
2023-04-24,Andhra Pradesh,Guntur,Guntur,Maize,2547.75,2420.36,2675.14,531.4,Rs/quintal,SYNTHETIC_DEMO
2023-04-25,Andhra Pradesh,Guntur,Guntur,Maize,2530.98,2404.43,2657.52,485.8,Rs/quintal,SYNTHETIC_DEMO
2023-04-26,Andhra Pradesh,Guntur,Guntur,Maize,2551.22,2423.66,2678.78,441.1,Rs/quintal,SYNTHETIC_DEMO
2023-04-27,Andhra Pradesh,Guntur,Guntur,Maize,2544.61,2417.38,2671.84,587.8,Rs/quintal,SYNTHETIC_DEMO
2023-04-28,Andhra Pradesh,Guntur,Guntur,Maize,2555.31,2427.55,2683.08,528.0,Rs/quintal,SYNTHETIC_DEMO
2023-04-29,Andhra Pradesh,Guntur,Guntur,Maize,2553.59,2425.91,2681.27,418.5,Rs/quintal,SYNTHETIC_DEMO
2023-04-30,Andhra Pradesh,Guntur,Guntur,Maize,2560.47,2432.45,2688.5,484.5,Rs/quintal,SYNTHETIC_DEMO
2023-05-01,Andhra Pradesh,Guntur,Guntur,Maize,2552.57,2424.95,2680.2,360.5,Rs/quintal,SYNTHETIC_DEMO
2023-05-02,Andhra Pradesh,Guntur,Guntur,Maize,2555.63,2427.85,2683.42,502.8,Rs/quintal,SYNTHETIC_DEMO
2023-05-03,Andhra Pradesh,Guntur,Guntur,Maize,2551.23,2423.67,2678.79,484.1,Rs/quintal,SYNTHETIC_DEMO
2023-05-04,Andhra Pradesh,Guntur,Guntur,Maize,2562.14,2434.03,2690.24,454.0,Rs/quintal,SYNTHETIC_DEMO
2023-05-05,Andhra Pradesh,Guntur,Guntur,Maize,2563.38,2435.21,2691.55,626.8,Rs/quintal,SYNTHETIC_DEMO
2023-05-06,Andhra Pradesh,Guntur,Guntur,Maize,2568.73,2440.29,2697.16,407.5,Rs/quintal,SYNTHETIC_DEMO
2023-05-07,Andhra Pradesh,Guntur,Guntur,Maize,2547.95,2420.56,2675.35,556.5,Rs/quintal,SYNTHETIC_DEMO
2023-05-08,Andhra Pradesh,Guntur,Guntur,Maize,2544.56,2417.33,2671.79,674.9,Rs/quintal,SYNTHETIC_DEMO
2023-05-09,Andhra Pradesh,Guntur,Guntur,Maize,2545.26,2418.0,2672.53,586.2,Rs/quintal,SYNTHETIC_DEMO
2023-05-10,Andhra Pradesh,Guntur,Guntur,Maize,2544.32,2417.1,2671.53,497.5,Rs/quintal,SYNTHETIC_DEMO
2023-05-11,Andhra Pradesh,Guntur,Guntur,Maize,2549.49,2422.02,2676.97,409.3,Rs/quintal,SYNTHETIC_DEMO
2023-05-12,Andhra Pradesh,Guntur,Guntur,Maize,2543.45,2416.28,2670.62,391.0,Rs/quintal,SYNTHETIC_DEMO
2023-05-13,Andhra Pradesh,Guntur,Guntur,Maize,2540.82,2413.77,2667.86,467.1,Rs/quintal,SYNTHETIC_DEMO
2023-05-14,Andhra Pradesh,Guntur,Guntur,Maize,2547.62,2420.24,2675.0,445.0,Rs/quintal,SYNTHETIC_DEMO
2023-05-15,Andhra Pradesh,Guntur,Guntur,Maize,2525.3,2399.03,2651.56,442.4,Rs/quintal,SYNTHETIC_DEMO
2023-05-16,Andhra Pradesh,Guntur,Guntur,Maize,2526.99,2400.64,2653.34,473.9,Rs/quintal,SYNTHETIC_DEMO
2023-05-17,Andhra Pradesh,Guntur,Guntur,Maize,2520.87,2394.82,2646.91,491.8,Rs/quintal,SYNTHETIC_DEMO
2023-05-18,Andhra Pradesh,Guntur,Guntur,Maize,2509.81,2384.32,2635.3,538.8,Rs/quintal,SYNTHETIC_DEMO
2023-05-19,Andhra Pradesh,Guntur,Guntur,Maize,2509.18,2383.73,2634.64,401.0,Rs/quintal,SYNTHETIC_DEMO
2023-05-20,Andhra Pradesh,Guntur,Guntur,Maize,2515.98,2390.18,2641.77,445.4,Rs/quintal,SYNTHETIC_DEMO
2023-05-21,Andhra Pradesh,Guntur,Guntur,Maize,2521.12,2395.06,2647.18,487.2,Rs/quintal,SYNTHETIC_DEMO
2023-05-22,Andhra Pradesh,Guntur,Guntur,Maize,2516.34,2390.52,2642.16,484.4,Rs/quintal,SYNTHETIC_DEMO
2023-05-23,Andhra Pradesh,Guntur,Guntur,Maize,2519.99,2393.99,2645.99,646.9,Rs/quintal,SYNTHETIC_DEMO
2023-05-24,Andhra Pradesh,Guntur,Guntur,Maize,2523.51,2397.34,2649.69,518.6,Rs/quintal,SYNTHETIC_DEMO
2023-05-25,Andhra Pradesh,Guntur,Guntur,Maize,2518.95,2393.01,2644.9,370.9,Rs/quintal,SYNTHETIC_DEMO
2023-05-26,Andhra Pradesh,Guntur,Guntur,Maize,2509.25,2383.79,2634.71,533.5,Rs/quintal,SYNTHETIC_DEMO
2023-05-27,Andhra Pradesh,Guntur,Guntur,Maize,2499.97,2374.98,2624.97,543.7,Rs/quintal,SYNTHETIC_DEMO
2023-05-28,Andhra Pradesh,Guntur,Guntur,Maize,2503.02,2377.87,2628.17,490.0,Rs/quintal,SYNTHETIC_DEMO
2023-05-29,Andhra Pradesh,Guntur,Guntur,Maize,2498.62,2373.69,2623.55,402.9,Rs/quintal,SYNTHETIC_DEMO
2023-05-30,Andhra Pradesh,Guntur,Guntur,Maize,2485.73,2361.44,2610.01,640.6,Rs/quintal,SYNTHETIC_DEMO
2023-05-31,Andhra Pradesh,Guntur,Guntur,Maize,2467.42,2344.05,2590.8,414.4,Rs/quintal,SYNTHETIC_DEMO
2023-06-01,Andhra Pradesh,Guntur,Guntur,Maize,2470.21,2346.7,2593.72,552.9,Rs/quintal,SYNTHETIC_DEMO
2023-06-02,Andhra Pradesh,Guntur,Guntur,Maize,2461.37,2338.3,2584.44,516.0,Rs/quintal,SYNTHETIC_DEMO
2023-06-03,Andhra Pradesh,Guntur,Guntur,Maize,2459.85,2336.86,2582.84,548.1,Rs/quintal,SYNTHETIC_DEMO
2023-06-04,Andhra Pradesh,Guntur,Guntur,Maize,2465.92,2342.63,2589.22,636.5,Rs/quintal,SYNTHETIC_DEMO
2023-06-05,Andhra Pradesh,Guntur,Guntur,Maize,2450.54,2328.02,2573.07,544.9,Rs/quintal,SYNTHETIC_DEMO
2023-06-06,Andhra Pradesh,Guntur,Guntur,Maize,2445.74,2323.45,2568.02,455.3,Rs/quintal,SYNTHETIC_DEMO
2023-06-07,Andhra Pradesh,Guntur,Guntur,Maize,2439.84,2317.84,2561.83,588.5,Rs/quintal,SYNTHETIC_DEMO
2023-06-08,Andhra Pradesh,Guntur,Guntur,Maize,2438.52,2316.59,2560.44,449.5,Rs/quintal,SYNTHETIC_DEMO
2023-06-09,Andhra Pradesh,Guntur,Guntur,Maize,2444.38,2322.16,2566.6,513.1,Rs/quintal,SYNTHETIC_DEMO
2023-06-10,Andhra Pradesh,Guntur,Guntur,Maize,2428.63,2307.2,2550.06,396.6,Rs/quintal,SYNTHETIC_DEMO
2023-06-11,Andhra Pradesh,Guntur,Guntur,Maize,2428.8,2307.36,2550.24,417.3,Rs/quintal,SYNTHETIC_DEMO
2023-06-12,Andhra Pradesh,Guntur,Guntur,Maize,2432.81,2311.17,2554.45,504.1,Rs/quintal,SYNTHETIC_DEMO
2023-06-13,Andhra Pradesh,Guntur,Guntur,Maize,2426.56,2305.23,2547.89,529.4,Rs/quintal,SYNTHETIC_DEMO
2023-06-14,Andhra Pradesh,Guntur,Guntur,Maize,2420.69,2299.66,2541.73,363.8,Rs/quintal,SYNTHETIC_DEMO
2023-06-15,Andhra Pradesh,Guntur,Guntur,Maize,2419.46,2298.49,2540.43,539.8,Rs/quintal,SYNTHETIC_DEMO
2023-06-16,Andhra Pradesh,Guntur,Guntur,Maize,2417.59,2296.71,2538.47,434.4,Rs/quintal,SYNTHETIC_DEMO
2023-06-17,Andhra Pradesh,Guntur,Guntur,Maize,2417.68,2296.8,2538.56,602.4,Rs/quintal,SYNTHETIC_DEMO
2023-06-18,Andhra Pradesh,Guntur,Guntur,Maize,2417.57,2296.69,2538.45,471.8,Rs/quintal,SYNTHETIC_DEMO
2023-06-19,Andhra Pradesh,Guntur,Guntur,Maize,2404.48,2284.25,2524.7,410.1,Rs/quintal,SYNTHETIC_DEMO
2023-06-20,Andhra Pradesh,Guntur,Guntur,Maize,2407.93,2287.53,2528.33,506.1,Rs/quintal,SYNTHETIC_DEMO
2023-06-21,Andhra Pradesh,Guntur,Guntur,Maize,2412.84,2292.2,2533.49,426.7,Rs/quintal,SYNTHETIC_DEMO
2023-06-22,Andhra Pradesh,Guntur,Guntur,Maize,2409.5,2289.03,2529.98,601.5,Rs/quintal,SYNTHETIC_DEMO
2023-06-23,Andhra Pradesh,Guntur,Guntur,Maize,2392.03,2272.43,2511.63,500.0,Rs/quintal,SYNTHETIC_DEMO
2023-06-24,Andhra Pradesh,Guntur,Guntur,Maize,2386.13,2266.82,2505.43,487.9,Rs/quintal,SYNTHETIC_DEMO
2023-06-25,Andhra Pradesh,Guntur,Guntur,Maize,2382.81,2263.67,2501.95,547.3,Rs/quintal,SYNTHETIC_DEMO
2023-06-26,Andhra Pradesh,Guntur,Guntur,Maize,2368.23,2249.82,2486.64,419.6,Rs/quintal,SYNTHETIC_DEMO
2023-06-27,Andhra Pradesh,Guntur,Guntur,Maize,2360.23,2242.22,2478.24,396.9,Rs/quintal,SYNTHETIC_DEMO
2023-06-28,Andhra Pradesh,Guntur,Guntur,Maize,2343.41,2226.24,2460.58,532.7,Rs/quintal,SYNTHETIC_DEMO
2023-06-29,Andhra Pradesh,Guntur,Guntur,Maize,2343.52,2226.35,2460.7,412.0,Rs/quintal,SYNTHETIC_DEMO
2023-06-30,Andhra Pradesh,Guntur,Guntur,Maize,2339.92,2222.93,2456.92,412.0,Rs/quintal,SYNTHETIC_DEMO
2023-07-01,Andhra Pradesh,Guntur,Guntur,Maize,2321.1,2205.04,2437.15,566.9,Rs/quintal,SYNTHETIC_DEMO
2023-07-02,Andhra Pradesh,Guntur,Guntur,Maize,2319.05,2203.1,2435.0,542.0,Rs/quintal,SYNTHETIC_DEMO
2023-07-03,Andhra Pradesh,Guntur,Guntur,Maize,2313.57,2197.89,2429.25,399.7,Rs/quintal,SYNTHETIC_DEMO
2023-07-04,Andhra Pradesh,Guntur,Guntur,Maize,2312.91,2197.26,2428.55,450.5,Rs/quintal,SYNTHETIC_DEMO
2023-07-05,Andhra Pradesh,Guntur,Guntur,Maize,2304.62,2189.39,2419.85,427.7,Rs/quintal,SYNTHETIC_DEMO
2023-07-06,Andhra Pradesh,Guntur,Guntur,Maize,2292.89,2178.25,2407.54,642.1,Rs/quintal,SYNTHETIC_DEMO
2023-07-07,Andhra Pradesh,Guntur,Guntur,Maize,2281.43,2167.36,2395.5,572.5,Rs/quintal,SYNTHETIC_DEMO
2023-07-08,Andhra Pradesh,Guntur,Guntur,Maize,2271.92,2158.33,2385.52,466.3,Rs/quintal,SYNTHETIC_DEMO
2023-07-09,Andhra Pradesh,Guntur,Guntur,Maize,2267.11,2153.75,2380.46,546.1,Rs/quintal,SYNTHETIC_DEMO
2023-07-10,Andhra Pradesh,Guntur,Guntur,Maize,2263.39,2150.22,2376.56,391.5,Rs/quintal,SYNTHETIC_DEMO
2023-07-11,Andhra Pradesh,Guntur,Guntur,Maize,2256.84,2143.99,2369.68,446.2,Rs/quintal,SYNTHETIC_DEMO
2023-07-12,Andhra Pradesh,Guntur,Guntur,Maize,2248.34,2135.92,2360.76,508.4,Rs/quintal,SYNTHETIC_DEMO
2023-07-13,Andhra Pradesh,Guntur,Guntur,Maize,2240.47,2128.44,2352.49,536.2,Rs/quintal,SYNTHETIC_DEMO
2023-07-14,Andhra Pradesh,Guntur,Guntur,Maize,2256.63,2143.8,2369.46,492.2,Rs/quintal,SYNTHETIC_DEMO
2023-07-15,Andhra Pradesh,Guntur,Guntur,Maize,2245.27,2133.0,2357.53,519.8,Rs/quintal,SYNTHETIC_DEMO
2023-07-16,Andhra Pradesh,Guntur,Guntur,Maize,2235.71,2123.93,2347.5,506.3,Rs/quintal,SYNTHETIC_DEMO
2023-07-17,Andhra Pradesh,Guntur,Guntur,Maize,2258.53,2145.61,2371.46,486.9,Rs/quintal,SYNTHETIC_DEMO
2023-07-18,Andhra Pradesh,Guntur,Guntur,Maize,2257.25,2144.39,2370.11,476.3,Rs/quintal,SYNTHETIC_DEMO
2023-07-19,Andhra Pradesh,Guntur,Guntur,Maize,2240.86,2128.82,2352.9,465.9,Rs/quintal,SYNTHETIC_DEMO
2023-07-20,Andhra Pradesh,Guntur,Guntur,Maize,2243.17,2131.01,2355.32,518.6,Rs/quintal,SYNTHETIC_DEMO
2023-07-21,Andhra Pradesh,Guntur,Guntur,Maize,2230.78,2119.24,2342.32,532.9,Rs/quintal,SYNTHETIC_DEMO
2023-07-22,Andhra Pradesh,Guntur,Guntur,Maize,2233.7,2122.01,2345.38,515.9,Rs/quintal,SYNTHETIC_DEMO
2023-07-23,Andhra Pradesh,Guntur,Guntur,Maize,2227.24,2115.88,2338.6,405.7,Rs/quintal,SYNTHETIC_DEMO
2023-07-24,Andhra Pradesh,Guntur,Guntur,Maize,2218.9,2107.95,2329.84,420.1,Rs/quintal,SYNTHETIC_DEMO
2023-07-25,Andhra Pradesh,Guntur,Guntur,Maize,2227.79,2116.4,2339.18,531.9,Rs/quintal,SYNTHETIC_DEMO
2023-07-26,Andhra Pradesh,Guntur,Guntur,Maize,2227.97,2116.57,2339.37,617.7,Rs/quintal,SYNTHETIC_DEMO
2023-07-27,Andhra Pradesh,Guntur,Guntur,Maize,2231.6,2120.02,2343.18,512.2,Rs/quintal,SYNTHETIC_DEMO
2023-07-28,Andhra Pradesh,Guntur,Guntur,Maize,2230.74,2119.2,2342.28,467.1,Rs/quintal,SYNTHETIC_DEMO
2023-07-29,Andhra Pradesh,Guntur,Guntur,Maize,2222.54,2111.41,2333.67,517.9,Rs/quintal,SYNTHETIC_DEMO
2023-07-30,Andhra Pradesh,Guntur,Guntur,Maize,2223.25,2112.09,2334.41,409.1,Rs/quintal,SYNTHETIC_DEMO
2023-07-31,Andhra Pradesh,Guntur,Guntur,Maize,2229.02,2117.57,2340.47,604.7,Rs/quintal,SYNTHETIC_DEMO
2023-08-01,Andhra Pradesh,Guntur,Guntur,Maize,2225.81,2114.52,2337.1,514.9,Rs/quintal,SYNTHETIC_DEMO
2023-08-02,Andhra Pradesh,Guntur,Guntur,Maize,2236.65,2124.82,2348.48,446.4,Rs/quintal,SYNTHETIC_DEMO
2023-08-03,Andhra Pradesh,Guntur,Guntur,Maize,2239.55,2127.57,2351.52,486.7,Rs/quintal,SYNTHETIC_DEMO
2023-08-04,Andhra Pradesh,Guntur,Guntur,Maize,2237.13,2125.27,2348.98,457.8,Rs/quintal,SYNTHETIC_DEMO
2023-08-05,Andhra Pradesh,Guntur,Guntur,Maize,2235.09,2123.33,2346.84,604.9,Rs/quintal,SYNTHETIC_DEMO
2023-08-06,Andhra Pradesh,Guntur,Guntur,Maize,2232.14,2120.53,2343.75,483.8,Rs/quintal,SYNTHETIC_DEMO
2023-08-07,Andhra Pradesh,Guntur,Guntur,Maize,2217.58,2106.7,2328.46,512.4,Rs/quintal,SYNTHETIC_DEMO
2023-08-08,Andhra Pradesh,Guntur,Guntur,Maize,2212.83,2102.19,2323.47,545.9,Rs/quintal,SYNTHETIC_DEMO
2023-08-09,Andhra Pradesh,Guntur,Guntur,Maize,2210.75,2100.21,2321.29,440.7,Rs/quintal,SYNTHETIC_DEMO
2023-08-10,Andhra Pradesh,Guntur,Guntur,Maize,2203.37,2093.2,2313.54,515.5,Rs/quintal,SYNTHETIC_DEMO
2023-08-11,Andhra Pradesh,Guntur,Guntur,Maize,2202.38,2092.26,2312.5,522.0,Rs/quintal,SYNTHETIC_DEMO
2023-08-12,Andhra Pradesh,Guntur,Guntur,Maize,2198.8,2088.86,2308.74,375.7,Rs/quintal,SYNTHETIC_DEMO
2023-08-13,Andhra Pradesh,Guntur,Guntur,Maize,2201.59,2091.51,2311.67,520.2,Rs/quintal,SYNTHETIC_DEMO
2023-08-14,Andhra Pradesh,Guntur,Guntur,Maize,2203.51,2093.34,2313.69,496.3,Rs/quintal,SYNTHETIC_DEMO
2023-08-15,Andhra Pradesh,Guntur,Guntur,Maize,2201.33,2091.27,2311.4,510.4,Rs/quintal,SYNTHETIC_DEMO
2023-08-16,Andhra Pradesh,Guntur,Guntur,Maize,2186.33,2077.01,2295.64,502.9,Rs/quintal,SYNTHETIC_DEMO
2023-08-17,Andhra Pradesh,Guntur,Guntur,Maize,2197.91,2088.02,2307.81,520.7,Rs/quintal,SYNTHETIC_DEMO
2023-08-18,Andhra Pradesh,Guntur,Guntur,Maize,2193.33,2083.67,2303.0,607.0,Rs/quintal,SYNTHETIC_DEMO
2023-08-19,Andhra Pradesh,Guntur,Guntur,Maize,2189.33,2079.86,2298.8,405.6,Rs/quintal,SYNTHETIC_DEMO
2023-08-20,Andhra Pradesh,Guntur,Guntur,Maize,2183.2,2074.04,2292.36,472.6,Rs/quintal,SYNTHETIC_DEMO
2023-08-21,Andhra Pradesh,Guntur,Guntur,Maize,2175.91,2067.12,2284.71,553.3,Rs/quintal,SYNTHETIC_DEMO
2023-08-22,Andhra Pradesh,Guntur,Guntur,Maize,2185.77,2076.48,2295.06,538.5,Rs/quintal,SYNTHETIC_DEMO
2023-08-23,Andhra Pradesh,Guntur,Guntur,Maize,2194.37,2084.65,2304.08,536.8,Rs/quintal,SYNTHETIC_DEMO
2023-08-24,Andhra Pradesh,Guntur,Guntur,Maize,2195.13,2085.37,2304.88,720.3,Rs/quintal,SYNTHETIC_DEMO
2023-08-25,Andhra Pradesh,Guntur,Guntur,Maize,2191.33,2081.76,2300.89,549.1,Rs/quintal,SYNTHETIC_DEMO
2023-08-26,Andhra Pradesh,Guntur,Guntur,Maize,2193.7,2084.02,2303.39,590.5,Rs/quintal,SYNTHETIC_DEMO
2023-08-27,Andhra Pradesh,Guntur,Guntur,Maize,2191.58,2082.0,2301.15,475.4,Rs/quintal,SYNTHETIC_DEMO
2023-08-28,Andhra Pradesh,Guntur,Guntur,Maize,2187.31,2077.94,2296.67,420.6,Rs/quintal,SYNTHETIC_DEMO
2023-08-29,Andhra Pradesh,Guntur,Guntur,Maize,2187.55,2078.17,2296.93,474.9,Rs/quintal,SYNTHETIC_DEMO
2023-08-30,Andhra Pradesh,Guntur,Guntur,Maize,2181.33,2072.26,2290.39,557.0,Rs/quintal,SYNTHETIC_DEMO
2023-08-31,Andhra Pradesh,Guntur,Guntur,Maize,2181.01,2071.96,2290.06,532.5,Rs/quintal,SYNTHETIC_DEMO
2023-09-01,Andhra Pradesh,Guntur,Guntur,Maize,2180.37,2071.35,2289.39,532.3,Rs/quintal,SYNTHETIC_DEMO
2023-09-02,Andhra Pradesh,Guntur,Guntur,Maize,2183.15,2074.0,2292.31,482.9,Rs/quintal,SYNTHETIC_DEMO
2023-09-03,Andhra Pradesh,Guntur,Guntur,Maize,2175.76,2066.97,2284.54,470.1,Rs/quintal,SYNTHETIC_DEMO
2023-09-04,Andhra Pradesh,Guntur,Guntur,Maize,2179.61,2070.63,2288.59,485.6,Rs/quintal,SYNTHETIC_DEMO
2023-09-05,Andhra Pradesh,Guntur,Guntur,Maize,2169.96,2061.46,2278.46,558.0,Rs/quintal,SYNTHETIC_DEMO
2023-09-06,Andhra Pradesh,Guntur,Guntur,Maize,2163.21,2055.05,2271.37,567.3,Rs/quintal,SYNTHETIC_DEMO
2023-09-07,Andhra Pradesh,Guntur,Guntur,Maize,2156.9,2049.05,2264.74,419.5,Rs/quintal,SYNTHETIC_DEMO
2023-09-08,Andhra Pradesh,Guntur,Guntur,Maize,2146.12,2038.81,2253.42,561.0,Rs/quintal,SYNTHETIC_DEMO
2023-09-09,Andhra Pradesh,Guntur,Guntur,Maize,2152.95,2045.31,2260.6,447.9,Rs/quintal,SYNTHETIC_DEMO
2023-09-10,Andhra Pradesh,Guntur,Guntur,Maize,2143.21,2036.05,2250.37,537.5,Rs/quintal,SYNTHETIC_DEMO
2023-09-11,Andhra Pradesh,Guntur,Guntur,Maize,2135.82,2029.03,2242.61,484.6,Rs/quintal,SYNTHETIC_DEMO
2023-09-12,Andhra Pradesh,Guntur,Guntur,Maize,2144.93,2037.68,2252.18,625.3,Rs/quintal,SYNTHETIC_DEMO
2023-09-13,Andhra Pradesh,Guntur,Guntur,Maize,2138.79,2031.85,2245.73,466.6,Rs/quintal,SYNTHETIC_DEMO
2023-09-14,Andhra Pradesh,Guntur,Guntur,Maize,2135.96,2029.16,2242.76,514.3,Rs/quintal,SYNTHETIC_DEMO
2023-09-15,Andhra Pradesh,Guntur,Guntur,Maize,2126.29,2019.98,2232.6,548.5,Rs/quintal,SYNTHETIC_DEMO
2023-09-16,Andhra Pradesh,Guntur,Guntur,Maize,2132.21,2025.6,2238.82,430.1,Rs/quintal,SYNTHETIC_DEMO
2023-09-17,Andhra Pradesh,Guntur,Guntur,Maize,2138.34,2031.42,2245.25,494.2,Rs/quintal,SYNTHETIC_DEMO
2023-09-18,Andhra Pradesh,Guntur,Guntur,Maize,2143.65,2036.46,2250.83,478.7,Rs/quintal,SYNTHETIC_DEMO
2023-09-19,Andhra Pradesh,Guntur,Guntur,Maize,2147.35,2039.99,2254.72,458.9,Rs/quintal,SYNTHETIC_DEMO
2023-09-20,Andhra Pradesh,Guntur,Guntur,Maize,2147.26,2039.9,2254.62,464.8,Rs/quintal,SYNTHETIC_DEMO
2023-09-21,Andhra Pradesh,Guntur,Guntur,Maize,2142.23,2035.12,2249.34,589.0,Rs/quintal,SYNTHETIC_DEMO
2023-09-22,Andhra Pradesh,Guntur,Guntur,Maize,2134.85,2028.11,2241.59,452.1,Rs/quintal,SYNTHETIC_DEMO
2023-09-23,Andhra Pradesh,Guntur,Guntur,Maize,2145.25,2037.99,2252.51,545.3,Rs/quintal,SYNTHETIC_DEMO
2023-09-24,Andhra Pradesh,Guntur,Guntur,Maize,2151.32,2043.76,2258.89,525.2,Rs/quintal,SYNTHETIC_DEMO
2023-09-25,Andhra Pradesh,Guntur,Guntur,Maize,2145.25,2037.98,2252.51,388.2,Rs/quintal,SYNTHETIC_DEMO
2023-09-26,Andhra Pradesh,Guntur,Guntur,Maize,2145.42,2038.15,2252.69,541.5,Rs/quintal,SYNTHETIC_DEMO
2023-09-27,Andhra Pradesh,Guntur,Guntur,Maize,2142.83,2035.69,2249.97,386.9,Rs/quintal,SYNTHETIC_DEMO
2023-09-28,Andhra Pradesh,Guntur,Guntur,Maize,2133.37,2026.71,2240.04,550.2,Rs/quintal,SYNTHETIC_DEMO
2023-09-29,Andhra Pradesh,Guntur,Guntur,Maize,2134.98,2028.23,2241.73,459.4,Rs/quintal,SYNTHETIC_DEMO
2023-09-30,Andhra Pradesh,Guntur,Guntur,Maize,2131.7,2025.12,2238.29,500.7,Rs/quintal,SYNTHETIC_DEMO
2023-10-01,Andhra Pradesh,Guntur,Guntur,Maize,2124.01,2017.81,2230.21,396.5,Rs/quintal,SYNTHETIC_DEMO
2023-10-02,Andhra Pradesh,Guntur,Guntur,Maize,2111.98,2006.38,2217.58,509.8,Rs/quintal,SYNTHETIC_DEMO
2023-10-03,Andhra Pradesh,Guntur,Guntur,Maize,2099.33,1994.36,2204.3,574.2,Rs/quintal,SYNTHETIC_DEMO
2023-10-04,Andhra Pradesh,Guntur,Guntur,Maize,2096.79,1991.96,2201.63,435.4,Rs/quintal,SYNTHETIC_DEMO
2023-10-05,Andhra Pradesh,Guntur,Guntur,Maize,2096.76,1991.92,2201.59,451.4,Rs/quintal,SYNTHETIC_DEMO
2023-10-06,Andhra Pradesh,Guntur,Guntur,Maize,2090.17,1985.67,2194.68,536.4,Rs/quintal,SYNTHETIC_DEMO
2023-10-07,Andhra Pradesh,Guntur,Guntur,Maize,2096.5,1991.68,2201.33,538.4,Rs/quintal,SYNTHETIC_DEMO
2023-10-08,Andhra Pradesh,Guntur,Guntur,Maize,2096.91,1992.06,2201.75,305.3,Rs/quintal,SYNTHETIC_DEMO
2023-10-09,Andhra Pradesh,Guntur,Guntur,Maize,2102.8,1997.66,2207.94,661.2,Rs/quintal,SYNTHETIC_DEMO
2023-10-10,Andhra Pradesh,Guntur,Guntur,Maize,2102.41,1997.29,2207.53,542.3,Rs/quintal,SYNTHETIC_DEMO
2023-10-11,Andhra Pradesh,Guntur,Guntur,Maize,2097.03,1992.18,2201.88,555.8,Rs/quintal,SYNTHETIC_DEMO
2023-10-12,Andhra Pradesh,Guntur,Guntur,Maize,2099.31,1994.35,2204.28,488.5,Rs/quintal,SYNTHETIC_DEMO
2023-10-13,Andhra Pradesh,Guntur,Guntur,Maize,2090.12,1985.62,2194.63,351.6,Rs/quintal,SYNTHETIC_DEMO
2023-10-14,Andhra Pradesh,Guntur,Guntur,Maize,2096.17,1991.36,2200.97,554.0,Rs/quintal,SYNTHETIC_DEMO
2023-10-15,Andhra Pradesh,Guntur,Guntur,Maize,2089.89,1985.4,2194.39,454.8,Rs/quintal,SYNTHETIC_DEMO
2023-10-16,Andhra Pradesh,Guntur,Guntur,Maize,2099.3,1994.33,2204.26,543.5,Rs/quintal,SYNTHETIC_DEMO
2023-10-17,Andhra Pradesh,Guntur,Guntur,Maize,2098.24,1993.33,2203.15,482.5,Rs/quintal,SYNTHETIC_DEMO
2023-10-18,Andhra Pradesh,Guntur,Guntur,Maize,2109.04,2003.58,2214.49,519.0,Rs/quintal,SYNTHETIC_DEMO
2023-10-19,Andhra Pradesh,Guntur,Guntur,Maize,2101.57,1996.49,2206.65,438.0,Rs/quintal,SYNTHETIC_DEMO
2023-10-20,Andhra Pradesh,Guntur,Guntur,Maize,2097.93,1993.03,2202.82,569.2,Rs/quintal,SYNTHETIC_DEMO
2023-10-21,Andhra Pradesh,Guntur,Guntur,Maize,2103.26,1998.1,2208.43,404.9,Rs/quintal,SYNTHETIC_DEMO
2023-10-22,Andhra Pradesh,Guntur,Guntur,Maize,2115.33,2009.56,2221.09,679.6,Rs/quintal,SYNTHETIC_DEMO
2023-10-23,Andhra Pradesh,Guntur,Guntur,Maize,2131.64,2025.06,2238.22,679.0,Rs/quintal,SYNTHETIC_DEMO
2023-10-24,Andhra Pradesh,Guntur,Guntur,Maize,2134.39,2027.67,2241.11,630.6,Rs/quintal,SYNTHETIC_DEMO
2023-10-25,Andhra Pradesh,Guntur,Guntur,Maize,2152.32,2044.7,2259.93,602.0,Rs/quintal,SYNTHETIC_DEMO
2023-10-26,Andhra Pradesh,Guntur,Guntur,Maize,2152.46,2044.84,2260.08,493.2,Rs/quintal,SYNTHETIC_DEMO
2023-10-27,Andhra Pradesh,Guntur,Guntur,Maize,2164.35,2056.13,2272.57,593.3,Rs/quintal,SYNTHETIC_DEMO
2023-10-28,Andhra Pradesh,Guntur,Guntur,Maize,2159.18,2051.22,2267.14,492.3,Rs/quintal,SYNTHETIC_DEMO
2023-10-29,Andhra Pradesh,Guntur,Guntur,Maize,2165.54,2057.26,2273.82,375.7,Rs/quintal,SYNTHETIC_DEMO
2023-10-30,Andhra Pradesh,Guntur,Guntur,Maize,2148.78,2041.35,2256.22,620.3,Rs/quintal,SYNTHETIC_DEMO
2023-10-31,Andhra Pradesh,Guntur,Guntur,Maize,2142.36,2035.24,2249.48,590.3,Rs/quintal,SYNTHETIC_DEMO
2023-11-01,Andhra Pradesh,Guntur,Guntur,Maize,2149.36,2041.89,2256.82,497.5,Rs/quintal,SYNTHETIC_DEMO
2023-11-02,Andhra Pradesh,Guntur,Guntur,Maize,2141.49,2034.41,2248.56,402.0,Rs/quintal,SYNTHETIC_DEMO
2023-11-03,Andhra Pradesh,Guntur,Guntur,Maize,2148.31,2040.9,2255.73,453.1,Rs/quintal,SYNTHETIC_DEMO
2023-11-04,Andhra Pradesh,Guntur,Guntur,Maize,2159.25,2051.28,2267.21,354.3,Rs/quintal,SYNTHETIC_DEMO
2023-11-05,Andhra Pradesh,Guntur,Guntur,Maize,2158.43,2050.51,2266.35,575.6,Rs/quintal,SYNTHETIC_DEMO
2023-11-06,Andhra Pradesh,Guntur,Guntur,Maize,2153.77,2046.08,2261.45,371.7,Rs/quintal,SYNTHETIC_DEMO
2023-11-07,Andhra Pradesh,Guntur,Guntur,Maize,2153.33,2045.67,2261.0,522.9,Rs/quintal,SYNTHETIC_DEMO
2023-11-08,Andhra Pradesh,Guntur,Guntur,Maize,2148.85,2041.4,2256.29,432.5,Rs/quintal,SYNTHETIC_DEMO
2023-11-09,Andhra Pradesh,Guntur,Guntur,Maize,2151.7,2044.11,2259.28,385.9,Rs/quintal,SYNTHETIC_DEMO
2023-11-10,Andhra Pradesh,Guntur,Guntur,Maize,2156.33,2048.51,2264.14,519.1,Rs/quintal,SYNTHETIC_DEMO
2023-11-11,Andhra Pradesh,Guntur,Guntur,Maize,2157.61,2049.73,2265.49,473.3,Rs/quintal,SYNTHETIC_DEMO
2023-11-12,Andhra Pradesh,Guntur,Guntur,Maize,2175.59,2066.81,2284.37,567.1,Rs/quintal,SYNTHETIC_DEMO
2023-11-13,Andhra Pradesh,Guntur,Guntur,Maize,2173.54,2064.86,2282.21,398.6,Rs/quintal,SYNTHETIC_DEMO
2023-11-14,Andhra Pradesh,Guntur,Guntur,Maize,2189.28,2079.82,2298.75,439.4,Rs/quintal,SYNTHETIC_DEMO
2023-11-15,Andhra Pradesh,Guntur,Guntur,Maize,2184.67,2075.43,2293.9,309.0,Rs/quintal,SYNTHETIC_DEMO
2023-11-16,Andhra Pradesh,Guntur,Guntur,Maize,2189.47,2080.0,2298.95,325.3,Rs/quintal,SYNTHETIC_DEMO
2023-11-17,Andhra Pradesh,Guntur,Guntur,Maize,2203.67,2093.49,2313.86,643.9,Rs/quintal,SYNTHETIC_DEMO
2023-11-18,Andhra Pradesh,Guntur,Guntur,Maize,2217.51,2106.63,2328.38,666.7,Rs/quintal,SYNTHETIC_DEMO
2023-11-19,Andhra Pradesh,Guntur,Guntur,Maize,2218.37,2107.45,2329.29,507.4,Rs/quintal,SYNTHETIC_DEMO
2023-11-20,Andhra Pradesh,Guntur,Guntur,Maize,2227.48,2116.11,2338.86,434.1,Rs/quintal,SYNTHETIC_DEMO
2023-11-21,Andhra Pradesh,Guntur,Guntur,Maize,2235.54,2123.76,2347.32,476.1,Rs/quintal,SYNTHETIC_DEMO
2023-11-22,Andhra Pradesh,Guntur,Guntur,Maize,2235.58,2123.8,2347.36,569.9,Rs/quintal,SYNTHETIC_DEMO
2023-11-23,Andhra Pradesh,Guntur,Guntur,Maize,2245.39,2133.12,2357.66,458.8,Rs/quintal,SYNTHETIC_DEMO
2023-11-24,Andhra Pradesh,Guntur,Guntur,Maize,2265.73,2152.44,2379.02,519.0,Rs/quintal,SYNTHETIC_DEMO
2023-11-25,Andhra Pradesh,Guntur,Guntur,Maize,2274.44,2160.72,2388.17,499.0,Rs/quintal,SYNTHETIC_DEMO
2023-11-26,Andhra Pradesh,Guntur,Guntur,Maize,2284.01,2169.81,2398.21,454.5,Rs/quintal,SYNTHETIC_DEMO
2023-11-27,Andhra Pradesh,Guntur,Guntur,Maize,2294.52,2179.79,2409.24,457.9,Rs/quintal,SYNTHETIC_DEMO
2023-11-28,Andhra Pradesh,Guntur,Guntur,Maize,2287.16,2172.8,2401.52,523.5,Rs/quintal,SYNTHETIC_DEMO
2023-11-29,Andhra Pradesh,Guntur,Guntur,Maize,2295.99,2181.19,2410.79,421.8,Rs/quintal,SYNTHETIC_DEMO
2023-11-30,Andhra Pradesh,Guntur,Guntur,Maize,2292.46,2177.84,2407.09,536.1,Rs/quintal,SYNTHETIC_DEMO
2023-12-01,Andhra Pradesh,Guntur,Guntur,Maize,2292.57,2177.94,2407.2,462.3,Rs/quintal,SYNTHETIC_DEMO
2023-12-02,Andhra Pradesh,Guntur,Guntur,Maize,2315.85,2200.05,2431.64,510.2,Rs/quintal,SYNTHETIC_DEMO
2023-12-03,Andhra Pradesh,Guntur,Guntur,Maize,2318.88,2202.93,2434.82,610.7,Rs/quintal,SYNTHETIC_DEMO
2023-12-04,Andhra Pradesh,Guntur,Guntur,Maize,2317.86,2201.97,2433.75,486.5,Rs/quintal,SYNTHETIC_DEMO
2023-12-05,Andhra Pradesh,Guntur,Guntur,Maize,2332.79,2216.15,2449.43,573.6,Rs/quintal,SYNTHETIC_DEMO
2023-12-06,Andhra Pradesh,Guntur,Guntur,Maize,2330.12,2213.61,2446.62,356.6,Rs/quintal,SYNTHETIC_DEMO
2023-12-07,Andhra Pradesh,Guntur,Guntur,Maize,2331.69,2215.1,2448.27,462.4,Rs/quintal,SYNTHETIC_DEMO
2023-12-08,Andhra Pradesh,Guntur,Guntur,Maize,2347.55,2230.17,2464.92,502.2,Rs/quintal,SYNTHETIC_DEMO
2023-12-09,Andhra Pradesh,Guntur,Guntur,Maize,2353.31,2235.64,2470.98,653.9,Rs/quintal,SYNTHETIC_DEMO
2023-12-10,Andhra Pradesh,Guntur,Guntur,Maize,2345.63,2228.35,2462.92,343.2,Rs/quintal,SYNTHETIC_DEMO
2023-12-11,Andhra Pradesh,Guntur,Guntur,Maize,2355.68,2237.89,2473.46,492.3,Rs/quintal,SYNTHETIC_DEMO
2023-12-12,Andhra Pradesh,Guntur,Guntur,Maize,2357.86,2239.96,2475.75,616.5,Rs/quintal,SYNTHETIC_DEMO
2023-12-13,Andhra Pradesh,Guntur,Guntur,Maize,2376.33,2257.51,2495.15,437.2,Rs/quintal,SYNTHETIC_DEMO
2023-12-14,Andhra Pradesh,Guntur,Guntur,Maize,2376.81,2257.97,2495.65,483.0,Rs/quintal,SYNTHETIC_DEMO
2023-12-15,Andhra Pradesh,Guntur,Guntur,Maize,2391.24,2271.68,2510.8,526.5,Rs/quintal,SYNTHETIC_DEMO
2023-12-16,Andhra Pradesh,Guntur,Guntur,Maize,2411.78,2291.19,2532.37,514.8,Rs/quintal,SYNTHETIC_DEMO
2023-12-17,Andhra Pradesh,Guntur,Guntur,Maize,2410.28,2289.77,2530.79,625.3,Rs/quintal,SYNTHETIC_DEMO
2023-12-18,Andhra Pradesh,Guntur,Guntur,Maize,2414.33,2293.62,2535.05,535.9,Rs/quintal,SYNTHETIC_DEMO
2023-12-19,Andhra Pradesh,Guntur,Guntur,Maize,2423.29,2302.13,2544.46,606.2,Rs/quintal,SYNTHETIC_DEMO
2023-12-20,Andhra Pradesh,Guntur,Guntur,Maize,2421.81,2300.72,2542.9,471.2,Rs/quintal,SYNTHETIC_DEMO
2023-12-21,Andhra Pradesh,Guntur,Guntur,Maize,2429.82,2308.32,2551.31,440.8,Rs/quintal,SYNTHETIC_DEMO
2023-12-22,Andhra Pradesh,Guntur,Guntur,Maize,2433.68,2312.0,2555.36,481.9,Rs/quintal,SYNTHETIC_DEMO
2023-12-23,Andhra Pradesh,Guntur,Guntur,Maize,2437.39,2315.52,2559.26,407.3,Rs/quintal,SYNTHETIC_DEMO
2023-12-24,Andhra Pradesh,Guntur,Guntur,Maize,2443.59,2321.41,2565.77,538.7,Rs/quintal,SYNTHETIC_DEMO
2023-12-25,Andhra Pradesh,Guntur,Guntur,Maize,2449.98,2327.48,2572.48,469.1,Rs/quintal,SYNTHETIC_DEMO
2023-12-26,Andhra Pradesh,Guntur,Guntur,Maize,2457.17,2334.31,2580.03,446.3,Rs/quintal,SYNTHETIC_DEMO
2023-12-27,Andhra Pradesh,Guntur,Guntur,Maize,2457.96,2335.06,2580.85,539.9,Rs/quintal,SYNTHETIC_DEMO
2023-12-28,Andhra Pradesh,Guntur,Guntur,Maize,2459.12,2336.16,2582.08,408.5,Rs/quintal,SYNTHETIC_DEMO
2023-12-29,Andhra Pradesh,Guntur,Guntur,Maize,2463.96,2340.76,2587.15,561.6,Rs/quintal,SYNTHETIC_DEMO
2023-12-30,Andhra Pradesh,Guntur,Guntur,Maize,2469.42,2345.95,2592.89,461.7,Rs/quintal,SYNTHETIC_DEMO
2023-12-31,Andhra Pradesh,Guntur,Guntur,Maize,2471.57,2347.99,2595.15,592.7,Rs/quintal,SYNTHETIC_DEMO
2024-01-01,Andhra Pradesh,Guntur,Guntur,Maize,2480.13,2356.13,2604.14,468.6,Rs/quintal,SYNTHETIC_DEMO
2024-01-02,Andhra Pradesh,Guntur,Guntur,Maize,2470.73,2347.2,2594.27,550.6,Rs/quintal,SYNTHETIC_DEMO
2024-01-03,Andhra Pradesh,Guntur,Guntur,Maize,2470.44,2346.92,2593.96,514.4,Rs/quintal,SYNTHETIC_DEMO
2024-01-04,Andhra Pradesh,Guntur,Guntur,Maize,2473.92,2350.23,2597.62,559.5,Rs/quintal,SYNTHETIC_DEMO
2024-01-05,Andhra Pradesh,Guntur,Guntur,Maize,2472.56,2348.94,2596.19,508.8,Rs/quintal,SYNTHETIC_DEMO
2024-01-06,Andhra Pradesh,Guntur,Guntur,Maize,2492.08,2367.47,2616.68,366.9,Rs/quintal,SYNTHETIC_DEMO
2024-01-07,Andhra Pradesh,Guntur,Guntur,Maize,2498.05,2373.15,2622.96,580.7,Rs/quintal,SYNTHETIC_DEMO
2024-01-08,Andhra Pradesh,Guntur,Guntur,Maize,2505.35,2380.08,2630.61,493.0,Rs/quintal,SYNTHETIC_DEMO
2024-01-09,Andhra Pradesh,Guntur,Guntur,Maize,2507.08,2381.73,2632.44,563.2,Rs/quintal,SYNTHETIC_DEMO
2024-01-10,Andhra Pradesh,Guntur,Guntur,Maize,2512.74,2387.1,2638.37,555.2,Rs/quintal,SYNTHETIC_DEMO
2024-01-11,Andhra Pradesh,Guntur,Guntur,Maize,2508.3,2382.88,2633.71,438.1,Rs/quintal,SYNTHETIC_DEMO
2024-01-12,Andhra Pradesh,Guntur,Guntur,Maize,2512.63,2386.99,2638.26,426.8,Rs/quintal,SYNTHETIC_DEMO
2024-01-13,Andhra Pradesh,Guntur,Guntur,Maize,2510.49,2384.97,2636.02,552.4,Rs/quintal,SYNTHETIC_DEMO
2024-01-14,Andhra Pradesh,Guntur,Guntur,Maize,2513.88,2388.18,2639.57,475.7,Rs/quintal,SYNTHETIC_DEMO
2024-01-15,Andhra Pradesh,Guntur,Guntur,Maize,2498.07,2373.17,2622.98,574.9,Rs/quintal,SYNTHETIC_DEMO
2024-01-16,Andhra Pradesh,Guntur,Guntur,Maize,2494.27,2369.56,2618.98,485.7,Rs/quintal,SYNTHETIC_DEMO
2024-01-17,Andhra Pradesh,Guntur,Guntur,Maize,2512.22,2386.61,2637.83,581.9,Rs/quintal,SYNTHETIC_DEMO
2024-01-18,Andhra Pradesh,Guntur,Guntur,Maize,2524.82,2398.58,2651.06,533.9,Rs/quintal,SYNTHETIC_DEMO
2024-01-19,Andhra Pradesh,Guntur,Guntur,Maize,2541.5,2414.42,2668.57,523.0,Rs/quintal,SYNTHETIC_DEMO
2024-01-20,Andhra Pradesh,Guntur,Guntur,Maize,2558.72,2430.79,2686.66,470.1,Rs/quintal,SYNTHETIC_DEMO
2024-01-21,Andhra Pradesh,Guntur,Guntur,Maize,2569.92,2441.42,2698.41,518.6,Rs/quintal,SYNTHETIC_DEMO
2024-01-22,Andhra Pradesh,Guntur,Guntur,Maize,2571.62,2443.04,2700.2,595.4,Rs/quintal,SYNTHETIC_DEMO
2024-01-23,Andhra Pradesh,Guntur,Guntur,Maize,2568.38,2439.96,2696.8,495.7,Rs/quintal,SYNTHETIC_DEMO
2024-01-24,Andhra Pradesh,Guntur,Guntur,Maize,2583.46,2454.28,2712.63,542.5,Rs/quintal,SYNTHETIC_DEMO
2024-01-25,Andhra Pradesh,Guntur,Guntur,Maize,2589.4,2459.93,2718.87,503.7,Rs/quintal,SYNTHETIC_DEMO
2024-01-26,Andhra Pradesh,Guntur,Guntur,Maize,2615.72,2484.93,2746.51,510.0,Rs/quintal,SYNTHETIC_DEMO
2024-01-27,Andhra Pradesh,Guntur,Guntur,Maize,2617.98,2487.08,2748.88,637.9,Rs/quintal,SYNTHETIC_DEMO
2024-01-28,Andhra Pradesh,Guntur,Guntur,Maize,2639.84,2507.85,2771.83,596.1,Rs/quintal,SYNTHETIC_DEMO
2024-01-29,Andhra Pradesh,Guntur,Guntur,Maize,2643.77,2511.58,2775.96,506.4,Rs/quintal,SYNTHETIC_DEMO
2024-01-30,Andhra Pradesh,Guntur,Guntur,Maize,2660.2,2527.19,2793.21,517.2,Rs/quintal,SYNTHETIC_DEMO
2024-01-31,Andhra Pradesh,Guntur,Guntur,Maize,2679.61,2545.63,2813.59,443.9,Rs/quintal,SYNTHETIC_DEMO
2024-02-01,Andhra Pradesh,Guntur,Guntur,Maize,2676.13,2542.32,2809.93,486.2,Rs/quintal,SYNTHETIC_DEMO
2024-02-02,Andhra Pradesh,Guntur,Guntur,Maize,2677.12,2543.26,2810.97,524.8,Rs/quintal,SYNTHETIC_DEMO
2024-02-03,Andhra Pradesh,Guntur,Guntur,Maize,2673.46,2539.78,2807.13,568.0,Rs/quintal,SYNTHETIC_DEMO
2024-02-04,Andhra Pradesh,Guntur,Guntur,Maize,2668.09,2534.69,2801.49,559.9,Rs/quintal,SYNTHETIC_DEMO
2024-02-05,Andhra Pradesh,Guntur,Guntur,Maize,2678.61,2544.68,2812.54,411.3,Rs/quintal,SYNTHETIC_DEMO
2024-02-06,Andhra Pradesh,Guntur,Guntur,Maize,2681.82,2547.73,2815.91,578.2,Rs/quintal,SYNTHETIC_DEMO
2024-02-07,Andhra Pradesh,Guntur,Guntur,Maize,2687.06,2552.71,2821.42,492.9,Rs/quintal,SYNTHETIC_DEMO
2024-02-08,Andhra Pradesh,Guntur,Guntur,Maize,2696.49,2561.66,2831.31,421.0,Rs/quintal,SYNTHETIC_DEMO
2024-02-09,Andhra Pradesh,Guntur,Guntur,Maize,2685.58,2551.3,2819.86,606.9,Rs/quintal,SYNTHETIC_DEMO
2024-02-10,Andhra Pradesh,Guntur,Guntur,Maize,2701.02,2565.97,2836.08,617.1,Rs/quintal,SYNTHETIC_DEMO
2024-02-11,Andhra Pradesh,Guntur,Guntur,Maize,2702.67,2567.54,2837.8,521.1,Rs/quintal,SYNTHETIC_DEMO
2024-02-12,Andhra Pradesh,Guntur,Guntur,Maize,2711.66,2576.08,2847.24,556.7,Rs/quintal,SYNTHETIC_DEMO
2024-02-13,Andhra Pradesh,Guntur,Guntur,Maize,2721.33,2585.26,2857.39,561.4,Rs/quintal,SYNTHETIC_DEMO
2024-02-14,Andhra Pradesh,Guntur,Guntur,Maize,2737.23,2600.37,2874.1,611.7,Rs/quintal,SYNTHETIC_DEMO
2024-02-15,Andhra Pradesh,Guntur,Guntur,Maize,2740.68,2603.65,2877.71,558.2,Rs/quintal,SYNTHETIC_DEMO
2024-02-16,Andhra Pradesh,Guntur,Guntur,Maize,2727.1,2590.75,2863.46,393.8,Rs/quintal,SYNTHETIC_DEMO
2024-02-17,Andhra Pradesh,Guntur,Guntur,Maize,2731.78,2595.19,2868.37,660.8,Rs/quintal,SYNTHETIC_DEMO
2024-02-18,Andhra Pradesh,Guntur,Guntur,Maize,2737.59,2600.72,2874.47,585.3,Rs/quintal,SYNTHETIC_DEMO
2024-02-19,Andhra Pradesh,Guntur,Guntur,Maize,2732.97,2596.32,2869.62,459.2,Rs/quintal,SYNTHETIC_DEMO
2024-02-20,Andhra Pradesh,Guntur,Guntur,Maize,2738.2,2601.29,2875.11,417.6,Rs/quintal,SYNTHETIC_DEMO
2024-02-21,Andhra Pradesh,Guntur,Guntur,Maize,2739.08,2602.13,2876.04,540.4,Rs/quintal,SYNTHETIC_DEMO
2024-02-22,Andhra Pradesh,Guntur,Guntur,Maize,2731.65,2595.07,2868.23,477.7,Rs/quintal,SYNTHETIC_DEMO
2024-02-23,Andhra Pradesh,Guntur,Guntur,Maize,2741.07,2604.01,2878.12,526.4,Rs/quintal,SYNTHETIC_DEMO
2024-02-24,Andhra Pradesh,Guntur,Guntur,Maize,2740.03,2603.03,2877.03,559.5,Rs/quintal,SYNTHETIC_DEMO
2024-02-25,Andhra Pradesh,Guntur,Guntur,Maize,2740.24,2603.23,2877.26,454.7,Rs/quintal,SYNTHETIC_DEMO
2024-02-26,Andhra Pradesh,Guntur,Guntur,Maize,2739.91,2602.91,2876.9,410.7,Rs/quintal,SYNTHETIC_DEMO
2024-02-27,Andhra Pradesh,Guntur,Guntur,Maize,2753.76,2616.07,2891.45,530.9,Rs/quintal,SYNTHETIC_DEMO
2024-02-28,Andhra Pradesh,Guntur,Guntur,Maize,2756.81,2618.97,2894.65,457.3,Rs/quintal,SYNTHETIC_DEMO
2024-02-29,Andhra Pradesh,Guntur,Guntur,Maize,2760.8,2622.76,2898.83,511.7,Rs/quintal,SYNTHETIC_DEMO
2024-03-01,Andhra Pradesh,Guntur,Guntur,Maize,2760.33,2622.32,2898.35,392.5,Rs/quintal,SYNTHETIC_DEMO
2024-03-02,Andhra Pradesh,Guntur,Guntur,Maize,2767.38,2629.01,2905.75,479.8,Rs/quintal,SYNTHETIC_DEMO
2024-03-03,Andhra Pradesh,Guntur,Guntur,Maize,2781.79,2642.7,2920.88,557.2,Rs/quintal,SYNTHETIC_DEMO
2024-03-04,Andhra Pradesh,Guntur,Guntur,Maize,2790.23,2650.72,2929.74,548.5,Rs/quintal,SYNTHETIC_DEMO
2024-03-05,Andhra Pradesh,Guntur,Guntur,Maize,2798.91,2658.96,2938.85,436.9,Rs/quintal,SYNTHETIC_DEMO
2024-03-06,Andhra Pradesh,Guntur,Guntur,Maize,2806.83,2666.49,2947.17,406.5,Rs/quintal,SYNTHETIC_DEMO
2024-03-07,Andhra Pradesh,Guntur,Guntur,Maize,2797.98,2658.08,2937.88,501.3,Rs/quintal,SYNTHETIC_DEMO
2024-03-08,Andhra Pradesh,Guntur,Guntur,Maize,2793.28,2653.62,2932.95,544.9,Rs/quintal,SYNTHETIC_DEMO
2024-03-09,Andhra Pradesh,Guntur,Guntur,Maize,2794.14,2654.43,2933.85,532.4,Rs/quintal,SYNTHETIC_DEMO
2024-03-10,Andhra Pradesh,Guntur,Guntur,Maize,2790.53,2651.0,2930.06,459.0,Rs/quintal,SYNTHETIC_DEMO
2024-03-11,Andhra Pradesh,Guntur,Guntur,Maize,2783.99,2644.79,2923.19,523.8,Rs/quintal,SYNTHETIC_DEMO
2024-03-12,Andhra Pradesh,Guntur,Guntur,Maize,2770.58,2632.05,2909.11,620.2,Rs/quintal,SYNTHETIC_DEMO
2024-03-13,Andhra Pradesh,Guntur,Guntur,Maize,2761.5,2623.42,2899.57,516.4,Rs/quintal,SYNTHETIC_DEMO
2024-03-14,Andhra Pradesh,Guntur,Guntur,Maize,2761.48,2623.41,2899.56,369.3,Rs/quintal,SYNTHETIC_DEMO
2024-03-15,Andhra Pradesh,Guntur,Guntur,Maize,2762.95,2624.8,2901.1,516.3,Rs/quintal,SYNTHETIC_DEMO
2024-03-16,Andhra Pradesh,Guntur,Guntur,Maize,2758.25,2620.34,2896.16,663.5,Rs/quintal,SYNTHETIC_DEMO
2024-03-17,Andhra Pradesh,Guntur,Guntur,Maize,2760.79,2622.75,2898.83,397.0,Rs/quintal,SYNTHETIC_DEMO
2024-03-18,Andhra Pradesh,Guntur,Guntur,Maize,2758.93,2620.98,2896.87,502.4,Rs/quintal,SYNTHETIC_DEMO
2024-03-19,Andhra Pradesh,Guntur,Guntur,Maize,2769.78,2631.29,2908.27,481.9,Rs/quintal,SYNTHETIC_DEMO
2024-03-20,Andhra Pradesh,Guntur,Guntur,Maize,2770.02,2631.52,2908.52,507.7,Rs/quintal,SYNTHETIC_DEMO
2024-03-21,Andhra Pradesh,Guntur,Guntur,Maize,2777.38,2638.51,2916.25,515.5,Rs/quintal,SYNTHETIC_DEMO
2024-03-22,Andhra Pradesh,Guntur,Guntur,Maize,2780.5,2641.48,2919.53,591.2,Rs/quintal,SYNTHETIC_DEMO
2024-03-23,Andhra Pradesh,Guntur,Guntur,Maize,2770.05,2631.55,2908.55,506.8,Rs/quintal,SYNTHETIC_DEMO
2024-03-24,Andhra Pradesh,Guntur,Guntur,Maize,2770.52,2632.0,2909.05,602.2,Rs/quintal,SYNTHETIC_DEMO
2024-03-25,Andhra Pradesh,Guntur,Guntur,Maize,2761.29,2623.22,2899.35,490.6,Rs/quintal,SYNTHETIC_DEMO
2024-03-26,Andhra Pradesh,Guntur,Guntur,Maize,2761.43,2623.36,2899.5,472.0,Rs/quintal,SYNTHETIC_DEMO
2024-03-27,Andhra Pradesh,Guntur,Guntur,Maize,2756.12,2618.32,2893.93,446.5,Rs/quintal,SYNTHETIC_DEMO
2024-03-28,Andhra Pradesh,Guntur,Guntur,Maize,2760.19,2622.18,2898.2,354.6,Rs/quintal,SYNTHETIC_DEMO
2024-03-29,Andhra Pradesh,Guntur,Guntur,Maize,2749.69,2612.2,2887.17,522.1,Rs/quintal,SYNTHETIC_DEMO
2024-03-30,Andhra Pradesh,Guntur,Guntur,Maize,2750.49,2612.96,2888.01,664.3,Rs/quintal,SYNTHETIC_DEMO
2024-03-31,Andhra Pradesh,Guntur,Guntur,Maize,2755.88,2618.09,2893.67,536.7,Rs/quintal,SYNTHETIC_DEMO
2024-04-01,Andhra Pradesh,Guntur,Guntur,Maize,2763.99,2625.79,2902.19,554.9,Rs/quintal,SYNTHETIC_DEMO
2024-04-02,Andhra Pradesh,Guntur,Guntur,Maize,2757.97,2620.07,2895.87,467.0,Rs/quintal,SYNTHETIC_DEMO
2024-04-03,Andhra Pradesh,Guntur,Guntur,Maize,2758.42,2620.5,2896.35,480.5,Rs/quintal,SYNTHETIC_DEMO
2024-04-04,Andhra Pradesh,Guntur,Guntur,Maize,2760.18,2622.17,2898.19,578.8,Rs/quintal,SYNTHETIC_DEMO
2024-04-05,Andhra Pradesh,Guntur,Guntur,Maize,2773.29,2634.63,2911.96,660.7,Rs/quintal,SYNTHETIC_DEMO
2024-04-06,Andhra Pradesh,Guntur,Guntur,Maize,2760.87,2622.83,2898.92,619.0,Rs/quintal,SYNTHETIC_DEMO
2024-04-07,Andhra Pradesh,Guntur,Guntur,Maize,2753.15,2615.49,2890.81,564.4,Rs/quintal,SYNTHETIC_DEMO
2024-04-08,Andhra Pradesh,Guntur,Guntur,Maize,2776.55,2637.72,2915.37,502.8,Rs/quintal,SYNTHETIC_DEMO
2024-04-09,Andhra Pradesh,Guntur,Guntur,Maize,2774.0,2635.3,2912.7,516.8,Rs/quintal,SYNTHETIC_DEMO
2024-04-10,Andhra Pradesh,Guntur,Guntur,Maize,2757.77,2619.88,2895.65,439.7,Rs/quintal,SYNTHETIC_DEMO
2024-04-11,Andhra Pradesh,Guntur,Guntur,Maize,2752.43,2614.81,2890.05,384.1,Rs/quintal,SYNTHETIC_DEMO
2024-04-12,Andhra Pradesh,Guntur,Guntur,Maize,2728.64,2592.21,2865.07,409.9,Rs/quintal,SYNTHETIC_DEMO
2024-04-13,Andhra Pradesh,Guntur,Guntur,Maize,2730.04,2593.54,2866.54,504.0,Rs/quintal,SYNTHETIC_DEMO
2024-04-14,Andhra Pradesh,Guntur,Guntur,Maize,2736.13,2599.32,2872.94,476.6,Rs/quintal,SYNTHETIC_DEMO
2024-04-15,Andhra Pradesh,Guntur,Guntur,Maize,2727.67,2591.28,2864.05,382.4,Rs/quintal,SYNTHETIC_DEMO
2024-04-16,Andhra Pradesh,Guntur,Guntur,Maize,2722.81,2586.67,2858.96,497.0,Rs/quintal,SYNTHETIC_DEMO
2024-04-17,Andhra Pradesh,Guntur,Guntur,Maize,2729.59,2593.11,2866.07,474.5,Rs/quintal,SYNTHETIC_DEMO
2024-04-18,Andhra Pradesh,Guntur,Guntur,Maize,2713.81,2578.12,2849.5,406.2,Rs/quintal,SYNTHETIC_DEMO
2024-04-19,Andhra Pradesh,Guntur,Guntur,Maize,2701.54,2566.46,2836.62,470.4,Rs/quintal,SYNTHETIC_DEMO
2024-04-20,Andhra Pradesh,Guntur,Guntur,Maize,2698.37,2563.45,2833.29,474.3,Rs/quintal,SYNTHETIC_DEMO
2024-04-21,Andhra Pradesh,Guntur,Guntur,Maize,2690.7,2556.17,2825.24,450.7,Rs/quintal,SYNTHETIC_DEMO
2024-04-22,Andhra Pradesh,Guntur,Guntur,Maize,2686.8,2552.46,2821.14,574.1,Rs/quintal,SYNTHETIC_DEMO
2024-04-23,Andhra Pradesh,Guntur,Guntur,Maize,2674.67,2540.94,2808.4,347.8,Rs/quintal,SYNTHETIC_DEMO
2024-04-24,Andhra Pradesh,Guntur,Guntur,Maize,2674.86,2541.12,2808.61,341.1,Rs/quintal,SYNTHETIC_DEMO
2024-04-25,Andhra Pradesh,Guntur,Guntur,Maize,2671.92,2538.32,2805.51,500.3,Rs/quintal,SYNTHETIC_DEMO
2024-04-26,Andhra Pradesh,Guntur,Guntur,Maize,2674.75,2541.01,2808.49,507.7,Rs/quintal,SYNTHETIC_DEMO
2024-04-27,Andhra Pradesh,Guntur,Guntur,Maize,2674.57,2540.84,2808.3,532.3,Rs/quintal,SYNTHETIC_DEMO
2024-04-28,Andhra Pradesh,Guntur,Guntur,Maize,2674.36,2540.64,2808.08,456.9,Rs/quintal,SYNTHETIC_DEMO
2024-04-29,Andhra Pradesh,Guntur,Guntur,Maize,2660.18,2527.17,2793.19,426.6,Rs/quintal,SYNTHETIC_DEMO
2024-04-30,Andhra Pradesh,Guntur,Guntur,Maize,2662.2,2529.09,2795.31,499.4,Rs/quintal,SYNTHETIC_DEMO
2024-05-01,Andhra Pradesh,Guntur,Guntur,Maize,2657.23,2524.37,2790.09,464.7,Rs/quintal,SYNTHETIC_DEMO
2024-05-02,Andhra Pradesh,Guntur,Guntur,Maize,2653.55,2520.87,2786.23,624.1,Rs/quintal,SYNTHETIC_DEMO
2024-05-03,Andhra Pradesh,Guntur,Guntur,Maize,2660.0,2527.0,2793.0,474.1,Rs/quintal,SYNTHETIC_DEMO
2024-05-04,Andhra Pradesh,Guntur,Guntur,Maize,2651.52,2518.94,2784.09,495.7,Rs/quintal,SYNTHETIC_DEMO
2024-05-05,Andhra Pradesh,Guntur,Guntur,Maize,2660.35,2527.33,2793.37,698.0,Rs/quintal,SYNTHETIC_DEMO
2024-05-06,Andhra Pradesh,Guntur,Guntur,Maize,2669.89,2536.39,2803.38,484.4,Rs/quintal,SYNTHETIC_DEMO
2024-05-07,Andhra Pradesh,Guntur,Guntur,Maize,2673.54,2539.86,2807.22,544.5,Rs/quintal,SYNTHETIC_DEMO
2024-05-08,Andhra Pradesh,Guntur,Guntur,Maize,2662.55,2529.43,2795.68,551.7,Rs/quintal,SYNTHETIC_DEMO
2024-05-09,Andhra Pradesh,Guntur,Guntur,Maize,2641.36,2509.3,2773.43,558.5,Rs/quintal,SYNTHETIC_DEMO
2024-05-10,Andhra Pradesh,Guntur,Guntur,Maize,2647.53,2515.15,2779.91,523.2,Rs/quintal,SYNTHETIC_DEMO
2024-05-11,Andhra Pradesh,Guntur,Guntur,Maize,2645.49,2513.22,2777.77,515.5,Rs/quintal,SYNTHETIC_DEMO
2024-05-12,Andhra Pradesh,Guntur,Guntur,Maize,2636.19,2504.38,2768.0,508.0,Rs/quintal,SYNTHETIC_DEMO
2024-05-13,Andhra Pradesh,Guntur,Guntur,Maize,2642.93,2510.79,2775.08,453.9,Rs/quintal,SYNTHETIC_DEMO
2024-05-14,Andhra Pradesh,Guntur,Guntur,Maize,2632.51,2500.89,2764.14,526.0,Rs/quintal,SYNTHETIC_DEMO
2024-05-15,Andhra Pradesh,Guntur,Guntur,Maize,2625.69,2494.41,2756.98,662.3,Rs/quintal,SYNTHETIC_DEMO
2024-05-16,Andhra Pradesh,Guntur,Guntur,Maize,2626.78,2495.44,2758.12,596.9,Rs/quintal,SYNTHETIC_DEMO
2024-05-17,Andhra Pradesh,Guntur,Guntur,Maize,2614.04,2483.33,2744.74,524.3,Rs/quintal,SYNTHETIC_DEMO
2024-05-18,Andhra Pradesh,Guntur,Guntur,Maize,2609.66,2479.18,2740.14,568.5,Rs/quintal,SYNTHETIC_DEMO
2024-05-19,Andhra Pradesh,Guntur,Guntur,Maize,2615.29,2484.53,2746.06,430.5,Rs/quintal,SYNTHETIC_DEMO
2024-05-20,Andhra Pradesh,Guntur,Guntur,Maize,2613.48,2482.81,2744.15,479.2,Rs/quintal,SYNTHETIC_DEMO
2024-05-21,Andhra Pradesh,Guntur,Guntur,Maize,2620.31,2489.3,2751.33,575.8,Rs/quintal,SYNTHETIC_DEMO
2024-05-22,Andhra Pradesh,Guntur,Guntur,Maize,2626.13,2494.82,2757.43,619.0,Rs/quintal,SYNTHETIC_DEMO
2024-05-23,Andhra Pradesh,Guntur,Guntur,Maize,2622.43,2491.3,2753.55,438.3,Rs/quintal,SYNTHETIC_DEMO
2024-05-24,Andhra Pradesh,Guntur,Guntur,Maize,2598.97,2469.02,2728.92,461.3,Rs/quintal,SYNTHETIC_DEMO
2024-05-25,Andhra Pradesh,Guntur,Guntur,Maize,2585.8,2456.51,2715.09,674.5,Rs/quintal,SYNTHETIC_DEMO
2024-05-26,Andhra Pradesh,Guntur,Guntur,Maize,2588.27,2458.86,2717.69,507.7,Rs/quintal,SYNTHETIC_DEMO
2024-05-27,Andhra Pradesh,Guntur,Guntur,Maize,2571.26,2442.69,2699.82,645.9,Rs/quintal,SYNTHETIC_DEMO
2024-05-28,Andhra Pradesh,Guntur,Guntur,Maize,2564.47,2436.24,2692.69,516.5,Rs/quintal,SYNTHETIC_DEMO
2024-05-29,Andhra Pradesh,Guntur,Guntur,Maize,2563.21,2435.05,2691.37,519.7,Rs/quintal,SYNTHETIC_DEMO
2024-05-30,Andhra Pradesh,Guntur,Guntur,Maize,2571.4,2442.83,2699.97,475.6,Rs/quintal,SYNTHETIC_DEMO
2024-05-31,Andhra Pradesh,Guntur,Guntur,Maize,2562.37,2434.25,2690.49,575.4,Rs/quintal,SYNTHETIC_DEMO
2024-06-01,Andhra Pradesh,Guntur,Guntur,Maize,2552.72,2425.08,2680.35,608.6,Rs/quintal,SYNTHETIC_DEMO
2024-06-02,Andhra Pradesh,Guntur,Guntur,Maize,2547.98,2420.58,2675.38,417.2,Rs/quintal,SYNTHETIC_DEMO
2024-06-03,Andhra Pradesh,Guntur,Guntur,Maize,2546.59,2419.26,2673.92,471.8,Rs/quintal,SYNTHETIC_DEMO
2024-06-04,Andhra Pradesh,Guntur,Guntur,Maize,2540.91,2413.86,2667.95,573.2,Rs/quintal,SYNTHETIC_DEMO
2024-06-05,Andhra Pradesh,Guntur,Guntur,Maize,2545.3,2418.03,2672.56,489.6,Rs/quintal,SYNTHETIC_DEMO
2024-06-06,Andhra Pradesh,Guntur,Guntur,Maize,2534.11,2407.41,2660.82,460.5,Rs/quintal,SYNTHETIC_DEMO
2024-06-07,Andhra Pradesh,Guntur,Guntur,Maize,2530.62,2404.08,2657.15,580.8,Rs/quintal,SYNTHETIC_DEMO
2024-06-08,Andhra Pradesh,Guntur,Guntur,Maize,2529.81,2403.32,2656.3,588.3,Rs/quintal,SYNTHETIC_DEMO
2024-06-09,Andhra Pradesh,Guntur,Guntur,Maize,2521.86,2395.77,2647.96,464.0,Rs/quintal,SYNTHETIC_DEMO
2024-06-10,Andhra Pradesh,Guntur,Guntur,Maize,2524.3,2398.08,2650.51,517.0,Rs/quintal,SYNTHETIC_DEMO
2024-06-11,Andhra Pradesh,Guntur,Guntur,Maize,2520.9,2394.85,2646.94,403.3,Rs/quintal,SYNTHETIC_DEMO
2024-06-12,Andhra Pradesh,Guntur,Guntur,Maize,2522.84,2396.7,2648.98,428.4,Rs/quintal,SYNTHETIC_DEMO
2024-06-13,Andhra Pradesh,Guntur,Guntur,Maize,2519.76,2393.77,2645.74,509.9,Rs/quintal,SYNTHETIC_DEMO
2024-06-14,Andhra Pradesh,Guntur,Guntur,Maize,2518.17,2392.27,2644.08,502.5,Rs/quintal,SYNTHETIC_DEMO
2024-06-15,Andhra Pradesh,Guntur,Guntur,Maize,2508.09,2382.69,2633.49,422.6,Rs/quintal,SYNTHETIC_DEMO
2024-06-16,Andhra Pradesh,Guntur,Guntur,Maize,2497.99,2373.09,2622.89,442.7,Rs/quintal,SYNTHETIC_DEMO
2024-06-17,Andhra Pradesh,Guntur,Guntur,Maize,2503.46,2378.28,2628.63,414.8,Rs/quintal,SYNTHETIC_DEMO
2024-06-18,Andhra Pradesh,Guntur,Guntur,Maize,2503.95,2378.75,2629.15,536.4,Rs/quintal,SYNTHETIC_DEMO
2024-06-19,Andhra Pradesh,Guntur,Guntur,Maize,2490.49,2365.96,2615.01,342.6,Rs/quintal,SYNTHETIC_DEMO
2024-06-20,Andhra Pradesh,Guntur,Guntur,Maize,2487.12,2362.76,2611.48,419.1,Rs/quintal,SYNTHETIC_DEMO
2024-06-21,Andhra Pradesh,Guntur,Guntur,Maize,2462.28,2339.16,2585.39,351.0,Rs/quintal,SYNTHETIC_DEMO
2024-06-22,Andhra Pradesh,Guntur,Guntur,Maize,2452.53,2329.91,2575.16,533.5,Rs/quintal,SYNTHETIC_DEMO
2024-06-23,Andhra Pradesh,Guntur,Guntur,Maize,2455.67,2332.88,2578.45,355.8,Rs/quintal,SYNTHETIC_DEMO
2024-06-24,Andhra Pradesh,Guntur,Guntur,Maize,2449.67,2327.18,2572.15,502.5,Rs/quintal,SYNTHETIC_DEMO
2024-06-25,Andhra Pradesh,Guntur,Guntur,Maize,2445.69,2323.41,2567.98,631.2,Rs/quintal,SYNTHETIC_DEMO
2024-06-26,Andhra Pradesh,Guntur,Guntur,Maize,2415.38,2294.61,2536.15,633.9,Rs/quintal,SYNTHETIC_DEMO
2024-06-27,Andhra Pradesh,Guntur,Guntur,Maize,2407.1,2286.75,2527.46,355.5,Rs/quintal,SYNTHETIC_DEMO
2024-06-28,Andhra Pradesh,Guntur,Guntur,Maize,2404.96,2284.71,2525.2,523.9,Rs/quintal,SYNTHETIC_DEMO
2024-06-29,Andhra Pradesh,Guntur,Guntur,Maize,2403.87,2283.68,2524.06,420.9,Rs/quintal,SYNTHETIC_DEMO
2024-06-30,Andhra Pradesh,Guntur,Guntur,Maize,2406.95,2286.61,2527.3,404.5,Rs/quintal,SYNTHETIC_DEMO
2024-07-01,Andhra Pradesh,Guntur,Guntur,Maize,2400.19,2280.18,2520.2,490.9,Rs/quintal,SYNTHETIC_DEMO
2024-07-02,Andhra Pradesh,Guntur,Guntur,Maize,2393.79,2274.1,2513.48,598.3,Rs/quintal,SYNTHETIC_DEMO
2024-07-03,Andhra Pradesh,Guntur,Guntur,Maize,2377.6,2258.72,2496.48,548.0,Rs/quintal,SYNTHETIC_DEMO
2024-07-04,Andhra Pradesh,Guntur,Guntur,Maize,2370.88,2252.34,2489.43,442.8,Rs/quintal,SYNTHETIC_DEMO
2024-07-05,Andhra Pradesh,Guntur,Guntur,Maize,2355.29,2237.53,2473.06,556.4,Rs/quintal,SYNTHETIC_DEMO
2024-07-06,Andhra Pradesh,Guntur,Guntur,Maize,2334.78,2218.04,2451.52,320.5,Rs/quintal,SYNTHETIC_DEMO
2024-07-07,Andhra Pradesh,Guntur,Guntur,Maize,2320.68,2204.65,2436.72,439.8,Rs/quintal,SYNTHETIC_DEMO
2024-07-08,Andhra Pradesh,Guntur,Guntur,Maize,2328.38,2211.96,2444.8,434.1,Rs/quintal,SYNTHETIC_DEMO
2024-07-09,Andhra Pradesh,Guntur,Guntur,Maize,2321.15,2205.09,2437.2,506.3,Rs/quintal,SYNTHETIC_DEMO
2024-07-10,Andhra Pradesh,Guntur,Guntur,Maize,2318.04,2202.14,2433.94,483.8,Rs/quintal,SYNTHETIC_DEMO
2024-07-11,Andhra Pradesh,Guntur,Guntur,Maize,2308.79,2193.35,2424.23,488.7,Rs/quintal,SYNTHETIC_DEMO
2024-07-12,Andhra Pradesh,Guntur,Guntur,Maize,2288.83,2174.39,2403.27,486.0,Rs/quintal,SYNTHETIC_DEMO
2024-07-13,Andhra Pradesh,Guntur,Guntur,Maize,2291.79,2177.2,2406.37,501.8,Rs/quintal,SYNTHETIC_DEMO
2024-07-14,Andhra Pradesh,Guntur,Guntur,Maize,2268.65,2155.22,2382.08,543.2,Rs/quintal,SYNTHETIC_DEMO
2024-07-15,Andhra Pradesh,Guntur,Guntur,Maize,2259.12,2146.17,2372.08,511.9,Rs/quintal,SYNTHETIC_DEMO
2024-07-16,Andhra Pradesh,Guntur,Guntur,Maize,2253.82,2141.13,2366.51,477.3,Rs/quintal,SYNTHETIC_DEMO
2024-07-17,Andhra Pradesh,Guntur,Guntur,Maize,2250.93,2138.39,2363.48,532.1,Rs/quintal,SYNTHETIC_DEMO
2024-07-18,Andhra Pradesh,Guntur,Guntur,Maize,2240.03,2128.03,2352.03,566.1,Rs/quintal,SYNTHETIC_DEMO
2024-07-19,Andhra Pradesh,Guntur,Guntur,Maize,2219.82,2108.83,2330.81,455.5,Rs/quintal,SYNTHETIC_DEMO
2024-07-20,Andhra Pradesh,Guntur,Guntur,Maize,2208.35,2097.93,2318.77,495.2,Rs/quintal,SYNTHETIC_DEMO
2024-07-21,Andhra Pradesh,Guntur,Guntur,Maize,2197.34,2087.48,2307.21,593.0,Rs/quintal,SYNTHETIC_DEMO
2024-07-22,Andhra Pradesh,Guntur,Guntur,Maize,2186.17,2076.86,2295.47,411.8,Rs/quintal,SYNTHETIC_DEMO
2024-07-23,Andhra Pradesh,Guntur,Guntur,Maize,2189.66,2080.18,2299.15,644.4,Rs/quintal,SYNTHETIC_DEMO
2024-07-24,Andhra Pradesh,Guntur,Guntur,Maize,2174.85,2066.11,2283.59,392.9,Rs/quintal,SYNTHETIC_DEMO
2024-07-25,Andhra Pradesh,Guntur,Guntur,Maize,2172.8,2064.16,2281.44,472.4,Rs/quintal,SYNTHETIC_DEMO
2024-07-26,Andhra Pradesh,Guntur,Guntur,Maize,2169.58,2061.1,2278.06,424.0,Rs/quintal,SYNTHETIC_DEMO
2024-07-27,Andhra Pradesh,Guntur,Guntur,Maize,2173.14,2064.48,2281.8,675.0,Rs/quintal,SYNTHETIC_DEMO
2024-07-28,Andhra Pradesh,Guntur,Guntur,Maize,2167.55,2059.17,2275.93,459.7,Rs/quintal,SYNTHETIC_DEMO
2024-07-29,Andhra Pradesh,Guntur,Guntur,Maize,2169.77,2061.28,2278.26,459.9,Rs/quintal,SYNTHETIC_DEMO
2024-07-30,Andhra Pradesh,Guntur,Guntur,Maize,2163.94,2055.74,2272.14,470.3,Rs/quintal,SYNTHETIC_DEMO
2024-07-31,Andhra Pradesh,Guntur,Guntur,Maize,2163.25,2055.09,2271.41,507.6,Rs/quintal,SYNTHETIC_DEMO
2024-08-01,Andhra Pradesh,Guntur,Guntur,Maize,2146.33,2039.01,2253.64,473.7,Rs/quintal,SYNTHETIC_DEMO
2024-08-02,Andhra Pradesh,Guntur,Guntur,Maize,2119.92,2013.92,2225.91,489.4,Rs/quintal,SYNTHETIC_DEMO
2024-08-03,Andhra Pradesh,Guntur,Guntur,Maize,2118.89,2012.94,2224.83,217.7,Rs/quintal,SYNTHETIC_DEMO
2024-08-04,Andhra Pradesh,Guntur,Guntur,Maize,2118.36,2012.44,2224.28,504.6,Rs/quintal,SYNTHETIC_DEMO
2024-08-05,Andhra Pradesh,Guntur,Guntur,Maize,2118.25,2012.34,2224.17,501.4,Rs/quintal,SYNTHETIC_DEMO
2024-08-06,Andhra Pradesh,Guntur,Guntur,Maize,2109.8,2004.31,2215.29,583.1,Rs/quintal,SYNTHETIC_DEMO
2024-08-07,Andhra Pradesh,Guntur,Guntur,Maize,2118.32,2012.4,2224.23,604.7,Rs/quintal,SYNTHETIC_DEMO
2024-08-08,Andhra Pradesh,Guntur,Guntur,Maize,2110.51,2004.99,2216.04,485.0,Rs/quintal,SYNTHETIC_DEMO
2024-08-09,Andhra Pradesh,Guntur,Guntur,Maize,2110.17,2004.66,2215.68,565.3,Rs/quintal,SYNTHETIC_DEMO
2024-08-10,Andhra Pradesh,Guntur,Guntur,Maize,2111.34,2005.77,2216.9,411.9,Rs/quintal,SYNTHETIC_DEMO
2024-08-11,Andhra Pradesh,Guntur,Guntur,Maize,2122.01,2015.91,2228.11,561.4,Rs/quintal,SYNTHETIC_DEMO
2024-08-12,Andhra Pradesh,Guntur,Guntur,Maize,2115.64,2009.85,2221.42,454.2,Rs/quintal,SYNTHETIC_DEMO
2024-08-13,Andhra Pradesh,Guntur,Guntur,Maize,2106.5,2001.18,2211.83,405.2,Rs/quintal,SYNTHETIC_DEMO
2024-08-14,Andhra Pradesh,Guntur,Guntur,Maize,2090.34,1985.82,2194.85,485.2,Rs/quintal,SYNTHETIC_DEMO
2024-08-15,Andhra Pradesh,Guntur,Guntur,Maize,2099.86,1994.86,2204.85,612.0,Rs/quintal,SYNTHETIC_DEMO
2024-08-16,Andhra Pradesh,Guntur,Guntur,Maize,2099.94,1994.94,2204.94,514.5,Rs/quintal,SYNTHETIC_DEMO
2024-08-17,Andhra Pradesh,Guntur,Guntur,Maize,2100.36,1995.34,2205.37,619.7,Rs/quintal,SYNTHETIC_DEMO
2024-08-18,Andhra Pradesh,Guntur,Guntur,Maize,2123.21,2017.05,2229.38,440.1,Rs/quintal,SYNTHETIC_DEMO
2024-08-19,Andhra Pradesh,Guntur,Guntur,Maize,2122.69,2016.56,2228.83,583.8,Rs/quintal,SYNTHETIC_DEMO
2024-08-20,Andhra Pradesh,Guntur,Guntur,Maize,2108.57,2003.14,2213.99,447.8,Rs/quintal,SYNTHETIC_DEMO
2024-08-21,Andhra Pradesh,Guntur,Guntur,Maize,2103.81,1998.62,2209.0,518.0,Rs/quintal,SYNTHETIC_DEMO
2024-08-22,Andhra Pradesh,Guntur,Guntur,Maize,2092.57,1987.95,2197.2,517.3,Rs/quintal,SYNTHETIC_DEMO
2024-08-23,Andhra Pradesh,Guntur,Guntur,Maize,2086.28,1981.96,2190.59,552.9,Rs/quintal,SYNTHETIC_DEMO
2024-08-24,Andhra Pradesh,Guntur,Guntur,Maize,2080.0,1976.0,2184.0,520.1,Rs/quintal,SYNTHETIC_DEMO
2024-08-25,Andhra Pradesh,Guntur,Guntur,Maize,2072.24,1968.63,2175.86,440.9,Rs/quintal,SYNTHETIC_DEMO
2024-08-26,Andhra Pradesh,Guntur,Guntur,Maize,2057.79,1954.9,2160.68,570.4,Rs/quintal,SYNTHETIC_DEMO
2024-08-27,Andhra Pradesh,Guntur,Guntur,Maize,2068.5,1965.07,2171.92,638.5,Rs/quintal,SYNTHETIC_DEMO
2024-08-28,Andhra Pradesh,Guntur,Guntur,Maize,2068.41,1964.99,2171.83,453.3,Rs/quintal,SYNTHETIC_DEMO
2024-08-29,Andhra Pradesh,Guntur,Guntur,Maize,2064.0,1960.8,2167.2,353.2,Rs/quintal,SYNTHETIC_DEMO
2024-08-30,Andhra Pradesh,Guntur,Guntur,Maize,2067.93,1964.53,2171.32,539.9,Rs/quintal,SYNTHETIC_DEMO
2024-08-31,Andhra Pradesh,Guntur,Guntur,Maize,2069.53,1966.05,2173.0,473.5,Rs/quintal,SYNTHETIC_DEMO
2024-09-01,Andhra Pradesh,Guntur,Guntur,Maize,2069.56,1966.09,2173.04,489.5,Rs/quintal,SYNTHETIC_DEMO
2024-09-02,Andhra Pradesh,Guntur,Guntur,Maize,2073.12,1969.47,2176.78,544.5,Rs/quintal,SYNTHETIC_DEMO
2024-09-03,Andhra Pradesh,Guntur,Guntur,Maize,2072.13,1968.53,2175.74,463.5,Rs/quintal,SYNTHETIC_DEMO
2024-09-04,Andhra Pradesh,Guntur,Guntur,Maize,2075.73,1971.94,2179.52,478.5,Rs/quintal,SYNTHETIC_DEMO
2024-09-05,Andhra Pradesh,Guntur,Guntur,Maize,2080.11,1976.1,2184.11,492.0,Rs/quintal,SYNTHETIC_DEMO
2024-09-06,Andhra Pradesh,Guntur,Guntur,Maize,2079.61,1975.63,2183.59,617.6,Rs/quintal,SYNTHETIC_DEMO
2024-09-07,Andhra Pradesh,Guntur,Guntur,Maize,2075.98,1972.18,2179.78,502.4,Rs/quintal,SYNTHETIC_DEMO
2024-09-08,Andhra Pradesh,Guntur,Guntur,Maize,2087.15,1982.79,2191.5,401.1,Rs/quintal,SYNTHETIC_DEMO
2024-09-09,Andhra Pradesh,Guntur,Guntur,Maize,2081.52,1977.45,2185.6,404.3,Rs/quintal,SYNTHETIC_DEMO
2024-09-10,Andhra Pradesh,Guntur,Guntur,Maize,2083.29,1979.13,2187.46,511.1,Rs/quintal,SYNTHETIC_DEMO
2024-09-11,Andhra Pradesh,Guntur,Guntur,Maize,2085.34,1981.07,2189.6,409.6,Rs/quintal,SYNTHETIC_DEMO
2024-09-12,Andhra Pradesh,Guntur,Guntur,Maize,2078.87,1974.93,2182.82,375.0,Rs/quintal,SYNTHETIC_DEMO
2024-09-13,Andhra Pradesh,Guntur,Guntur,Maize,2070.83,1967.29,2174.37,550.8,Rs/quintal,SYNTHETIC_DEMO
2024-09-14,Andhra Pradesh,Guntur,Guntur,Maize,2066.69,1963.36,2170.03,554.8,Rs/quintal,SYNTHETIC_DEMO
2024-09-15,Andhra Pradesh,Guntur,Guntur,Maize,2061.48,1958.41,2164.55,470.5,Rs/quintal,SYNTHETIC_DEMO
2024-09-16,Andhra Pradesh,Guntur,Guntur,Maize,2048.24,1945.83,2150.66,523.5,Rs/quintal,SYNTHETIC_DEMO
2024-09-17,Andhra Pradesh,Guntur,Guntur,Maize,2041.88,1939.78,2143.97,515.0,Rs/quintal,SYNTHETIC_DEMO
2024-09-18,Andhra Pradesh,Guntur,Guntur,Maize,2043.31,1941.14,2145.47,548.2,Rs/quintal,SYNTHETIC_DEMO
2024-09-19,Andhra Pradesh,Guntur,Guntur,Maize,2053.22,1950.56,2155.89,548.4,Rs/quintal,SYNTHETIC_DEMO
2024-09-20,Andhra Pradesh,Guntur,Guntur,Maize,2057.26,1954.39,2160.12,291.5,Rs/quintal,SYNTHETIC_DEMO
2024-09-21,Andhra Pradesh,Guntur,Guntur,Maize,2034.89,1933.15,2136.63,480.8,Rs/quintal,SYNTHETIC_DEMO
2024-09-22,Andhra Pradesh,Guntur,Guntur,Maize,2039.84,1937.85,2141.83,541.4,Rs/quintal,SYNTHETIC_DEMO
2024-09-23,Andhra Pradesh,Guntur,Guntur,Maize,2034.8,1933.06,2136.54,467.2,Rs/quintal,SYNTHETIC_DEMO
2024-09-24,Andhra Pradesh,Guntur,Guntur,Maize,2038.35,1936.43,2140.27,502.9,Rs/quintal,SYNTHETIC_DEMO
2024-09-25,Andhra Pradesh,Guntur,Guntur,Maize,2038.07,1936.17,2139.97,560.1,Rs/quintal,SYNTHETIC_DEMO
2024-09-26,Andhra Pradesh,Guntur,Guntur,Maize,2036.38,1934.56,2138.2,506.5,Rs/quintal,SYNTHETIC_DEMO
2024-09-27,Andhra Pradesh,Guntur,Guntur,Maize,2035.55,1933.77,2137.33,620.6,Rs/quintal,SYNTHETIC_DEMO
2024-09-28,Andhra Pradesh,Guntur,Guntur,Maize,2035.48,1933.7,2137.25,590.2,Rs/quintal,SYNTHETIC_DEMO
2024-09-29,Andhra Pradesh,Guntur,Guntur,Maize,2046.98,1944.63,2149.33,490.5,Rs/quintal,SYNTHETIC_DEMO
2024-09-30,Andhra Pradesh,Guntur,Guntur,Maize,2047.12,1944.76,2149.47,484.2,Rs/quintal,SYNTHETIC_DEMO
2024-10-01,Andhra Pradesh,Guntur,Guntur,Maize,2056.63,1953.8,2159.46,272.0,Rs/quintal,SYNTHETIC_DEMO
2024-10-02,Andhra Pradesh,Guntur,Guntur,Maize,2065.02,1961.77,2168.27,473.9,Rs/quintal,SYNTHETIC_DEMO
2024-10-03,Andhra Pradesh,Guntur,Guntur,Maize,2071.2,1967.64,2174.76,391.7,Rs/quintal,SYNTHETIC_DEMO
2024-10-04,Andhra Pradesh,Guntur,Guntur,Maize,2056.87,1954.03,2159.72,517.7,Rs/quintal,SYNTHETIC_DEMO
2024-10-05,Andhra Pradesh,Guntur,Guntur,Maize,2067.02,1963.67,2170.37,512.2,Rs/quintal,SYNTHETIC_DEMO
2024-10-06,Andhra Pradesh,Guntur,Guntur,Maize,2064.04,1960.84,2167.24,555.7,Rs/quintal,SYNTHETIC_DEMO
2024-10-07,Andhra Pradesh,Guntur,Guntur,Maize,2071.01,1967.46,2174.56,611.7,Rs/quintal,SYNTHETIC_DEMO
2024-10-08,Andhra Pradesh,Guntur,Guntur,Maize,2063.89,1960.69,2167.08,497.9,Rs/quintal,SYNTHETIC_DEMO
2024-10-09,Andhra Pradesh,Guntur,Guntur,Maize,2055.07,1952.32,2157.83,682.4,Rs/quintal,SYNTHETIC_DEMO
2024-10-10,Andhra Pradesh,Guntur,Guntur,Maize,2072.91,1969.26,2176.55,518.6,Rs/quintal,SYNTHETIC_DEMO
2024-10-11,Andhra Pradesh,Guntur,Guntur,Maize,2066.2,1962.89,2169.51,395.2,Rs/quintal,SYNTHETIC_DEMO
2024-10-12,Andhra Pradesh,Guntur,Guntur,Maize,2077.24,1973.38,2181.1,455.0,Rs/quintal,SYNTHETIC_DEMO
2024-10-13,Andhra Pradesh,Guntur,Guntur,Maize,2079.74,1975.76,2183.73,470.2,Rs/quintal,SYNTHETIC_DEMO
2024-10-14,Andhra Pradesh,Guntur,Guntur,Maize,2077.82,1973.93,2181.71,547.4,Rs/quintal,SYNTHETIC_DEMO
2024-10-15,Andhra Pradesh,Guntur,Guntur,Maize,2079.13,1975.17,2183.09,424.2,Rs/quintal,SYNTHETIC_DEMO
2024-10-16,Andhra Pradesh,Guntur,Guntur,Maize,2069.98,1966.49,2173.48,476.2,Rs/quintal,SYNTHETIC_DEMO
2024-10-17,Andhra Pradesh,Guntur,Guntur,Maize,2071.74,1968.15,2175.33,487.1,Rs/quintal,SYNTHETIC_DEMO
2024-10-18,Andhra Pradesh,Guntur,Guntur,Maize,2064.61,1961.38,2167.84,464.2,Rs/quintal,SYNTHETIC_DEMO
2024-10-19,Andhra Pradesh,Guntur,Guntur,Maize,2063.34,1960.17,2166.5,564.9,Rs/quintal,SYNTHETIC_DEMO
2024-10-20,Andhra Pradesh,Guntur,Guntur,Maize,2073.25,1969.59,2176.91,551.3,Rs/quintal,SYNTHETIC_DEMO
2024-10-21,Andhra Pradesh,Guntur,Guntur,Maize,2077.61,1973.73,2181.49,593.3,Rs/quintal,SYNTHETIC_DEMO
2024-10-22,Andhra Pradesh,Guntur,Guntur,Maize,2067.48,1964.1,2170.85,473.5,Rs/quintal,SYNTHETIC_DEMO
2024-10-23,Andhra Pradesh,Guntur,Guntur,Maize,2077.03,1973.18,2180.89,596.2,Rs/quintal,SYNTHETIC_DEMO
2024-10-24,Andhra Pradesh,Guntur,Guntur,Maize,2079.46,1975.49,2183.44,390.9,Rs/quintal,SYNTHETIC_DEMO
2024-10-25,Andhra Pradesh,Guntur,Guntur,Maize,2077.49,1973.61,2181.36,388.9,Rs/quintal,SYNTHETIC_DEMO
2024-10-26,Andhra Pradesh,Guntur,Guntur,Maize,2086.42,1982.1,2190.74,402.9,Rs/quintal,SYNTHETIC_DEMO
2024-10-27,Andhra Pradesh,Guntur,Guntur,Maize,2087.76,1983.37,2192.15,500.7,Rs/quintal,SYNTHETIC_DEMO
2024-10-28,Andhra Pradesh,Guntur,Guntur,Maize,2080.8,1976.76,2184.84,596.2,Rs/quintal,SYNTHETIC_DEMO
2024-10-29,Andhra Pradesh,Guntur,Guntur,Maize,2099.23,1994.27,2204.19,451.8,Rs/quintal,SYNTHETIC_DEMO
2024-10-30,Andhra Pradesh,Guntur,Guntur,Maize,2102.08,1996.98,2207.19,461.9,Rs/quintal,SYNTHETIC_DEMO
2024-10-31,Andhra Pradesh,Guntur,Guntur,Maize,2104.48,1999.25,2209.7,482.7,Rs/quintal,SYNTHETIC_DEMO
2024-11-01,Andhra Pradesh,Guntur,Guntur,Maize,2104.23,1999.02,2209.44,545.8,Rs/quintal,SYNTHETIC_DEMO
2024-11-02,Andhra Pradesh,Guntur,Guntur,Maize,2117.38,2011.51,2223.25,461.8,Rs/quintal,SYNTHETIC_DEMO
2024-11-03,Andhra Pradesh,Guntur,Guntur,Maize,2116.29,2010.48,2222.1,457.3,Rs/quintal,SYNTHETIC_DEMO
2024-11-04,Andhra Pradesh,Guntur,Guntur,Maize,2106.71,2001.37,2212.04,392.4,Rs/quintal,SYNTHETIC_DEMO
2024-11-05,Andhra Pradesh,Guntur,Guntur,Maize,2104.48,1999.26,2209.7,454.3,Rs/quintal,SYNTHETIC_DEMO
2024-11-06,Andhra Pradesh,Guntur,Guntur,Maize,2119.18,2013.22,2225.13,594.2,Rs/quintal,SYNTHETIC_DEMO
2024-11-07,Andhra Pradesh,Guntur,Guntur,Maize,2129.79,2023.3,2236.28,507.3,Rs/quintal,SYNTHETIC_DEMO
2024-11-08,Andhra Pradesh,Guntur,Guntur,Maize,2131.35,2024.78,2237.92,440.8,Rs/quintal,SYNTHETIC_DEMO
2024-11-09,Andhra Pradesh,Guntur,Guntur,Maize,2146.66,2039.33,2253.99,598.9,Rs/quintal,SYNTHETIC_DEMO
2024-11-10,Andhra Pradesh,Guntur,Guntur,Maize,2156.79,2048.95,2264.63,453.2,Rs/quintal,SYNTHETIC_DEMO
2024-11-11,Andhra Pradesh,Guntur,Guntur,Maize,2158.47,2050.55,2266.39,613.6,Rs/quintal,SYNTHETIC_DEMO
2024-11-12,Andhra Pradesh,Guntur,Guntur,Maize,2161.07,2053.01,2269.12,612.3,Rs/quintal,SYNTHETIC_DEMO
2024-11-13,Andhra Pradesh,Guntur,Guntur,Maize,2167.89,2059.5,2276.29,504.5,Rs/quintal,SYNTHETIC_DEMO
2024-11-14,Andhra Pradesh,Guntur,Guntur,Maize,2165.03,2056.78,2273.29,380.1,Rs/quintal,SYNTHETIC_DEMO
2024-11-15,Andhra Pradesh,Guntur,Guntur,Maize,2169.27,2060.8,2277.73,683.2,Rs/quintal,SYNTHETIC_DEMO
2024-11-16,Andhra Pradesh,Guntur,Guntur,Maize,2176.12,2067.32,2284.93,531.0,Rs/quintal,SYNTHETIC_DEMO
2024-11-17,Andhra Pradesh,Guntur,Guntur,Maize,2166.28,2057.97,2274.59,474.1,Rs/quintal,SYNTHETIC_DEMO
2024-11-18,Andhra Pradesh,Guntur,Guntur,Maize,2169.08,2060.63,2277.53,576.5,Rs/quintal,SYNTHETIC_DEMO
2024-11-19,Andhra Pradesh,Guntur,Guntur,Maize,2170.99,2062.44,2279.54,556.2,Rs/quintal,SYNTHETIC_DEMO
2024-11-20,Andhra Pradesh,Guntur,Guntur,Maize,2184.14,2074.94,2293.35,604.9,Rs/quintal,SYNTHETIC_DEMO
2024-11-21,Andhra Pradesh,Guntur,Guntur,Maize,2173.23,2064.56,2281.89,447.0,Rs/quintal,SYNTHETIC_DEMO
2024-11-22,Andhra Pradesh,Guntur,Guntur,Maize,2174.66,2065.92,2283.39,525.5,Rs/quintal,SYNTHETIC_DEMO
2024-11-23,Andhra Pradesh,Guntur,Guntur,Maize,2175.31,2066.54,2284.07,405.1,Rs/quintal,SYNTHETIC_DEMO
2024-11-24,Andhra Pradesh,Guntur,Guntur,Maize,2188.12,2078.72,2297.53,553.3,Rs/quintal,SYNTHETIC_DEMO
2024-11-25,Andhra Pradesh,Guntur,Guntur,Maize,2192.56,2082.93,2302.19,498.2,Rs/quintal,SYNTHETIC_DEMO
2024-11-26,Andhra Pradesh,Guntur,Guntur,Maize,2212.51,2101.89,2323.14,522.5,Rs/quintal,SYNTHETIC_DEMO
2024-11-27,Andhra Pradesh,Guntur,Guntur,Maize,2222.99,2111.84,2334.14,488.3,Rs/quintal,SYNTHETIC_DEMO
2024-11-28,Andhra Pradesh,Guntur,Guntur,Maize,2224.51,2113.28,2335.73,479.9,Rs/quintal,SYNTHETIC_DEMO
2024-11-29,Andhra Pradesh,Guntur,Guntur,Maize,2231.54,2119.96,2343.11,430.5,Rs/quintal,SYNTHETIC_DEMO
2024-11-30,Andhra Pradesh,Guntur,Guntur,Maize,2233.63,2121.94,2345.31,563.2,Rs/quintal,SYNTHETIC_DEMO
2024-12-01,Andhra Pradesh,Guntur,Guntur,Maize,2245.96,2133.66,2358.25,619.2,Rs/quintal,SYNTHETIC_DEMO
2024-12-02,Andhra Pradesh,Guntur,Guntur,Maize,2239.92,2127.93,2351.92,455.5,Rs/quintal,SYNTHETIC_DEMO
2024-12-03,Andhra Pradesh,Guntur,Guntur,Maize,2238.21,2126.3,2350.12,544.3,Rs/quintal,SYNTHETIC_DEMO
2024-12-04,Andhra Pradesh,Guntur,Guntur,Maize,2247.28,2134.92,2359.65,534.6,Rs/quintal,SYNTHETIC_DEMO
2024-12-05,Andhra Pradesh,Guntur,Guntur,Maize,2262.87,2149.72,2376.01,500.6,Rs/quintal,SYNTHETIC_DEMO
2024-12-06,Andhra Pradesh,Guntur,Guntur,Maize,2249.7,2137.21,2362.18,377.9,Rs/quintal,SYNTHETIC_DEMO
2024-12-07,Andhra Pradesh,Guntur,Guntur,Maize,2266.61,2153.28,2379.94,395.9,Rs/quintal,SYNTHETIC_DEMO
2024-12-08,Andhra Pradesh,Guntur,Guntur,Maize,2270.84,2157.3,2384.38,437.5,Rs/quintal,SYNTHETIC_DEMO
2024-12-09,Andhra Pradesh,Guntur,Guntur,Maize,2260.45,2147.43,2373.48,328.9,Rs/quintal,SYNTHETIC_DEMO
2024-12-10,Andhra Pradesh,Guntur,Guntur,Maize,2240.72,2128.68,2352.75,612.6,Rs/quintal,SYNTHETIC_DEMO
2024-12-11,Andhra Pradesh,Guntur,Guntur,Maize,2233.38,2121.71,2345.05,529.4,Rs/quintal,SYNTHETIC_DEMO
2024-12-12,Andhra Pradesh,Guntur,Guntur,Maize,2238.75,2126.81,2350.69,497.6,Rs/quintal,SYNTHETIC_DEMO
2024-12-13,Andhra Pradesh,Guntur,Guntur,Maize,2243.77,2131.58,2355.96,324.8,Rs/quintal,SYNTHETIC_DEMO
2024-12-14,Andhra Pradesh,Guntur,Guntur,Maize,2254.68,2141.95,2367.42,354.1,Rs/quintal,SYNTHETIC_DEMO
2024-12-15,Andhra Pradesh,Guntur,Guntur,Maize,2255.69,2142.91,2368.48,499.8,Rs/quintal,SYNTHETIC_DEMO
2024-12-16,Andhra Pradesh,Guntur,Guntur,Maize,2252.04,2139.44,2364.64,657.6,Rs/quintal,SYNTHETIC_DEMO
2024-12-17,Andhra Pradesh,Guntur,Guntur,Maize,2254.24,2141.53,2366.95,444.1,Rs/quintal,SYNTHETIC_DEMO
2024-12-18,Andhra Pradesh,Guntur,Guntur,Maize,2260.22,2147.21,2373.23,569.1,Rs/quintal,SYNTHETIC_DEMO
2024-12-19,Andhra Pradesh,Guntur,Guntur,Maize,2267.88,2154.48,2381.27,461.6,Rs/quintal,SYNTHETIC_DEMO
2024-12-20,Andhra Pradesh,Guntur,Guntur,Maize,2266.98,2153.63,2380.33,504.4,Rs/quintal,SYNTHETIC_DEMO
2024-12-21,Andhra Pradesh,Guntur,Guntur,Maize,2280.31,2166.29,2394.33,597.2,Rs/quintal,SYNTHETIC_DEMO
2024-12-22,Andhra Pradesh,Guntur,Guntur,Maize,2280.86,2166.82,2394.9,472.3,Rs/quintal,SYNTHETIC_DEMO
2024-12-23,Andhra Pradesh,Guntur,Guntur,Maize,2279.34,2165.37,2393.31,444.8,Rs/quintal,SYNTHETIC_DEMO
2024-12-24,Andhra Pradesh,Guntur,Guntur,Maize,2280.58,2166.55,2394.61,613.4,Rs/quintal,SYNTHETIC_DEMO
2024-12-25,Andhra Pradesh,Guntur,Guntur,Maize,2295.42,2180.65,2410.19,503.6,Rs/quintal,SYNTHETIC_DEMO
2024-12-26,Andhra Pradesh,Guntur,Guntur,Maize,2300.12,2185.11,2415.13,587.3,Rs/quintal,SYNTHETIC_DEMO
2024-12-27,Andhra Pradesh,Guntur,Guntur,Maize,2300.11,2185.11,2415.12,445.2,Rs/quintal,SYNTHETIC_DEMO
2024-12-28,Andhra Pradesh,Guntur,Guntur,Maize,2313.72,2198.04,2429.41,612.5,Rs/quintal,SYNTHETIC_DEMO
2024-12-29,Andhra Pradesh,Guntur,Guntur,Maize,2337.56,2220.68,2454.44,521.9,Rs/quintal,SYNTHETIC_DEMO
2024-12-30,Andhra Pradesh,Guntur,Guntur,Maize,2345.16,2227.9,2462.42,534.8,Rs/quintal,SYNTHETIC_DEMO
2024-12-31,Andhra Pradesh,Guntur,Guntur,Maize,2361.37,2243.3,2479.44,510.5,Rs/quintal,SYNTHETIC_DEMO
